home_store_id,cust_no,keyt,Bad Customer,ASSIGNED_STORE_ID,TIMEZONE_CD,legal_form_cd,cust_relation,auth_person_id,CUST_ASSORT_SECTION_ID,BRANCH_MAIN_GROUP_ID,BRANCH_FAMILY_ID,BRANCH_ID,margin,ONEMONTHVISIT,THREEMONTHVISIT,SIXMONTHVISIT,TWELVEMONTHVISIT,ONEMONTHINVCOUNT,THREEMONTHINVCOUNT,SIXMONTHINVCOUNT,TWELVEMONTHINVCOUNT,ONEMONTHSALES,THREEMONTHSALES,SIXMONTHSALES,TWELVEMONTHSALES,BF_SIXMONTHSALES,OWN_STORE_SALES,FOREIGN_STORE_SALES,turnover_dede_11,turnover_dede_12,turnover_dede_111,turnover_dede_112,turnover_dede_113,turnover_dede_114,turnover_dede_115,turnover_dede_116,turnover_dede_117,turnover_dede_118,turnover_dede_119,turnover_dede_151,turnover_dede_152,turnover_dede_153,turnover_dede_154,turnover_dede_155,turnover_dede_156,turnover_dede_157,turnover_dede_160,turnover_dede_175,turnover_dede_176,turnover_dede_177,turnover_dede_353,turnover_dede_357,turnover_dede_401,turnover_dede_402,turnover_dede_403,turnover_dede_404,turnover_dede_405,turnover_dede_406,turnover_dede_421,turnover_dede_422,turnover_dede_423,turnover_dede_424,turnover_dede_425,turnover_dede_426,turnover_dede_427,turnover_dede_428,turnover_dede_441,turnover_dede_442,turnover_dede_443,turnover_dede_444,turnover_dede_445,turnover_dede_446,turnover_dede_447,turnover_dede_448,turnover_dede_449,turnover_dede_461,turnover_dede_462,turnover_dede_463,turnover_dede_464,turnover_dede_465,turnover_dede_481,turnover_dede_482,turnover_dede_483,turnover_dede_484,turnover_dede_485,turnover_dede_486,turnover_dede_487,turnover_dede_488,percentage_dede_11,percentage_dede_12,percentage_dede_111,percentage_dede_112,percentage_dede_113,percentage_dede_114,percentage_dede_115,percentage_dede_116,percentage_dede_117,percentage_dede_118,percentage_dede_119,percentage_dede_151,percentage_dede_152,percentage_dede_153,percentage_dede_154,percentage_dede_155,percentage_dede_156,percentage_dede_157,percentage_dede_160,percentage_dede_175,percentage_dede_176,percentage_dede_177,percentage_dede_353,percentage_dede_357,percentage_dede_401,percentage_dede_402,percentage_dede_403,percentage_dede_404,percentage_dede_405,percentage_dede_406,percentage_dede_421,percentage_dede_422,percentage_dede_423,percentage_dede_424,percentage_dede_425,percentage_dede_426,percentage_dede_427,percentage_dede_428,percentage_dede_441,percentage_dede_442,percentage_dede_443,percentage_dede_444,percentage_dede_445,percentage_dede_446,percentage_dede_447,percentage_dede_448,percentage_dede_449,percentage_dede_461,percentage_dede_462,percentage_dede_463,percentage_dede_464,percentage_dede_465,percentage_dede_481,percentage_dede_482,percentage_dede_483,percentage_dede_484,percentage_dede_485,percentage_dede_486,percentage_dede_487,percentage_dede_488,perc_food,perc_nonfood,turnover_food,turnover_nonfood,total_turnover,home_store_id_binned,home_store_id_fine_binned,cust_no_binned,cust_no_fine_binned,keyt_binned,keyt_fine_binned,Bad Customer_binned,Bad Customer_fine_binned,TIMEZONE_CD_binned,TIMEZONE_CD_fine_binned,margin_binned,margin_fine_binned,ASSIGNED_STORE_ID_binned,ASSIGNED_STORE_ID_fine_binned,ONEMONTHVISIT_binned,ONEMONTHVISIT_fine_binned,THREEMONTHVISIT_binned,THREEMONTHVISIT_fine_binned,SIXMONTHVISIT_binned,SIXMONTHVISIT_fine_binned,TWELVEMONTHVISIT_binned,TWELVEMONTHVISIT_fine_binned
15,26120,15026120,0,15,-1,2,307,4,3,37,70,251,1760,2,6,23,52,2,6,28,59,4798,9313,36329,58749,24222.0,58749,0,0,0,286,2685,0,0,1415,632,197,2141,0,1631,39191,837,0,240,0,7464,0,1,9,0,35,1715,0,5,0,0,217,0,0,0,0,0,0,0,0,0,0,0,0,0,0,0,0,0,17,0,29,0,0,0,0,0,0,0,0,0,0,0,0.0,0.0,0.49,4.57,0.0,0.0,2.41,1.08,0.34,3.64,0.0,2.78,66.71,1.42,0.0,0.41,0.0,12.7,0.0,0.0,0.02,0.0,0.06,2.92,0.0,0.01,0.0,0.0,0.37,0.0,0.0,0.0,0.0,0.0,0.0,0.0,0.0,0.0,0.0,0.0,0.0,0.0,0.0,0.0,0.0,0.0,0.03,0.0,0.05,0.0,0.0,0.0,0.0,0.0,0.0,0.0,0.0,0.0,0.0,0.0,99.54,0.46,58481,268,58749,2,1,1,1.0,Bin_7,,1.0,1.0,1.0,1.0,Bin_3,Bin_3,2.0,"1, 2",Bin_1,Bin_1_Bin_2_Bin_3_Bin_4,Bin_2,Bin_1_Bin_2,Bin_3,Bin_1_Bin_2_Bin_3_Bin_4,Bin_4,Bin_1_Bin_2_Bin_3_Bin_4_Bin_5
25,866369,25866369,0,25,-1,3,15,1,1,14,43,476,3839,9,26,36,67,9,28,40,76,6685,19685,25967,43045,17078.0,43045,0,0,0,183,6768,461,3153,13553,6386,1424,204,0,2451,8153,166,0,0,0,0,0,8,0,0,0,39,0,0,0,98,0,0,0,0,0,0,0,0,0,0,0,0,0,0,0,0,0,0,0,0,0,0,0,0,0,0,0,0,0,0,0,0,0.0,0.0,0.43,15.72,1.07,7.32,31.49,14.84,3.31,0.47,0.0,5.69,18.94,0.39,0.0,0.0,0.0,0.0,0.0,0.02,0.0,0.0,0.0,0.09,0.0,0.0,0.0,0.23,0.0,0.0,0.0,0.0,0.0,0.0,0.0,0.0,0.0,0.0,0.0,0.0,0.0,0.0,0.0,0.0,0.0,0.0,0.0,0.0,0.0,0.0,0.0,0.0,0.0,0.0,0.0,0.0,0.0,0.0,0.0,0.0,99.77,0.23,42947,98,43045,4,2,1,1.0,Bin_10,,1.0,1.0,1.0,1.0,Bin_4,Bin_4,4.0,4,Bin_6,Bin_6,Bin_6,Bin_6,Bin_5,Bin_5_Bin_6,Bin_5,Bin_1_Bin_2_Bin_3_Bin_4_Bin_5
20,871925,20871925,0,20,-1,9,22,1,1,12,41,387,22465,10,11,16,32,16,19,26,46,28409,28551,47275,70145,22870.0,70145,0,0,0,2385,5964,0,0,9309,0,3791,2083,0,23204,3742,13830,0,0,0,0,0,0,0,0,140,5697,0,0,0,0,0,0,0,0,0,0,0,0,0,0,0,0,0,0,0,0,0,0,0,0,0,0,0,0,0,0,0,0,0,0,0,0,0.0,0.0,3.4,8.5,0.0,0.0,13.27,0.0,5.4,2.97,0.0,33.08,5.33,19.72,0.0,0.0,0.0,0.0,0.0,0.0,0.0,0.0,0.2,8.12,0.0,0.0,0.0,0.0,0.0,0.0,0.0,0.0,0.0,0.0,0.0,0.0,0.0,0.0,0.0,0.0,0.0,0.0,0.0,0.0,0.0,0.0,0.0,0.0,0.0,0.0,0.0,0.0,0.0,0.0,0.0,0.0,0.0,0.0,0.0,0.0,100.0,0.0,70145,0,70145,1,1,1,1.0,Bin_9,,1.0,1.0,1.0,1.0,Bin_8,Bin_5_Bin_6_Bin_7_Bin_8,1.0,"1, 2",Bin_7,Bin_7,Bin_3,Bin_3,Bin_2,Bin_1_Bin_2_Bin_3_Bin_4,Bin_3,Bin_1_Bin_2_Bin_3_Bin_4_Bin_5
25,863842,25863842,0,25,-1,9,22,1,1,12,41,387,114636,7,22,36,67,9,44,71,119,37573,222902,271652,361687,98404.0,196723,164964,0,0,13498,19434,0,0,40746,0,11326,10080,0,141896,5225,65710,0,0,0,0,0,0,0,0,5891,47880,0,0,0,0,0,0,0,0,0,0,0,0,0,0,0,0,0,0,0,0,0,0,0,0,0,0,0,0,0,0,0,0,0,0,0,0,0.0,0.0,3.73,5.37,0.0,0.0,11.27,0.0,3.13,2.79,0.0,39.23,1.44,18.17,0.0,0.0,0.0,0.0,0.0,0.0,0.0,0.0,1.63,13.24,0.0,0.0,0.0,0.0,0.0,0.0,0.0,0.0,0.0,0.0,0.0,0.0,0.0,0.0,0.0,0.0,0.0,0.0,0.0,0.0,0.0,0.0,0.0,0.0,0.0,0.0,0.0,0.0,0.0,0.0,0.0,0.0,0.0,0.0,0.0,0.0,100.0,0.0,361687,0,361687,4,2,1,1.0,Bin_10,,1.0,1.0,1.0,1.0,Bin_10,Bin_9_Bin_10,4.0,4,Bin_5,Bin_5,Bin_6,Bin_6,Bin_5,Bin_5_Bin_6,Bin_5,Bin_1_Bin_2_Bin_3_Bin_4_Bin_5
12,489084,12489084,0,12,-1,3,175,2,1,14,43,477,27690,5,18,52,139,9,26,76,216,9566,24952,49320,120598,71278.0,0,120598,125,0,8124,12288,30,21387,17420,3731,17140,4539,0,1461,9526,4262,0,0,302,0,0,2276,12143,225,1648,0,0,0,0,160,2383,1223,0,0,0,0,0,0,0,0,0,0,0,164,40,0,0,0,0,0,0,0,0,0,0,0,0,0,0,0,0,0,0.1,0.0,6.74,10.19,0.02,17.73,14.44,3.09,14.21,3.76,0.0,1.21,7.9,3.53,0.0,0.0,0.25,0.0,0.0,1.89,10.07,0.19,1.37,0.0,0.0,0.0,0.0,0.13,1.98,1.01,0.0,0.0,0.0,0.0,0.0,0.0,0.0,0.0,0.0,0.0,0.0,0.14,0.03,0.0,0.0,0.0,0.0,0.0,0.0,0.0,0.0,0.0,0.0,0.0,0.0,0.0,0.0,0.0,0.0,0.0,96.71,3.29,116628,3970,120598,3,2,1,1.0,Bin_4,,1.0,1.0,1.0,1.0,Bin_9,Bin_9_Bin_10,3.0,3,Bin_3,Bin_1_Bin_2_Bin_3_Bin_4,Bin_5,Bin_4_Bin_5,Bin_6,Bin_5_Bin_6,Bin_8,Bin_8
12,440000,12440000,0,12,-1,10,245,1,1,12,41,387,9790,1,2,8,35,1,7,25,106,2402,6409,18491,97057,78567.0,926,96132,14,0,1212,27785,712,3275,819,1420,15240,15730,0,4094,5879,5449,0,40,435,1279,0,616,500,41,9699,2172,0,0,0,0,1,0,0,0,141,0,0,0,0,0,0,326,0,0,0,0,0,0,0,0,178,0,0,0,0,0,0,0,0,0,0,0,0.01,0.0,1.25,28.63,0.73,3.37,0.84,1.46,15.7,16.21,0.0,4.22,6.06,5.61,0.0,0.04,0.45,1.32,0.0,0.63,0.52,0.04,9.99,2.24,0.0,0.0,0.0,0.0,0.0,0.0,0.0,0.0,0.15,0.0,0.0,0.0,0.0,0.0,0.0,0.34,0.0,0.0,0.0,0.0,0.0,0.0,0.0,0.0,0.18,0.0,0.0,0.0,0.0,0.0,0.0,0.0,0.0,0.0,0.0,0.0,99.33,0.67,96411,647,97057,3,2,1,1.0,Bin_4,,1.0,1.0,1.0,1.0,Bin_6,Bin_5_Bin_6_Bin_7_Bin_8,3.0,3,Bin_1,Bin_1_Bin_2_Bin_3_Bin_4,Bin_1,Bin_1_Bin_2,Bin_1,Bin_1_Bin_2_Bin_3_Bin_4,Bin_3,Bin_1_Bin_2_Bin_3_Bin_4_Bin_5
12,376300,12376300,0,12,-1,2,267,7,1,14,43,478,7429,9,21,40,72,10,28,61,115,3313,9309,20088,35763,15675.0,313,35450,0,0,774,3369,658,3376,1540,2421,1048,3949,0,402,7229,724,55,201,91,0,0,435,701,938,173,117,312,873,203,852,2657,141,0,0,0,0,112,24,0,30,0,91,0,53,901,0,0,53,34,0,641,0,45,0,0,0,158,242,15,17,108,0,0.0,0.0,2.16,9.42,1.84,9.44,4.31,6.77,2.93,11.04,0.0,1.12,20.21,2.02,0.15,0.56,0.25,0.0,0.0,1.22,1.96,2.62,0.48,0.33,0.87,2.44,0.57,2.38,7.43,0.39,0.0,0.0,0.0,0.0,0.31,0.07,0.0,0.08,0.0,0.25,0.0,0.15,2.52,0.0,0.0,0.15,0.1,0.0,1.79,0.0,0.13,0.0,0.0,0.0,0.44,0.68,0.04,0.05,0.3,0.0,78.86,21.14,28202,7562,35763,3,2,1,1.0,Bin_4,,1.0,1.0,1.0,1.0,Bin_5,Bin_5_Bin_6_Bin_7_Bin_8,3.0,3,Bin_6,Bin_6,Bin_6,Bin_6,Bin_5,Bin_5_Bin_6,Bin_5,Bin_1_Bin_2_Bin_3_Bin_4_Bin_5
12,501077,12501077,0,12,-1,3,121,1,1,12,41,387,23956,12,33,62,125,14,40,77,153,11801,34266,72489,138073,66575.0,0,138073,0,0,35,76526,493,6311,15103,0,8047,0,0,14408,8859,8269,0,0,0,0,0,23,0,0,0,0,0,0,0,0,0,0,0,0,0,0,0,0,0,0,0,0,0,0,0,0,0,0,0,0,0,0,0,0,0,0,0,0,0,0,0,0,0.0,0.0,0.03,55.42,0.36,4.57,10.94,0.0,5.83,0.0,0.0,10.44,6.42,5.99,0.0,0.0,0.0,0.0,0.0,0.02,0.0,0.0,0.0,0.0,0.0,0.0,0.0,0.0,0.0,0.0,0.0,0.0,0.0,0.0,0.0,0.0,0.0,0.0,0.0,0.0,0.0,0.0,0.0,0.0,0.0,0.0,0.0,0.0,0.0,0.0,0.0,0.0,0.0,0.0,0.0,0.0,0.0,0.0,0.0,0.0,100.0,0.0,138073,0,138073,3,2,1,1.0,Bin_4,,1.0,1.0,1.0,1.0,Bin_8,Bin_5_Bin_6_Bin_7_Bin_8,3.0,3,Bin_8,Bin_8,Bin_8,Bin_8,Bin_7,Bin_7,Bin_8,Bin_8
12,504368,12504368,0,12,-1,2,105,1,1,10,20,418,25882,30,86,173,344,55,130,244,475,11547,36190,77492,155059,78036.0,0,155059,0,0,1276,40891,156,5907,48035,6360,5544,23078,0,2045,16113,1469,0,241,85,80,0,1291,1269,290,40,445,0,0,0,0,0,301,0,0,0,0,0,0,0,0,0,0,0,0,0,0,0,0,0,0,143,0,0,0,0,0,0,0,0,0,0,0,0.0,0.0,0.82,26.37,0.1,3.81,30.98,4.1,3.58,14.88,0.0,1.32,10.39,0.95,0.0,0.16,0.05,0.05,0.0,0.83,0.82,0.19,0.03,0.29,0.0,0.0,0.0,0.0,0.0,0.19,0.0,0.0,0.0,0.0,0.0,0.0,0.0,0.0,0.0,0.0,0.0,0.0,0.0,0.0,0.0,0.0,0.0,0.0,0.09,0.0,0.0,0.0,0.0,0.0,0.0,0.0,0.0,0.0,0.0,0.0,99.71,0.29,154616,444,155059,3,2,1,1.0,Bin_4,,1.0,1.0,1.0,1.0,Bin_8,Bin_5_Bin_6_Bin_7_Bin_8,3.0,3,Bin_10,Bin_10,Bin_10,Bin_10,Bin_10,Bin_10,Bin_10,Bin_10
12,501194,12501194,0,12,-1,3,121,1,1,13,42,467,4607,5,17,30,73,7,20,33,78,2917,6359,11053,26699,15646.0,0,26699,45,0,1202,836,0,0,0,18435,0,0,0,2711,0,3025,0,0,0,0,0,0,0,0,0,0,0,0,0,0,0,445,0,0,0,0,0,0,0,0,0,0,0,0,0,0,0,0,0,0,0,0,0,0,0,0,0,0,0,0,0,0,0.17,0.0,4.5,3.13,0.0,0.0,0.0,69.05,0.0,0.0,0.0,10.15,0.0,11.33,0.0,0.0,0.0,0.0,0.0,0.0,0.0,0.0,0.0,0.0,0.0,0.0,0.0,0.0,0.0,1.67,0.0,0.0,0.0,0.0,0.0,0.0,0.0,0.0,0.0,0.0,0.0,0.0,0.0,0.0,0.0,0.0,0.0,0.0,0.0,0.0,0.0,0.0,0.0,0.0,0.0,0.0,0.0,0.0,0.0,0.0,98.33,1.67,26254,445,26699,3,2,1,1.0,Bin_4,,1.0,1.0,1.0,1.0,Bin_4,Bin_4,3.0,3,Bin_3,Bin_1_Bin_2_Bin_3_Bin_4,Bin_5,Bin_4_Bin_5,Bin_4,Bin_1_Bin_2_Bin_3_Bin_4,Bin_5,Bin_1_Bin_2_Bin_3_Bin_4_Bin_5
12,501135,12501135,0,12,-1,3,121,1,1,13,42,467,26529,12,40,80,150,16,57,102,203,8548,24892,43075,90539,47464.0,0,90539,0,0,3503,11594,0,1790,3426,39798,2808,823,0,610,14106,2535,0,0,0,0,0,994,7178,0,119,0,0,0,0,559,0,223,178,0,0,0,0,0,0,0,0,0,0,289,9,0,0,0,0,0,0,0,0,0,0,0,0,0,0,0,0,0,0.0,0.0,3.87,12.81,0.0,1.98,3.78,43.96,3.1,0.91,0.0,0.67,15.58,2.8,0.0,0.0,0.0,0.0,0.0,1.1,7.93,0.0,0.13,0.0,0.0,0.0,0.0,0.62,0.0,0.25,0.2,0.0,0.0,0.0,0.0,0.0,0.0,0.0,0.0,0.0,0.0,0.32,0.01,0.0,0.0,0.0,0.0,0.0,0.0,0.0,0.0,0.0,0.0,0.0,0.0,0.0,0.0,0.0,0.0,0.0,98.61,1.39,89283,1256,90539,3,2,1,1.0,Bin_4,,1.0,1.0,1.0,1.0,Bin_9,Bin_9_Bin_10,3.0,3,Bin_8,Bin_8,Bin_8,Bin_8,Bin_8,Bin_8,Bin_9,Bin_9
12,503998,12503998,0,12,-1,3,108,1,3,35,65,111,-874,6,14,30,70,8,27,47,117,17133,55146,91194,220160,128965.0,220160,0,0,0,9146,2404,0,3464,217,0,0,0,0,19063,5746,75551,0,0,0,39497,0,0,0,915,63342,0,0,0,0,0,0,0,0,0,0,0,0,0,0,0,0,0,0,0,0,0,0,0,0,814,0,0,0,0,0,0,0,0,0,0,0,0,0.0,0.0,4.15,1.09,0.0,1.57,0.1,0.0,0.0,0.0,0.0,8.66,2.61,34.32,0.0,0.0,0.0,17.94,0.0,0.0,0.0,0.42,28.77,0.0,0.0,0.0,0.0,0.0,0.0,0.0,0.0,0.0,0.0,0.0,0.0,0.0,0.0,0.0,0.0,0.0,0.0,0.0,0.0,0.0,0.0,0.0,0.0,0.37,0.0,0.0,0.0,0.0,0.0,0.0,0.0,0.0,0.0,0.0,0.0,0.0,99.63,0.37,219346,814,220160,3,2,1,1.0,Bin_4,,1.0,1.0,1.0,1.0,Bin_1,Bin_1,3.0,3,Bin_4,Bin_1_Bin_2_Bin_3_Bin_4,Bin_4,Bin_4_Bin_5,Bin_4,Bin_1_Bin_2_Bin_3_Bin_4,Bin_5,Bin_1_Bin_2_Bin_3_Bin_4_Bin_5
12,491092,12491092,0,12,-1,4,168,1,1,12,41,387,38831,14,38,76,143,29,73,140,308,34927,75949,130097,251104,121007.0,251104,0,0,0,16,51443,49,11745,32024,19824,21288,41825,0,13348,19230,4059,0,2520,778,14,0,7024,8448,560,14031,1473,0,0,0,219,0,0,0,0,0,0,0,0,0,0,0,0,0,174,0,0,0,35,0,0,0,0,0,0,0,0,0,974,0,0,0,0,0.0,0.0,0.01,20.49,0.02,4.68,12.75,7.89,8.48,16.66,0.0,5.32,7.66,1.62,0.0,1.0,0.31,0.01,0.0,2.8,3.36,0.22,5.59,0.59,0.0,0.0,0.0,0.09,0.0,0.0,0.0,0.0,0.0,0.0,0.0,0.0,0.0,0.0,0.0,0.0,0.0,0.07,0.0,0.0,0.0,0.01,0.0,0.0,0.0,0.0,0.0,0.0,0.0,0.0,0.0,0.39,0.0,0.0,0.0,0.0,99.44,0.56,249702,1402,251104,3,2,1,1.0,Bin_4,,1.0,1.0,1.0,1.0,Bin_9,Bin_9_Bin_10,3.0,3,Bin_8,Bin_8,Bin_8,Bin_8,Bin_8,Bin_8,Bin_8,Bin_8
20,616720,20616720,0,20,-1,10,137,1,1,10,25,407,10656,10,26,47,97,11,31,57,118,7852,23659,33256,74650,41394.0,74650,0,0,0,77,40083,0,1449,12718,8687,39,81,0,3128,5887,1455,0,0,0,0,0,8,617,28,51,0,0,42,0,190,110,0,0,0,0,0,0,0,0,0,0,0,0,0,0,0,0,0,0,0,0,0,0,0,0,0,0,0,0,0,0,0,0.0,0.0,0.1,53.69,0.0,1.94,17.04,11.64,0.05,0.11,0.0,4.19,7.89,1.95,0.0,0.0,0.0,0.0,0.0,0.01,0.83,0.04,0.07,0.0,0.0,0.06,0.0,0.25,0.15,0.0,0.0,0.0,0.0,0.0,0.0,0.0,0.0,0.0,0.0,0.0,0.0,0.0,0.0,0.0,0.0,0.0,0.0,0.0,0.0,0.0,0.0,0.0,0.0,0.0,0.0,0.0,0.0,0.0,0.0,0.0,99.54,0.46,74308,342,74650,1,1,1,1.0,Bin_9,,1.0,1.0,1.0,1.0,Bin_6,Bin_5_Bin_6_Bin_7_Bin_8,1.0,"1, 2",Bin_7,Bin_7,Bin_6,Bin_6,Bin_6,Bin_5_Bin_6,Bin_7,Bin_7
12,501529,12501529,0,12,-1,3,119,1,1,13,42,467,5643,6,17,33,78,6,17,34,81,2915,7522,14677,32353,17676.0,0,32353,75,0,1161,0,0,0,0,21608,0,0,0,5174,0,3799,0,0,0,0,0,0,0,0,90,0,0,0,0,0,0,445,0,0,0,0,0,0,0,0,0,0,0,0,0,0,0,0,0,0,0,0,0,0,0,0,0,0,0,0,0,0,0.23,0.0,3.59,0.0,0.0,0.0,0.0,66.79,0.0,0.0,0.0,15.99,0.0,11.74,0.0,0.0,0.0,0.0,0.0,0.0,0.0,0.0,0.28,0.0,0.0,0.0,0.0,0.0,0.0,1.38,0.0,0.0,0.0,0.0,0.0,0.0,0.0,0.0,0.0,0.0,0.0,0.0,0.0,0.0,0.0,0.0,0.0,0.0,0.0,0.0,0.0,0.0,0.0,0.0,0.0,0.0,0.0,0.0,0.0,0.0,98.62,1.38,31908,445,32353,3,2,1,1.0,Bin_4,,1.0,1.0,1.0,1.0,Bin_5,Bin_5_Bin_6_Bin_7_Bin_8,3.0,3,Bin_4,Bin_1_Bin_2_Bin_3_Bin_4,Bin_5,Bin_4_Bin_5,Bin_4,Bin_1_Bin_2_Bin_3_Bin_4,Bin_6,Bin_6
12,504351,12504351,0,12,-1,9,87,1,7,70,83,840,6508,8,22,43,78,9,33,65,119,6152,14256,26926,42630,15703.0,42630,0,0,0,56,16641,0,675,112,414,0,0,0,104,1612,6264,0,0,82,0,0,674,0,717,768,14513,0,0,0,0,0,0,0,0,0,0,0,0,0,0,0,0,0,0,0,0,0,0,0,0,0,0,0,0,0,0,0,0,0,0,0,0,0.0,0.0,0.13,39.04,0.0,1.58,0.26,0.97,0.0,0.0,0.0,0.24,3.78,14.69,0.0,0.0,0.19,0.0,0.0,1.58,0.0,1.68,1.8,34.04,0.0,0.0,0.0,0.0,0.0,0.0,0.0,0.0,0.0,0.0,0.0,0.0,0.0,0.0,0.0,0.0,0.0,0.0,0.0,0.0,0.0,0.0,0.0,0.0,0.0,0.0,0.0,0.0,0.0,0.0,0.0,0.0,0.0,0.0,0.0,0.0,100.0,0.0,42630,0,42630,3,2,1,1.0,Bin_4,,1.0,1.0,1.0,1.0,Bin_5,Bin_5_Bin_6_Bin_7_Bin_8,3.0,3,Bin_5,Bin_5,Bin_6,Bin_6,Bin_6,Bin_5_Bin_6,Bin_6,Bin_6
12,501145,12501145,0,12,-1,3,121,1,1,13,42,467,23180,9,25,53,125,10,26,54,138,7702,20031,40636,86963,46893.0,0,86963,50,0,921,1549,0,0,231,75115,0,0,0,2601,336,3174,0,0,0,0,0,235,0,0,0,0,0,0,0,-145,0,2895,0,0,0,0,0,0,0,0,0,0,0,0,0,0,0,0,0,0,0,0,0,0,0,0,0,0,0,0,0,0,0.06,0.0,1.06,1.78,0.0,0.0,0.27,86.38,0.0,0.0,0.0,2.99,0.39,3.65,0.0,0.0,0.0,0.0,0.0,0.27,0.0,0.0,0.0,0.0,0.0,0.0,0.0,-0.17,0.0,3.33,0.0,0.0,0.0,0.0,0.0,0.0,0.0,0.0,0.0,0.0,0.0,0.0,0.0,0.0,0.0,0.0,0.0,0.0,0.0,0.0,0.0,0.0,0.0,0.0,0.0,0.0,0.0,0.0,0.0,0.0,96.84,3.16,84213,2750,86963,3,2,1,1.0,Bin_4,,1.0,1.0,1.0,1.0,Bin_8,Bin_5_Bin_6_Bin_7_Bin_8,3.0,3,Bin_6,Bin_6,Bin_6,Bin_6,Bin_7,Bin_7,Bin_8,Bin_8
12,505997,12505997,0,12,-1,2,97,2,3,33,63,350,5732,17,34,75,134,35,61,124,207,7981,11419,25281,38771,13490.0,7960,30811,1,12,623,6189,46,1244,71,0,9776,2148,0,396,3001,2058,0,2088,404,51,0,1750,854,1000,335,1922,341,209,6,184,40,1223,60,0,15,0,66,0,0,0,0,0,0,207,0,0,0,348,58,0,1866,0,0,0,0,0,75,77,0,0,26,0,0.0,0.03,1.61,15.96,0.12,3.21,0.18,0.0,25.21,5.54,0.0,1.02,7.74,5.31,0.0,5.39,1.04,0.13,0.0,4.51,2.2,2.58,0.86,4.96,0.88,0.54,0.02,0.47,0.1,3.15,0.15,0.0,0.04,0.0,0.17,0.0,0.0,0.0,0.0,0.0,0.0,0.53,0.0,0.0,0.0,0.9,0.15,0.0,4.81,0.0,0.0,0.0,0.0,0.0,0.19,0.2,0.0,0.0,0.07,0.0,87.58,12.42,33957,4814,38771,3,2,1,1.0,Bin_4,,1.0,1.0,1.0,1.0,Bin_5,Bin_5_Bin_6_Bin_7_Bin_8,3.0,3,Bin_9,Bin_9,Bin_8,Bin_8,Bin_8,Bin_8,Bin_8,Bin_8
12,492991,12492991,0,12,-1,3,163,5,1,11,40,448,487,2,7,9,12,2,7,9,12,676,1244,1588,1924,335.0,299,1625,0,0,98,690,0,5,75,119,177,5,0,65,18,2,0,0,262,0,0,6,71,17,43,8,58,9,0,81,0,0,25,0,0,0,0,0,0,0,0,0,0,0,0,0,0,0,14,0,0,0,8,0,0,0,0,67,0,0,0,0,0.0,0.0,5.09,35.86,0.0,0.26,3.9,6.19,9.2,0.26,0.0,3.38,0.94,0.1,0.0,0.0,13.62,0.0,0.0,0.31,3.69,0.88,2.23,0.42,3.01,0.47,0.0,4.21,0.0,0.0,1.3,0.0,0.0,0.0,0.0,0.0,0.0,0.0,0.0,0.0,0.0,0.0,0.0,0.0,0.0,0.0,0.73,0.0,0.0,0.0,0.42,0.0,0.0,0.0,0.0,3.48,0.0,0.0,0.0,0.0,86.33,13.62,1661,262,1924,3,2,1,1.0,Bin_4,,1.0,1.0,1.0,1.0,Bin_2,Bin_2,3.0,3,Bin_1,Bin_1_Bin_2_Bin_3_Bin_4,Bin_2,Bin_1_Bin_2,Bin_2,Bin_1_Bin_2_Bin_3_Bin_4,Bin_1,Bin_1_Bin_2_Bin_3_Bin_4_Bin_5
12,533335,12533335,0,12,-1,3,127,1,1,11,40,448,22905,10,33,65,145,28,89,173,383,9743,29875,68244,151919,83675.0,0,151919,0,0,2860,6378,45,21841,34246,346,702,10975,0,6108,55270,21,0,0,201,0,0,1662,3903,507,382,555,0,0,0,0,118,370,0,0,0,0,0,0,0,0,0,0,0,40,0,0,5368,0,0,0,18,0,0,0,0,0,0,0,0,0,0,0,0.0,0.0,1.88,4.2,0.03,14.38,22.54,0.23,0.46,7.22,0.0,4.02,36.38,0.01,0.0,0.0,0.13,0.0,0.0,1.09,2.57,0.33,0.25,0.37,0.0,0.0,0.0,0.0,0.08,0.24,0.0,0.0,0.0,0.0,0.0,0.0,0.0,0.0,0.0,0.0,0.0,0.03,0.0,0.0,3.53,0.0,0.0,0.0,0.01,0.0,0.0,0.0,0.0,0.0,0.0,0.0,0.0,0.0,0.0,0.0,96.11,3.89,146005,5915,151919,3,2,1,1.0,Bin_4,,1.0,1.0,1.0,1.0,Bin_8,Bin_5_Bin_6_Bin_7_Bin_8,3.0,3,Bin_7,Bin_7,Bin_8,Bin_8,Bin_8,Bin_8,Bin_8,Bin_8
12,497346,12497346,0,12,-1,3,129,3,1,10,25,407,2951,2,5,10,25,2,5,10,26,2191,3274,6145,21488,15343.0,0,21488,0,0,0,0,0,79,0,0,0,0,0,8197,10248,0,0,0,2864,0,0,100,0,0,0,0,0,0,0,0,0,0,0,0,0,0,0,0,0,0,0,0,0,0,0,0,0,0,0,0,0,0,0,0,0,0,0,0,0,0,0,0,0.0,0.0,0.0,0.0,0.0,0.37,0.0,0.0,0.0,0.0,0.0,38.15,47.69,0.0,0.0,0.0,13.33,0.0,0.0,0.47,0.0,0.0,0.0,0.0,0.0,0.0,0.0,0.0,0.0,0.0,0.0,0.0,0.0,0.0,0.0,0.0,0.0,0.0,0.0,0.0,0.0,0.0,0.0,0.0,0.0,0.0,0.0,0.0,0.0,0.0,0.0,0.0,0.0,0.0,0.0,0.0,0.0,0.0,0.0,0.0,100.0,0.0,21488,0,21488,3,2,1,1.0,Bin_4,,1.0,1.0,1.0,1.0,Bin_3,Bin_3,3.0,3,Bin_1,Bin_1_Bin_2_Bin_3_Bin_4,Bin_1,Bin_1_Bin_2,Bin_2,Bin_1_Bin_2_Bin_3_Bin_4,Bin_2,Bin_1_Bin_2_Bin_3_Bin_4_Bin_5
12,482588,12482588,0,12,-1,2,194,4,3,31,61,170,1335,5,13,28,55,10,21,42,86,3291,7352,16443,28855,12413.0,28315,541,0,0,23,239,100,21,78,101,91,145,0,348,94,4264,8027,913,344,2163,0,186,533,325,263,7354,257,0,0,80,0,601,38,0,541,0,0,0,0,0,0,880,95,133,0,0,0,0,300,0,56,0,173,12,0,0,0,56,0,0,21,0,0.0,0.0,0.08,0.83,0.35,0.07,0.27,0.35,0.32,0.5,0.0,1.21,0.33,14.78,27.82,3.16,1.19,7.5,0.0,0.64,1.85,1.13,0.91,25.49,0.89,0.0,0.0,0.28,0.0,2.08,0.13,0.0,1.87,0.0,0.0,0.0,0.0,0.0,0.0,3.05,0.33,0.46,0.0,0.0,0.0,0.0,1.04,0.0,0.19,0.0,0.6,0.04,0.0,0.0,0.0,0.19,0.0,0.0,0.07,0.0,88.76,11.24,25611,3244,28855,3,2,1,1.0,Bin_4,,1.0,1.0,1.0,1.0,Bin_2,Bin_2,3.0,3,Bin_3,Bin_1_Bin_2_Bin_3_Bin_4,Bin_4,Bin_4_Bin_5,Bin_4,Bin_1_Bin_2_Bin_3_Bin_4,Bin_4,Bin_1_Bin_2_Bin_3_Bin_4_Bin_5
14,373564,14373564,0,14,-1,9,120,1,1,12,41,387,317879,20,57,127,226,31,91,396,615,24681,45948,723972,885107,167630.0,885107,0,0,0,1020,199233,19480,92964,221889,29798,52133,164668,0,36667,55872,9325,0,0,0,0,0,0,0,0,112,981,467,0,0,0,0,497,0,0,0,0,0,0,0,0,0,0,0,0,0,0,0,0,0,0,0,0,0,0,0,0,0,0,0,0,0,0,0.0,0.0,0.12,22.51,2.2,10.5,25.07,3.37,5.89,18.6,0.0,4.14,6.31,1.05,0.0,0.0,0.0,0.0,0.0,0.0,0.0,0.0,0.01,0.11,0.05,0.0,0.0,0.0,0.0,0.06,0.0,0.0,0.0,0.0,0.0,0.0,0.0,0.0,0.0,0.0,0.0,0.0,0.0,0.0,0.0,0.0,0.0,0.0,0.0,0.0,0.0,0.0,0.0,0.0,0.0,0.0,0.0,0.0,0.0,0.0,99.89,0.11,884143,964,885107,2,1,1,1.0,Bin_6,,1.0,1.0,1.0,1.0,Bin_10,Bin_9_Bin_10,2.0,"1, 2",Bin_10,Bin_10,Bin_10,Bin_10,Bin_10,Bin_10,Bin_10,Bin_10
12,496115,12496115,0,12,-1,10,149,2,1,12,41,387,30226,18,59,106,176,29,85,152,242,17779,44432,92183,156473,64290.0,0,156473,25,0,1933,29077,571,15461,31724,10450,4337,33606,0,7645,13170,382,0,13,379,165,0,474,2345,473,847,3225,0,6,0,41,16,0,109,0,0,0,0,0,0,0,0,0,0,0,0,0,0,0,0,0,0,0,0,0,0,0,0,0,0,0,0,0,0.02,0.0,1.24,18.58,0.36,9.88,20.27,6.68,2.77,21.48,0.0,4.89,8.42,0.24,0.0,0.01,0.24,0.11,0.0,0.3,1.5,0.3,0.54,2.06,0.0,0.0,0.0,0.03,0.01,0.0,0.07,0.0,0.0,0.0,0.0,0.0,0.0,0.0,0.0,0.0,0.0,0.0,0.0,0.0,0.0,0.0,0.0,0.0,0.0,0.0,0.0,0.0,0.0,0.0,0.0,0.0,0.0,0.0,0.0,0.0,99.89,0.11,156302,171,156473,3,2,1,1.0,Bin_4,,1.0,1.0,1.0,1.0,Bin_9,Bin_9_Bin_10,3.0,3,Bin_9,Bin_9,Bin_10,Bin_10,Bin_9,Bin_9,Bin_9,Bin_9
12,494940,12494940,0,12,-1,2,155,3,3,35,65,113,-246307,6,26,53,132,11,53,126,339,20436,215559,539640,1816753,1277114.0,1816753,0,-1404,0,0,0,0,0,0,0,0,0,0,0,0,0,0,248362,835,431797,0,0,0,1707,9587,1125127,0,0,0,0,0,0,0,0,0,0,0,0,0,0,0,0,0,0,0,0,0,742,0,0,0,0,0,0,0,0,0,0,0,0,0,0,-0.08,0.0,0.0,0.0,0.0,0.0,0.0,0.0,0.0,0.0,0.0,0.0,0.0,0.0,0.0,13.67,0.05,23.77,0.0,0.0,0.0,0.09,0.53,61.93,0.0,0.0,0.0,0.0,0.0,0.0,0.0,0.0,0.0,0.0,0.0,0.0,0.0,0.0,0.0,0.0,0.0,0.0,0.0,0.0,0.0,0.04,0.0,0.0,0.0,0.0,0.0,0.0,0.0,0.0,0.0,0.0,0.0,0.0,0.0,0.0,99.96,0.04,1816012,742,1816753,3,2,1,1.0,Bin_4,,1.0,1.0,1.0,1.0,Bin_1,Bin_1,3.0,3,Bin_4,Bin_1_Bin_2_Bin_3_Bin_4,Bin_6,Bin_6,Bin_7,Bin_7,Bin_8,Bin_8
12,489769,12489769,0,12,-1,2,175,1,3,35,65,111,-46762,3,7,12,30,6,14,21,41,-132,88446,86764,303461,216697.0,302526,935,-252,0,243,2691,37,0,17,775,125,17,0,1143,7453,14458,0,6595,34,12939,0,34,50,64,13156,243398,0,0,0,9,0,432,0,0,0,0,0,0,0,0,0,0,0,0,0,0,0,0,0,0,0,0,0,0,0,0,0,16,27,0,0,0,-0.08,0.0,0.08,0.89,0.01,0.0,0.01,0.26,0.04,0.01,0.0,0.38,2.46,4.76,0.0,2.17,0.01,4.26,0.0,0.01,0.02,0.02,4.34,80.21,0.0,0.0,0.0,0.0,0.0,0.14,0.0,0.0,0.0,0.0,0.0,0.0,0.0,0.0,0.0,0.0,0.0,0.0,0.0,0.0,0.0,0.0,0.0,0.0,0.0,0.0,0.0,0.0,0.0,0.0,0.0,0.01,0.01,0.0,0.0,0.0,99.84,0.16,302976,485,303461,3,2,1,1.0,Bin_4,,1.0,1.0,1.0,1.0,Bin_1,Bin_1,3.0,3,Bin_2,Bin_1_Bin_2_Bin_3_Bin_4,Bin_2,Bin_1_Bin_2,Bin_2,Bin_1_Bin_2_Bin_3_Bin_4,Bin_2,Bin_1_Bin_2_Bin_3_Bin_4_Bin_5
10,710324,10710324,0,10,-1,3,38,0,1,13,42,469,170,2,3,3,3,2,3,3,3,509,767,767,767,,250,517,0,0,0,0,0,0,0,0,0,0,0,0,767,0,0,0,0,0,0,0,0,0,0,0,0,0,0,0,0,0,0,0,0,0,0,0,0,0,0,0,0,0,0,0,0,0,0,0,0,0,0,0,0,0,0,0,0,0,0,0,0.0,0.0,0.0,0.0,0.0,0.0,0.0,0.0,0.0,0.0,0.0,0.0,100.0,0.0,0.0,0.0,0.0,0.0,0.0,0.0,0.0,0.0,0.0,0.0,0.0,0.0,0.0,0.0,0.0,0.0,0.0,0.0,0.0,0.0,0.0,0.0,0.0,0.0,0.0,0.0,0.0,0.0,0.0,0.0,0.0,0.0,0.0,0.0,0.0,0.0,0.0,0.0,0.0,0.0,0.0,0.0,0.0,0.0,0.0,0.0,100.0,0.0,767,0,767,3,2,1,1.0,Bin_2,1.0,1.0,1.0,1.0,1.0,Bin_1,Bin_1,3.0,3,Bin_1,Bin_1_Bin_2_Bin_3_Bin_4,Bin_1,Bin_1_Bin_2,Bin_1,Bin_1_Bin_2_Bin_3_Bin_4,Bin_1,Bin_1_Bin_2_Bin_3_Bin_4_Bin_5
21,704589,21704589,0,21,-1,2,13,1,1,10,25,407,19688,10,27,53,104,15,37,74,170,8362,21061,44098,83413,39315.0,83413,0,25,0,1619,24150,0,8674,6133,7224,10455,1963,0,3482,16277,1786,0,0,330,0,0,712,115,48,89,0,0,0,0,84,0,0,0,0,0,0,0,0,0,0,0,0,0,12,0,0,0,0,0,0,203,0,0,0,32,0,0,0,0,0,0,0,0.03,0.0,1.94,28.95,0.0,10.4,7.35,8.66,12.53,2.35,0.0,4.17,19.51,2.14,0.0,0.0,0.4,0.0,0.0,0.85,0.14,0.06,0.11,0.0,0.0,0.0,0.0,0.1,0.0,0.0,0.0,0.0,0.0,0.0,0.0,0.0,0.0,0.0,0.0,0.0,0.0,0.01,0.0,0.0,0.0,0.0,0.0,0.0,0.24,0.0,0.0,0.0,0.04,0.0,0.0,0.0,0.0,0.0,0.0,0.0,99.6,0.4,83082,331,83413,1,1,1,1.0,Bin_9,,1.0,1.0,1.0,1.0,Bin_8,Bin_5_Bin_6_Bin_7_Bin_8,1.0,"1, 2",Bin_7,Bin_7,Bin_7,Bin_7,Bin_7,Bin_7,Bin_7,Bin_7
20,700739,20700739,0,20,-1,3,21,1,1,10,22,404,4558,8,10,17,47,8,10,19,66,5274,6049,8493,12431,3938.0,12431,0,0,0,613,1155,0,1657,0,223,0,60,0,549,3291,93,0,0,56,0,0,338,240,24,36,41,0,346,187,1853,181,0,55,0,0,0,0,0,0,0,0,0,0,33,13,0,0,748,0,0,303,0,0,0,0,0,0,334,0,0,0,0,0.0,0.0,4.93,9.29,0.0,13.33,0.0,1.79,0.0,0.48,0.0,4.42,26.47,0.75,0.0,0.0,0.45,0.0,0.0,2.72,1.93,0.19,0.29,0.33,0.0,2.78,1.5,14.91,1.46,0.0,0.44,0.0,0.0,0.0,0.0,0.0,0.0,0.0,0.0,0.0,0.0,0.27,0.1,0.0,0.0,6.02,0.0,0.0,2.44,0.0,0.0,0.0,0.0,0.0,0.0,2.69,0.0,0.0,0.0,0.0,67.39,32.61,8377,4054,12431,1,1,1,1.0,Bin_9,,1.0,1.0,1.0,1.0,Bin_4,Bin_4,1.0,"1, 2",Bin_5,Bin_5,Bin_3,Bin_3,Bin_3,Bin_1_Bin_2_Bin_3_Bin_4,Bin_4,Bin_1_Bin_2_Bin_3_Bin_4_Bin_5
10,731500,10731500,0,10,-1,3,29,2,1,14,43,478,87559,22,72,139,280,117,380,679,1320,29244,94378,197154,443159,248437.0,810,442350,0,0,2211,121261,24983,13755,131188,38765,38418,3567,0,24601,36835,3480,0,0,170,0,0,458,271,0,1203,172,0,0,0,834,0,0,408,0,0,0,0,0,0,0,0,0,0,581,0,0,0,0,0,0,0,0,0,0,0,0,0,0,0,0,0,0,0.0,0.0,0.5,27.36,5.64,3.1,29.6,8.75,8.67,0.8,0.0,5.55,8.31,0.79,0.0,0.0,0.04,0.0,0.0,0.1,0.06,0.0,0.27,0.04,0.0,0.0,0.0,0.19,0.0,0.0,0.09,0.0,0.0,0.0,0.0,0.0,0.0,0.0,0.0,0.0,0.0,0.13,0.0,0.0,0.0,0.0,0.0,0.0,0.0,0.0,0.0,0.0,0.0,0.0,0.0,0.0,0.0,0.0,0.0,0.0,99.59,0.41,441336,1823,443159,3,2,1,1.0,Bin_2,1.0,1.0,1.0,1.0,1.0,Bin_10,Bin_9_Bin_10,3.0,3,Bin_10,Bin_10,Bin_10,Bin_10,Bin_10,Bin_10,Bin_10,Bin_10
10,731446,10731446,0,10,-1,3,29,1,1,14,43,478,70113,8,27,49,87,19,56,92,156,23836,82584,186485,344169,157684.0,6187,337982,0,0,1695,33913,27333,27974,58646,95690,24674,3857,0,9694,50661,6608,0,0,0,0,0,0,0,0,2629,133,0,0,0,0,0,0,353,0,0,0,214,0,0,0,0,0,0,0,93,0,0,0,0,0,0,0,0,0,0,0,0,0,0,0,0,0,0.0,0.0,0.49,9.85,7.94,8.13,17.04,27.8,7.17,1.12,0.0,2.82,14.72,1.92,0.0,0.0,0.0,0.0,0.0,0.0,0.0,0.0,0.76,0.04,0.0,0.0,0.0,0.0,0.0,0.0,0.1,0.0,0.0,0.0,0.06,0.0,0.0,0.0,0.0,0.0,0.0,0.0,0.03,0.0,0.0,0.0,0.0,0.0,0.0,0.0,0.0,0.0,0.0,0.0,0.0,0.0,0.0,0.0,0.0,0.0,99.81,0.19,343508,660,344169,3,2,1,1.0,Bin_2,1.0,1.0,1.0,1.0,1.0,Bin_10,Bin_9_Bin_10,3.0,3,Bin_5,Bin_5,Bin_7,Bin_7,Bin_6,Bin_5_Bin_6,Bin_6,Bin_6
14,721486,14721486,0,14,-1,2,29,1,1,10,25,407,29553,22,73,150,307,39,168,356,662,18791,76279,162619,286330,124479.0,286330,0,0,0,0,194849,0,7882,3084,0,22464,6592,0,20077,29016,0,0,0,0,0,0,0,0,0,0,2367,0,0,0,0,0,0,0,0,0,0,0,0,0,0,0,0,0,0,0,0,0,0,0,0,0,0,0,0,0,0,0,0,0,0,0,0,0.0,0.0,0.0,68.05,0.0,2.75,1.08,0.0,7.85,2.3,0.0,7.01,10.13,0.0,0.0,0.0,0.0,0.0,0.0,0.0,0.0,0.0,0.0,0.83,0.0,0.0,0.0,0.0,0.0,0.0,0.0,0.0,0.0,0.0,0.0,0.0,0.0,0.0,0.0,0.0,0.0,0.0,0.0,0.0,0.0,0.0,0.0,0.0,0.0,0.0,0.0,0.0,0.0,0.0,0.0,0.0,0.0,0.0,0.0,0.0,100.0,0.0,286330,0,286330,2,1,1,1.0,Bin_6,,1.0,1.0,1.0,1.0,Bin_9,Bin_9_Bin_10,2.0,"1, 2",Bin_10,Bin_10,Bin_10,Bin_10,Bin_10,Bin_10,Bin_10,Bin_10
10,731792,10731792,0,10,-1,2,29,1,1,14,43,477,14402,6,28,58,124,7,33,66,136,4946,15481,30314,59373,29336.0,234,59139,100,0,1090,13820,431,23672,0,0,8946,2567,0,2809,3030,460,0,0,151,0,0,435,1063,28,32,47,0,0,0,92,0,601,0,0,0,0,0,0,0,0,0,0,0,0,0,0,0,0,0,0,0,0,0,0,0,0,0,0,0,0,0,0,0.17,0.0,1.84,23.28,0.73,39.87,0.0,0.0,15.07,4.32,0.0,4.73,5.1,0.77,0.0,0.0,0.25,0.0,0.0,0.73,1.79,0.05,0.05,0.08,0.0,0.0,0.0,0.15,0.0,1.01,0.0,0.0,0.0,0.0,0.0,0.0,0.0,0.0,0.0,0.0,0.0,0.0,0.0,0.0,0.0,0.0,0.0,0.0,0.0,0.0,0.0,0.0,0.0,0.0,0.0,0.0,0.0,0.0,0.0,0.0,98.83,1.17,58679,694,59373,3,2,1,1.0,Bin_2,1.0,1.0,1.0,1.0,1.0,Bin_7,Bin_5_Bin_6_Bin_7_Bin_8,3.0,3,Bin_4,Bin_1_Bin_2_Bin_3_Bin_4,Bin_7,Bin_7,Bin_7,Bin_7,Bin_8,Bin_8
20,706586,20706586,0,20,-1,3,12,1,1,14,43,476,19853,11,33,61,106,15,44,81,133,14178,40259,71283,103227,31944.0,103227,0,0,0,201,43710,515,2694,6862,5978,8684,1160,0,7855,17199,679,0,9,234,0,0,781,994,155,1928,147,0,18,215,496,1224,646,0,0,0,0,0,0,0,0,0,0,0,688,0,0,0,154,0,0,0,0,0,0,0,0,0,0,0,0,0,0,0.0,0.0,0.19,42.34,0.5,2.61,6.65,5.79,8.41,1.12,0.0,7.61,16.66,0.66,0.0,0.01,0.23,0.0,0.0,0.76,0.96,0.15,1.87,0.14,0.0,0.02,0.21,0.48,1.19,0.63,0.0,0.0,0.0,0.0,0.0,0.0,0.0,0.0,0.0,0.0,0.0,0.67,0.0,0.0,0.0,0.15,0.0,0.0,0.0,0.0,0.0,0.0,0.0,0.0,0.0,0.0,0.0,0.0,0.0,0.0,96.67,3.33,99785,3441,103227,1,1,1,1.0,Bin_9,,1.0,1.0,1.0,1.0,Bin_8,Bin_5_Bin_6_Bin_7_Bin_8,1.0,"1, 2",Bin_7,Bin_7,Bin_8,Bin_8,Bin_7,Bin_7,Bin_7,Bin_7
14,722018,14722018,0,14,-1,2,29,1,1,13,42,470,361,2,3,4,11,2,3,4,13,475,595,745,1617,872.0,1617,0,0,0,0,55,8,0,91,0,0,24,0,14,13,104,0,0,0,0,0,34,55,59,153,26,0,14,0,0,0,0,0,0,199,0,133,0,0,0,0,221,0,127,0,0,0,259,0,0,0,0,0,0,0,0,0,0,0,0,29,0,0.0,0.0,0.0,3.4,0.49,0.0,5.63,0.0,0.0,1.48,0.0,0.87,0.8,6.43,0.0,0.0,0.0,0.0,0.0,2.1,3.4,3.65,9.46,1.61,0.0,0.87,0.0,0.0,0.0,0.0,0.0,0.0,12.31,0.0,8.23,0.0,0.0,0.0,0.0,13.67,0.0,7.85,0.0,0.0,0.0,16.02,0.0,0.0,0.0,0.0,0.0,0.0,0.0,0.0,0.0,0.0,0.0,0.0,1.79,0.0,39.33,60.73,636,982,1617,2,1,1,1.0,Bin_6,,1.0,1.0,1.0,1.0,Bin_2,Bin_2,2.0,"1, 2",Bin_1,Bin_1_Bin_2_Bin_3_Bin_4,Bin_1,Bin_1_Bin_2,Bin_1,Bin_1_Bin_2_Bin_3_Bin_4,Bin_1,Bin_1_Bin_2_Bin_3_Bin_4_Bin_5
15,731617,15731617,0,15,-1,2,12,1,1,14,43,477,27598,10,32,78,111,11,39,95,141,12867,44821,92762,116139,24298.0,116139,0,0,0,266,28355,51,5480,36175,7892,1553,4349,0,1186,20935,45,0,0,73,0,0,3858,107,1473,0,110,0,3,8,998,26,2685,0,0,0,0,0,0,0,0,0,0,0,26,25,0,0,294,0,0,163,0,4,0,0,0,0,0,0,0,0,0,0.0,0.0,0.23,24.41,0.04,4.72,31.15,6.8,1.34,3.74,0.0,1.02,18.03,0.04,0.0,0.0,0.06,0.0,0.0,3.32,0.09,1.27,0.0,0.09,0.0,0.0,0.01,0.86,0.02,2.31,0.0,0.0,0.0,0.0,0.0,0.0,0.0,0.0,0.0,0.0,0.0,0.02,0.02,0.0,0.0,0.25,0.0,0.0,0.14,0.0,0.0,0.0,0.0,0.0,0.0,0.0,0.0,0.0,0.0,0.0,96.36,3.64,111908,4231,116139,2,1,1,1.0,Bin_7,,1.0,1.0,1.0,1.0,Bin_9,Bin_9_Bin_10,2.0,"1, 2",Bin_7,Bin_7,Bin_7,Bin_7,Bin_8,Bin_8,Bin_7,Bin_7
16,705353,16705353,0,16,-1,2,12,1,1,10,20,418,10789,14,37,72,133,15,44,79,148,6095,16085,29749,55603,25854.0,55603,0,320,0,469,14792,423,3411,9914,1507,1286,7202,0,656,7552,109,0,0,250,76,0,2001,1028,154,96,3600,0,0,0,108,100,238,0,0,0,0,0,0,0,0,0,0,0,186,0,0,13,0,0,0,113,0,0,0,0,0,0,0,0,0,0,0,0.58,0.0,0.84,26.6,0.76,6.13,17.83,2.71,2.31,12.95,0.0,1.18,13.58,0.2,0.0,0.0,0.45,0.14,0.0,3.6,1.85,0.28,0.17,6.47,0.0,0.0,0.0,0.19,0.18,0.43,0.0,0.0,0.0,0.0,0.0,0.0,0.0,0.0,0.0,0.0,0.0,0.33,0.0,0.0,0.02,0.0,0.0,0.0,0.2,0.0,0.0,0.0,0.0,0.0,0.0,0.0,0.0,0.0,0.0,0.0,98.64,1.36,54845,758,55603,1,1,1,1.0,Bin_8,,1.0,1.0,1.0,1.0,Bin_6,Bin_5_Bin_6_Bin_7_Bin_8,1.0,"1, 2",Bin_8,Bin_8,Bin_8,Bin_8,Bin_8,Bin_8,Bin_8,Bin_8
10,732716,10732716,0,10,-1,2,28,1,1,10,25,407,885,5,5,5,8,6,6,6,11,3335,3335,3335,6052,2718.0,415,5637,0,0,49,817,13,648,1817,250,151,0,0,275,791,24,0,0,0,0,0,191,20,0,4,593,0,0,0,0,0,0,0,0,0,0,0,0,0,0,0,0,0,0,0,0,0,0,0,0,408,0,0,0,0,0,0,0,0,0,0,0,0.0,0.0,0.81,13.5,0.21,10.71,30.02,4.13,2.5,0.0,0.0,4.54,13.07,0.4,0.0,0.0,0.0,0.0,0.0,3.16,0.33,0.0,0.07,9.8,0.0,0.0,0.0,0.0,0.0,0.0,0.0,0.0,0.0,0.0,0.0,0.0,0.0,0.0,0.0,0.0,0.0,0.0,0.0,0.0,0.0,0.0,0.0,0.0,6.74,0.0,0.0,0.0,0.0,0.0,0.0,0.0,0.0,0.0,0.0,0.0,93.27,6.74,5645,408,6052,3,2,1,1.0,Bin_2,1.0,1.0,1.0,1.0,1.0,Bin_2,Bin_2,3.0,3,Bin_3,Bin_1_Bin_2_Bin_3_Bin_4,Bin_1,Bin_1_Bin_2,Bin_1,Bin_1_Bin_2_Bin_3_Bin_4,Bin_1,Bin_1_Bin_2_Bin_3_Bin_4_Bin_5
15,719992,15719992,0,15,-1,3,20,1,1,10,23,432,14723,13,33,75,155,16,37,86,179,8835,20329,47273,117565,70292.0,117565,0,0,0,0,33767,0,850,2943,58884,347,6594,0,254,6669,117,0,0,115,108,0,779,363,689,0,1680,0,18,0,1599,865,354,0,0,0,0,0,0,0,0,0,0,0,18,0,0,23,430,0,0,81,0,15,0,0,0,0,0,0,0,0,0,0.0,0.0,0.0,28.72,0.0,0.72,2.5,50.09,0.3,5.61,0.0,0.22,5.67,0.1,0.0,0.0,0.1,0.09,0.0,0.66,0.31,0.59,0.0,1.43,0.0,0.02,0.0,1.36,0.74,0.3,0.0,0.0,0.0,0.0,0.0,0.0,0.0,0.0,0.0,0.0,0.0,0.02,0.0,0.0,0.02,0.37,0.0,0.0,0.07,0.0,0.01,0.0,0.0,0.0,0.0,0.0,0.0,0.0,0.0,0.0,97.11,2.89,114162,3403,117565,2,1,1,1.0,Bin_7,,1.0,1.0,1.0,1.0,Bin_7,Bin_5_Bin_6_Bin_7_Bin_8,2.0,"1, 2",Bin_8,Bin_8,Bin_8,Bin_8,Bin_8,Bin_8,Bin_9,Bin_9
10,733086,10733086,0,10,-1,2,28,1,1,10,25,407,31112,30,89,173,342,35,108,201,396,15563,49768,86160,162200,76473.0,882,161318,0,33,3012,21949,507,27738,15283,50143,445,1099,0,7675,29552,800,0,107,690,80,0,1867,5,142,19,73,0,25,0,218,0,223,0,0,0,0,0,0,0,0,0,0,0,0,0,0,0,46,6,0,438,0,0,0,0,0,0,8,0,17,0,0,0.0,0.02,1.86,13.53,0.31,17.1,9.42,30.91,0.27,0.68,0.0,4.73,18.22,0.49,0.0,0.07,0.43,0.05,0.0,1.15,0.0,0.09,0.01,0.05,0.0,0.02,0.0,0.13,0.0,0.14,0.0,0.0,0.0,0.0,0.0,0.0,0.0,0.0,0.0,0.0,0.0,0.0,0.0,0.0,0.0,0.03,0.0,0.0,0.27,0.0,0.0,0.0,0.0,0.0,0.0,0.0,0.0,0.01,0.0,0.0,99.38,0.62,161187,1013,162200,3,2,1,1.0,Bin_2,1.0,1.0,1.0,1.0,1.0,Bin_9,Bin_9_Bin_10,3.0,3,Bin_10,Bin_10,Bin_10,Bin_10,Bin_10,Bin_10,Bin_10,Bin_10
16,705517,16705517,0,16,-1,3,11,1,1,14,43,478,119697,12,34,62,67,24,73,173,180,121075,300996,537898,552704,14806.0,552704,0,0,0,4512,205708,857,31197,4740,29178,9952,22486,0,49846,113920,7052,0,0,259,509,0,13312,17153,9307,2365,3499,7032,0,0,174,1668,0,0,0,0,0,1927,75,0,0,22,0,540,3723,597,0,2775,71,622,0,0,0,0,0,4857,0,0,2770,0,0,0,0,0.0,0.0,0.82,37.22,0.16,5.64,0.86,5.28,1.8,4.07,0.0,9.02,20.61,1.28,0.0,0.0,0.05,0.09,0.0,2.41,3.1,1.68,0.43,0.63,1.27,0.0,0.0,0.03,0.3,0.0,0.0,0.0,0.0,0.0,0.35,0.01,0.0,0.0,0.0,0.0,0.1,0.67,0.11,0.0,0.5,0.01,0.11,0.0,0.0,0.0,0.0,0.0,0.88,0.0,0.0,0.5,0.0,0.0,0.0,0.0,95.14,4.86,525852,26852,552704,1,1,1,1.0,Bin_8,,1.0,1.0,1.0,1.0,Bin_10,Bin_9_Bin_10,1.0,"1, 2",Bin_8,Bin_8,Bin_8,Bin_8,Bin_7,Bin_7,Bin_5,Bin_1_Bin_2_Bin_3_Bin_4_Bin_5
10,717509,10717509,0,10,-1,4,36,1,1,12,41,387,5635,5,16,31,56,6,18,34,63,2471,6969,12190,21254,9064.0,0,21254,0,0,1775,6036,0,2489,0,0,0,415,0,3128,5360,0,0,0,0,0,0,125,1274,0,0,0,0,372,0,3,9,0,0,0,0,0,0,0,0,0,0,0,0,268,0,0,0,0,0,0,0,0,0,0,0,0,0,0,0,0,0,0,0.0,0.0,8.35,28.4,0.0,11.71,0.0,0.0,0.0,1.95,0.0,14.72,25.22,0.0,0.0,0.0,0.0,0.0,0.0,0.59,5.99,0.0,0.0,0.0,0.0,1.75,0.0,0.01,0.04,0.0,0.0,0.0,0.0,0.0,0.0,0.0,0.0,0.0,0.0,0.0,0.0,1.26,0.0,0.0,0.0,0.0,0.0,0.0,0.0,0.0,0.0,0.0,0.0,0.0,0.0,0.0,0.0,0.0,0.0,0.0,96.93,3.07,20602,652,21254,3,2,1,1.0,Bin_2,1.0,1.0,1.0,1.0,1.0,Bin_5,Bin_5_Bin_6_Bin_7_Bin_8,3.0,3,Bin_3,Bin_1_Bin_2_Bin_3_Bin_4,Bin_4,Bin_4_Bin_5,Bin_4,Bin_1_Bin_2_Bin_3_Bin_4,Bin_4,Bin_1_Bin_2_Bin_3_Bin_4_Bin_5
10,717574,10717574,0,10,-1,3,36,0,1,10,25,407,15391,11,33,61,116,19,57,115,228,7221,22010,43080,76184,33104.0,0,76184,0,0,2546,15413,27,8858,6995,2498,10849,120,0,7260,9095,510,0,98,60,0,0,2880,2869,4301,719,0,265,4,0,0,0,0,0,0,0,0,0,0,0,0,0,0,0,212,0,0,0,0,0,0,605,0,0,0,0,0,0,0,0,0,0,0,0.0,0.0,3.34,20.23,0.04,11.63,9.18,3.28,14.24,0.16,0.0,9.53,11.94,0.67,0.0,0.13,0.08,0.0,0.0,3.78,3.77,5.65,0.94,0.0,0.35,0.01,0.0,0.0,0.0,0.0,0.0,0.0,0.0,0.0,0.0,0.0,0.0,0.0,0.0,0.0,0.0,0.28,0.0,0.0,0.0,0.0,0.0,0.0,0.79,0.0,0.0,0.0,0.0,0.0,0.0,0.0,0.0,0.0,0.0,0.0,98.57,1.43,75098,1086,76184,3,2,1,1.0,Bin_2,1.0,1.0,1.0,1.0,1.0,Bin_7,Bin_5_Bin_6_Bin_7_Bin_8,3.0,3,Bin_7,Bin_7,Bin_8,Bin_8,Bin_7,Bin_7,Bin_7,Bin_7
14,725263,14725263,0,14,-1,2,28,1,1,17,74,372,4414,1,7,20,64,1,8,25,85,441,2085,5018,18634,13616.0,18634,0,200,0,541,6907,892,1883,0,0,926,3195,0,244,2899,127,0,0,0,0,0,500,118,67,0,23,0,0,0,98,0,0,0,0,0,0,0,0,0,0,0,0,0,0,0,0,13,0,0,0,0,0,0,0,0,0,0,0,0,0,0,0,1.07,0.0,2.9,37.07,4.79,10.11,0.0,0.0,4.97,17.15,0.0,1.31,15.56,0.68,0.0,0.0,0.0,0.0,0.0,2.68,0.63,0.36,0.0,0.12,0.0,0.0,0.0,0.53,0.0,0.0,0.0,0.0,0.0,0.0,0.0,0.0,0.0,0.0,0.0,0.0,0.0,0.0,0.0,0.0,0.07,0.0,0.0,0.0,0.0,0.0,0.0,0.0,0.0,0.0,0.0,0.0,0.0,0.0,0.0,0.0,99.4,0.6,18523,111,18634,2,1,1,1.0,Bin_6,,1.0,1.0,1.0,1.0,Bin_4,Bin_4,2.0,"1, 2",Bin_1,Bin_1_Bin_2_Bin_3_Bin_4,Bin_2,Bin_1_Bin_2,Bin_3,Bin_1_Bin_2_Bin_3_Bin_4,Bin_5,Bin_1_Bin_2_Bin_3_Bin_4_Bin_5
10,718349,10718349,0,10,-1,2,36,0,1,10,25,407,20356,7,30,51,132,12,44,76,213,9222,26780,52758,103244,50486.0,0,103244,75,0,2567,25909,262,12379,24704,2220,6978,5270,0,3577,16433,763,0,11,115,0,0,855,391,735,0,0,0,0,0,0,0,0,0,0,0,0,0,0,0,0,0,0,0,0,0,0,0,0,0,0,0,0,0,0,0,0,0,0,0,0,0,0,0.07,0.0,2.49,25.09,0.25,11.99,23.93,2.15,6.76,5.1,0.0,3.46,15.92,0.74,0.0,0.01,0.11,0.0,0.0,0.83,0.38,0.71,0.0,0.0,0.0,0.0,0.0,0.0,0.0,0.0,0.0,0.0,0.0,0.0,0.0,0.0,0.0,0.0,0.0,0.0,0.0,0.0,0.0,0.0,0.0,0.0,0.0,0.0,0.0,0.0,0.0,0.0,0.0,0.0,0.0,0.0,0.0,0.0,0.0,0.0,100.0,0.0,103244,0,103244,3,2,1,1.0,Bin_2,1.0,1.0,1.0,1.0,1.0,Bin_8,Bin_5_Bin_6_Bin_7_Bin_8,3.0,3,Bin_5,Bin_5,Bin_7,Bin_7,Bin_6,Bin_5_Bin_6,Bin_8,Bin_8
15,721153,15721153,0,15,-1,4,19,1,1,14,43,480,2543,1,6,9,9,1,10,14,14,455,6994,12527,12527,,12527,0,25,0,0,220,144,0,0,4811,0,0,0,64,870,44,0,0,0,0,0,352,0,0,15,67,4720,0,0,235,0,529,0,0,0,0,0,0,0,0,0,0,0,0,0,0,103,0,0,0,329,0,0,0,0,0,0,0,0,0,0,0,0.2,0.0,0.0,1.76,1.15,0.0,0.0,38.41,0.0,0.0,0.0,0.51,6.94,0.35,0.0,0.0,0.0,0.0,0.0,2.81,0.0,0.0,0.12,0.53,37.68,0.0,0.0,1.88,0.0,4.22,0.0,0.0,0.0,0.0,0.0,0.0,0.0,0.0,0.0,0.0,0.0,0.0,0.0,0.0,0.82,0.0,0.0,0.0,2.63,0.0,0.0,0.0,0.0,0.0,0.0,0.0,0.0,0.0,0.0,0.0,52.77,47.23,6611,5916,12527,2,1,1,1.0,Bin_7,,1.0,1.0,1.0,1.0,Bin_3,Bin_3,2.0,"1, 2",Bin_1,Bin_1_Bin_2_Bin_3_Bin_4,Bin_2,Bin_1_Bin_2,Bin_2,Bin_1_Bin_2_Bin_3_Bin_4,Bin_1,Bin_1_Bin_2_Bin_3_Bin_4_Bin_5
14,705681,14705681,0,14,-1,4,36,0,1,14,43,478,48713,22,52,122,251,44,103,235,490,30381,68422,154735,263190,109051.0,263190,0,0,0,1166,19872,466,15060,78921,38518,42264,14770,0,9914,27632,3901,0,949,0,0,0,523,0,0,2539,27,149,66,0,631,0,2229,0,0,0,0,7,43,0,0,0,208,71,3132,49,0,0,0,83,0,0,0,0,0,0,0,0,0,0,0,0,0,0.0,0.0,0.44,7.55,0.18,5.72,29.99,14.64,16.06,5.61,0.0,3.77,10.5,1.48,0.0,0.36,0.0,0.0,0.0,0.2,0.0,0.0,0.96,0.01,0.06,0.03,0.0,0.24,0.0,0.85,0.0,0.0,0.0,0.0,0.0,0.02,0.0,0.0,0.0,0.08,0.03,1.19,0.02,0.0,0.0,0.0,0.03,0.0,0.0,0.0,0.0,0.0,0.0,0.0,0.0,0.0,0.0,0.0,0.0,0.0,97.47,2.53,256521,6669,263190,2,1,1,1.0,Bin_6,,1.0,1.0,1.0,1.0,Bin_10,Bin_9_Bin_10,2.0,"1, 2",Bin_10,Bin_10,Bin_9,Bin_9,Bin_10,Bin_10,Bin_10,Bin_10
14,705751,14705751,0,14,-1,3,36,0,1,14,43,478,10250,5,15,33,60,6,18,39,77,5645,15151,29203,47354,18955.0,47354,0,0,0,1623,14475,2417,2926,14359,897,1334,1359,0,80,2828,311,0,510,1448,-243,0,0,0,0,646,518,283,74,0,281,0,625,0,0,0,0,0,0,0,0,113,0,0,490,0,0,0,0,0,0,0,0,0,0,0,0,0,0,0,0,0,0,0.0,0.0,3.43,30.57,5.1,6.18,30.32,1.89,2.82,2.87,0.0,0.17,5.97,0.66,0.0,1.08,3.06,-0.51,0.0,0.0,0.0,0.0,1.36,1.09,0.6,0.16,0.0,0.59,0.0,1.32,0.0,0.0,0.0,0.0,0.0,0.0,0.0,0.0,0.24,0.0,0.0,1.03,0.0,0.0,0.0,0.0,0.0,0.0,0.0,0.0,0.0,0.0,0.0,0.0,0.0,0.0,0.0,0.0,0.0,0.0,96.06,3.94,45487,1867,47354,2,1,1,1.0,Bin_6,,1.0,1.0,1.0,1.0,Bin_6,Bin_5_Bin_6_Bin_7_Bin_8,2.0,"1, 2",Bin_3,Bin_1_Bin_2_Bin_3_Bin_4,Bin_4,Bin_4_Bin_5,Bin_4,Bin_1_Bin_2_Bin_3_Bin_4,Bin_4,Bin_1_Bin_2_Bin_3_Bin_4_Bin_5
10,719606,10719606,0,10,-1,2,35,0,1,13,42,467,4023,5,11,23,62,5,11,25,67,2264,4689,8962,21411,12449.0,0,21411,100,0,779,0,0,0,0,13866,0,0,0,2426,112,2337,0,0,0,0,0,0,0,0,11,0,0,0,0,0,0,1780,0,0,0,0,0,0,0,0,0,0,0,0,0,0,0,0,0,0,0,0,0,0,0,0,0,0,0,0,0,0,0.47,0.0,3.64,0.0,0.0,0.0,0.0,64.76,0.0,0.0,0.0,11.33,0.52,10.91,0.0,0.0,0.0,0.0,0.0,0.0,0.0,0.0,0.05,0.0,0.0,0.0,0.0,0.0,0.0,8.31,0.0,0.0,0.0,0.0,0.0,0.0,0.0,0.0,0.0,0.0,0.0,0.0,0.0,0.0,0.0,0.0,0.0,0.0,0.0,0.0,0.0,0.0,0.0,0.0,0.0,0.0,0.0,0.0,0.0,0.0,91.69,8.31,19631,1780,21411,3,2,1,1.0,Bin_2,1.0,1.0,1.0,1.0,1.0,Bin_4,Bin_4,3.0,3,Bin_3,Bin_1_Bin_2_Bin_3_Bin_4,Bin_3,Bin_3,Bin_3,Bin_1_Bin_2_Bin_3_Bin_4,Bin_5,Bin_1_Bin_2_Bin_3_Bin_4_Bin_5
10,719604,10719604,0,10,-1,2,35,1,1,17,74,371,13245,13,35,70,147,16,45,84,180,6364,14426,27441,59041,31600.0,0,59041,75,0,2139,13389,371,9686,15221,909,2044,98,0,513,9361,479,0,31,26,0,0,1648,2303,306,112,0,0,0,0,0,191,15,0,0,0,0,0,0,0,0,0,0,0,123,0,0,0,0,0,0,0,0,0,0,0,0,0,0,0,0,0,0,0.13,0.0,3.62,22.68,0.63,16.41,25.78,1.54,3.46,0.17,0.0,0.87,15.86,0.81,0.0,0.05,0.04,0.0,0.0,2.79,3.9,0.52,0.19,0.0,0.0,0.0,0.0,0.0,0.32,0.03,0.0,0.0,0.0,0.0,0.0,0.0,0.0,0.0,0.0,0.0,0.0,0.21,0.0,0.0,0.0,0.0,0.0,0.0,0.0,0.0,0.0,0.0,0.0,0.0,0.0,0.0,0.0,0.0,0.0,0.0,99.44,0.56,58711,330,59041,3,2,1,1.0,Bin_2,1.0,1.0,1.0,1.0,1.0,Bin_7,Bin_5_Bin_6_Bin_7_Bin_8,3.0,3,Bin_8,Bin_8,Bin_8,Bin_8,Bin_8,Bin_8,Bin_8,Bin_8
13,704012,13704012,0,13,-1,2,10,1,1,10,25,407,23719,6,21,46,75,9,27,61,112,18168,45926,92630,151433,58803.0,145888,5545,11,0,2927,43169,109,3547,32968,916,4229,818,0,4859,45678,8025,0,17,565,75,0,88,6,27,0,242,0,47,0,540,466,166,0,0,0,0,0,0,0,0,0,0,0,1163,0,0,0,0,0,166,610,0,0,0,0,0,0,0,0,0,0,0,0.01,0.0,1.93,28.51,0.07,2.34,21.77,0.6,2.79,0.54,0.0,3.21,30.16,5.3,0.0,0.01,0.37,0.05,0.0,0.06,0.0,0.02,0.0,0.16,0.0,0.03,0.0,0.36,0.31,0.11,0.0,0.0,0.0,0.0,0.0,0.0,0.0,0.0,0.0,0.0,0.0,0.77,0.0,0.0,0.0,0.0,0.0,0.11,0.4,0.0,0.0,0.0,0.0,0.0,0.0,0.0,0.0,0.0,0.0,0.0,97.91,2.08,148275,3157,151433,3,2,1,1.0,Bin_5,,1.0,1.0,1.0,1.0,Bin_8,Bin_5_Bin_6_Bin_7_Bin_8,3.0,3,Bin_4,Bin_1_Bin_2_Bin_3_Bin_4,Bin_6,Bin_6,Bin_6,Bin_5_Bin_6,Bin_6,Bin_6
14,726870,14726870,0,14,-1,3,27,1,1,14,43,477,61650,11,33,103,202,19,56,286,532,20851,57568,259474,425636,168322.0,425636,0,0,0,14189,58531,10330,15094,139826,69548,12333,3369,0,22542,56179,2793,0,0,0,0,0,204,1011,0,1904,0,604,588,5,2353,3162,7026,13,0,1728,0,47,0,0,0,0,0,0,0,288,0,0,260,322,697,72,0,342,0,108,0,0,9,159,0,0,0,0.0,0.0,3.33,13.75,2.43,3.55,32.85,16.34,2.9,0.79,0.0,5.3,13.2,0.66,0.0,0.0,0.0,0.0,0.0,0.05,0.24,0.0,0.45,0.0,0.14,0.14,0.0,0.55,0.74,1.65,0.0,0.0,0.41,0.0,0.01,0.0,0.0,0.0,0.0,0.0,0.0,0.0,0.07,0.0,0.0,0.06,0.08,0.16,0.02,0.0,0.08,0.0,0.03,0.0,0.0,0.0,0.04,0.0,0.0,0.0,95.82,4.18,407852,17784,425636,2,1,1,1.0,Bin_6,,1.0,1.0,1.0,1.0,Bin_10,Bin_9_Bin_10,2.0,"1, 2",Bin_7,Bin_7,Bin_8,Bin_8,Bin_9,Bin_9,Bin_9,Bin_9
15,733863,15733863,0,15,-1,2,10,1,1,10,20,419,1802,3,6,8,12,5,8,11,15,2273,5485,6568,9371,2802.0,9371,0,0,0,108,1502,301,789,3371,929,628,685,0,141,661,255,0,0,0,0,0,0,0,0,0,0,0,0,0,0,0,0,0,0,0,0,0,0,0,0,0,0,0,0,0,0,0,0,0,0,0,0,0,0,0,0,0,0,0,0,0,0,0.0,0.0,1.15,16.03,3.21,8.42,35.97,9.91,6.7,7.31,0.0,1.5,7.05,2.72,0.0,0.0,0.0,0.0,0.0,0.0,0.0,0.0,0.0,0.0,0.0,0.0,0.0,0.0,0.0,0.0,0.0,0.0,0.0,0.0,0.0,0.0,0.0,0.0,0.0,0.0,0.0,0.0,0.0,0.0,0.0,0.0,0.0,0.0,0.0,0.0,0.0,0.0,0.0,0.0,0.0,0.0,0.0,0.0,0.0,0.0,100.0,0.0,9371,0,9371,2,1,1,1.0,Bin_7,,1.0,1.0,1.0,1.0,Bin_3,Bin_3,2.0,"1, 2",Bin_2,Bin_1_Bin_2_Bin_3_Bin_4,Bin_2,Bin_1_Bin_2,Bin_1,Bin_1_Bin_2_Bin_3_Bin_4,Bin_1,Bin_1_Bin_2_Bin_3_Bin_4_Bin_5
21,700420,21700420,0,21,-1,3,18,1,1,10,20,418,4148,7,18,34,66,7,19,36,79,4517,11163,20250,38467,18217.0,38467,0,0,0,411,9592,0,1205,7858,395,243,4575,0,216,2568,869,0,907,408,524,0,580,1339,575,1538,454,0,0,0,0,334,428,0,0,0,0,0,0,0,0,0,2413,0,29,0,0,94,0,0,0,93,0,202,0,0,0,0,618,0,0,0,0,0.0,0.0,1.07,24.94,0.0,3.13,20.43,1.03,0.63,11.89,0.0,0.56,6.68,2.26,0.0,2.36,1.06,1.36,0.0,1.51,3.48,1.49,4.0,1.18,0.0,0.0,0.0,0.0,0.87,1.11,0.0,0.0,0.0,0.0,0.0,0.0,0.0,0.0,0.0,6.27,0.0,0.08,0.0,0.0,0.24,0.0,0.0,0.0,0.24,0.0,0.53,0.0,0.0,0.0,0.0,1.61,0.0,0.0,0.0,0.0,89.05,10.95,34256,4211,38467,1,1,1,1.0,Bin_9,,1.0,1.0,1.0,1.0,Bin_4,Bin_4,1.0,"1, 2",Bin_5,Bin_5,Bin_5,Bin_4_Bin_5,Bin_5,Bin_5_Bin_6,Bin_5,Bin_1_Bin_2_Bin_3_Bin_4_Bin_5
15,712296,15712296,0,15,-1,3,26,1,1,10,20,418,5599,9,31,71,139,10,34,80,158,2436,7829,17556,35447,17891.0,35447,0,0,0,162,9237,1061,1350,1741,3582,1214,10063,0,447,3259,705,0,680,82,0,0,210,240,182,385,0,0,101,38,77,192,313,0,0,0,0,0,0,0,0,0,0,0,23,35,0,0,0,24,0,10,0,14,0,0,0,0,0,0,0,22,0,0.0,0.0,0.46,26.06,2.99,3.81,4.91,10.11,3.42,28.39,0.0,1.26,9.19,1.99,0.0,1.92,0.23,0.0,0.0,0.59,0.68,0.51,1.09,0.0,0.0,0.28,0.11,0.22,0.54,0.88,0.0,0.0,0.0,0.0,0.0,0.0,0.0,0.0,0.0,0.0,0.0,0.06,0.1,0.0,0.0,0.0,0.07,0.0,0.03,0.0,0.04,0.0,0.0,0.0,0.0,0.0,0.0,0.0,0.06,0.0,97.61,2.39,34599,848,35447,2,1,1,1.0,Bin_7,,1.0,1.0,1.0,1.0,Bin_5,Bin_5_Bin_6_Bin_7_Bin_8,2.0,"1, 2",Bin_6,Bin_6,Bin_7,Bin_7,Bin_8,Bin_8,Bin_8,Bin_8
21,700672,21700672,0,21,-1,2,18,1,1,10,20,419,57846,19,61,122,196,36,129,244,379,83653,238793,419677,604142,184465.0,604142,0,0,0,317,314355,1080,2829,171283,19639,34185,0,0,3147,40134,3443,0,162,0,0,0,425,9683,384,1116,39,0,0,0,159,0,0,0,0,0,0,0,0,0,0,0,0,0,876,0,0,0,0,75,0,810,0,0,0,0,0,0,0,0,0,0,0,0.0,0.0,0.05,52.03,0.18,0.47,28.35,3.25,5.66,0.0,0.0,0.52,6.64,0.57,0.0,0.03,0.0,0.0,0.0,0.07,1.6,0.06,0.18,0.01,0.0,0.0,0.0,0.03,0.0,0.0,0.0,0.0,0.0,0.0,0.0,0.0,0.0,0.0,0.0,0.0,0.0,0.14,0.0,0.0,0.0,0.0,0.01,0.0,0.13,0.0,0.0,0.0,0.0,0.0,0.0,0.0,0.0,0.0,0.0,0.0,99.68,0.32,602221,1921,604142,1,1,1,1.0,Bin_9,,1.0,1.0,1.0,1.0,Bin_10,Bin_9_Bin_10,1.0,"1, 2",Bin_9,Bin_9,Bin_10,Bin_10,Bin_10,Bin_10,Bin_9,Bin_9
16,700712,16700712,0,16,-1,3,18,1,1,14,43,477,23242,5,19,46,92,5,19,50,99,8121,35272,75019,106159,34980.0,106115,44,0,0,226,27896,2923,3087,5353,25788,2044,10733,0,1139,20225,207,0,317,773,0,0,436,55,887,10,27,0,56,62,1699,236,856,1115,0,0,0,0,0,0,0,0,0,0,12,0,0,0,0,0,0,0,0,0,0,0,0,0,0,0,0,0,0,0.0,0.0,0.21,26.28,2.75,2.91,5.04,24.29,1.93,10.11,0.0,1.07,19.05,0.19,0.0,0.3,0.73,0.0,0.0,0.41,0.05,0.84,0.01,0.03,0.0,0.05,0.06,1.6,0.22,0.81,1.05,0.0,0.0,0.0,0.0,0.0,0.0,0.0,0.0,0.0,0.0,0.01,0.0,0.0,0.0,0.0,0.0,0.0,0.0,0.0,0.0,0.0,0.0,0.0,0.0,0.0,0.0,0.0,0.0,0.0,96.2,3.8,102123,4036,106159,1,1,1,1.0,Bin_8,,1.0,1.0,1.0,1.0,Bin_8,Bin_5_Bin_6_Bin_7_Bin_8,1.0,"1, 2",Bin_3,Bin_1_Bin_2_Bin_3_Bin_4,Bin_5,Bin_4_Bin_5,Bin_6,Bin_5_Bin_6,Bin_6,Bin_6
16,707100,16707100,0,16,-1,3,0,1,1,14,43,478,29517,6,13,24,24,6,14,26,26,39413,71370,116830,116830,,116830,0,0,0,239,14603,2280,9735,18192,27876,8700,1098,0,9385,19103,391,0,14,131,0,0,553,0,0,0,0,0,0,0,25,0,186,0,0,0,0,618,0,0,0,0,1998,0,0,0,0,0,0,0,0,0,0,0,0,0,1705,0,0,0,0,0,0,0.0,0.0,0.2,12.5,1.95,8.33,15.57,23.86,7.45,0.94,0.0,8.03,16.35,0.33,0.0,0.01,0.11,0.0,0.0,0.47,0.0,0.0,0.0,0.0,0.0,0.0,0.0,0.02,0.0,0.16,0.0,0.0,0.0,0.0,0.53,0.0,0.0,0.0,0.0,1.71,0.0,0.0,0.0,0.0,0.0,0.0,0.0,0.0,0.0,0.0,0.0,0.0,0.0,1.46,0.0,0.0,0.0,0.0,0.0,0.0,96.12,3.88,112298,4531,116830,1,1,1,1.0,Bin_8,,1.0,1.0,1.0,1.0,Bin_9,Bin_9_Bin_10,1.0,"1, 2",Bin_4,Bin_1_Bin_2_Bin_3_Bin_4,Bin_4,Bin_4_Bin_5,Bin_3,Bin_1_Bin_2_Bin_3_Bin_4,Bin_2,Bin_1_Bin_2_Bin_3_Bin_4_Bin_5
14,709938,14709938,0,14,-1,10,34,1,1,12,41,387,3450,6,11,20,31,6,13,24,41,5758,9933,15063,24482,9420.0,24482,0,0,0,0,7352,0,3523,773,2790,34,227,0,2558,1841,3754,0,0,70,0,0,71,0,0,263,1170,0,0,0,55,0,0,0,0,0,0,0,0,0,0,0,0,0,0,0,0,0,0,0,0,0,0,0,0,0,0,0,0,0,0,0,0,0.0,0.0,0.0,30.03,0.0,14.39,3.16,11.4,0.14,0.93,0.0,10.45,7.52,15.33,0.0,0.0,0.29,0.0,0.0,0.29,0.0,0.0,1.07,4.78,0.0,0.0,0.0,0.22,0.0,0.0,0.0,0.0,0.0,0.0,0.0,0.0,0.0,0.0,0.0,0.0,0.0,0.0,0.0,0.0,0.0,0.0,0.0,0.0,0.0,0.0,0.0,0.0,0.0,0.0,0.0,0.0,0.0,0.0,0.0,0.0,99.78,0.22,24427,55,24482,2,1,1,1.0,Bin_6,,1.0,1.0,1.0,1.0,Bin_4,Bin_4,2.0,"1, 2",Bin_4,Bin_1_Bin_2_Bin_3_Bin_4,Bin_3,Bin_3,Bin_3,Bin_1_Bin_2_Bin_3_Bin_4,Bin_3,Bin_1_Bin_2_Bin_3_Bin_4_Bin_5
10,720332,10720332,0,10,-1,3,33,1,1,10,25,407,11700,20,57,115,201,25,81,164,279,19574,49478,84486,134070,50535.0,1549,132521,50,0,0,9975,0,8,98723,0,455,11,0,937,23264,0,0,76,75,0,0,0,0,0,0,330,0,0,0,0,0,0,0,0,0,0,0,0,0,0,0,0,0,0,0,0,0,166,0,0,0,0,0,0,0,0,0,0,0,0,0,0,0.04,0.0,0.0,7.44,0.0,0.01,73.64,0.0,0.34,0.01,0.0,0.7,17.35,0.0,0.0,0.06,0.06,0.0,0.0,0.0,0.0,0.0,0.0,0.25,0.0,0.0,0.0,0.0,0.0,0.0,0.0,0.0,0.0,0.0,0.0,0.0,0.0,0.0,0.0,0.0,0.0,0.0,0.0,0.0,0.0,0.12,0.0,0.0,0.0,0.0,0.0,0.0,0.0,0.0,0.0,0.0,0.0,0.0,0.0,0.0,99.88,0.12,133903,166,134070,3,2,1,1.0,Bin_2,1.0,1.0,1.0,1.0,1.0,Bin_6,Bin_5_Bin_6_Bin_7_Bin_8,3.0,3,Bin_10,Bin_10,Bin_10,Bin_10,Bin_10,Bin_10,Bin_9,Bin_9
20,703593,20703593,0,20,-1,3,16,1,1,14,43,477,36137,24,63,105,178,43,107,175,344,38401,82972,116351,167532,51181.0,167116,416,0,0,1586,49495,1115,5416,13008,17791,12171,1992,0,11860,28104,1897,0,56,700,82,0,61,2692,112,4011,39,0,219,0,719,1033,567,1268,0,1322,903,0,0,0,0,0,0,0,77,18,0,0,496,0,0,7,0,12,0,723,1974,0,6005,0,0,0,0,0.0,0.0,0.95,29.54,0.67,3.23,7.76,10.62,7.26,1.19,0.0,7.08,16.78,1.13,0.0,0.03,0.42,0.05,0.0,0.04,1.61,0.07,2.39,0.02,0.0,0.13,0.0,0.43,0.62,0.34,0.76,0.0,0.79,0.54,0.0,0.0,0.0,0.0,0.0,0.0,0.0,0.05,0.01,0.0,0.0,0.3,0.0,0.0,0.0,0.0,0.01,0.0,0.43,1.18,0.0,3.58,0.0,0.0,0.0,0.0,90.84,9.16,152188,15345,167532,1,1,1,1.0,Bin_9,,1.0,1.0,1.0,1.0,Bin_9,Bin_9_Bin_10,1.0,"1, 2",Bin_10,Bin_10,Bin_10,Bin_10,Bin_9,Bin_9,Bin_9,Bin_9
21,701889,21701889,0,21,-1,3,16,1,1,10,25,407,25635,20,60,128,252,30,87,193,392,9401,25235,57667,117245,59577.0,117245,0,25,0,3784,41217,29,9912,15348,2360,1664,9488,0,4558,18742,2592,0,109,377,10,0,3068,568,475,512,23,0,124,0,137,78,1143,0,0,0,0,0,0,0,0,0,0,0,260,44,0,49,0,0,0,521,9,21,0,0,0,0,0,0,0,0,0,0.02,0.0,3.23,35.15,0.02,8.45,13.09,2.01,1.42,8.09,0.0,3.89,15.99,2.21,0.0,0.09,0.32,0.01,0.0,2.62,0.48,0.41,0.44,0.02,0.0,0.11,0.0,0.12,0.07,0.97,0.0,0.0,0.0,0.0,0.0,0.0,0.0,0.0,0.0,0.0,0.0,0.22,0.04,0.0,0.04,0.0,0.0,0.0,0.44,0.01,0.02,0.0,0.0,0.0,0.0,0.0,0.0,0.0,0.0,0.0,97.96,2.04,114859,2386,117245,1,1,1,1.0,Bin_9,,1.0,1.0,1.0,1.0,Bin_8,Bin_5_Bin_6_Bin_7_Bin_8,1.0,"1, 2",Bin_10,Bin_10,Bin_10,Bin_10,Bin_10,Bin_10,Bin_10,Bin_10
15,725830,15725830,0,15,-1,3,16,1,1,12,41,387,4130,6,14,29,57,6,14,29,61,3979,10071,19376,37700,19041.0,37700,0,0,0,720,16951,0,3814,3143,433,3817,183,0,2426,5633,43,0,0,14,0,0,150,0,0,134,16,0,0,0,0,0,223,0,0,0,0,0,0,0,0,0,0,0,0,0,0,0,0,0,0,0,0,0,0,0,0,0,0,0,0,0,0,0.0,0.0,1.91,44.96,0.0,10.12,8.34,1.15,10.12,0.49,0.0,6.44,14.94,0.11,0.0,0.0,0.04,0.0,0.0,0.4,0.0,0.0,0.36,0.04,0.0,0.0,0.0,0.0,0.0,0.59,0.0,0.0,0.0,0.0,0.0,0.0,0.0,0.0,0.0,0.0,0.0,0.0,0.0,0.0,0.0,0.0,0.0,0.0,0.0,0.0,0.0,0.0,0.0,0.0,0.0,0.0,0.0,0.0,0.0,0.0,99.41,0.59,37477,223,37700,2,1,1,1.0,Bin_7,,1.0,1.0,1.0,1.0,Bin_4,Bin_4,2.0,"1, 2",Bin_4,Bin_1_Bin_2_Bin_3_Bin_4,Bin_4,Bin_4_Bin_5,Bin_4,Bin_1_Bin_2_Bin_3_Bin_4,Bin_4,Bin_1_Bin_2_Bin_3_Bin_4_Bin_5
15,700819,15700819,0,15,-1,3,33,1,1,10,20,418,13939,5,17,27,51,6,20,34,67,8957,28942,47305,84169,36864.0,84169,0,45,0,0,21271,0,3315,23146,598,5358,136,0,6537,10857,1431,0,129,979,0,0,2284,1213,2770,0,15,30,76,0,9,19,0,0,0,0,0,0,0,80,0,299,0,146,74,0,0,0,0,39,0,24,0,334,0,0,0,0,2956,0,0,0,0,0.05,0.0,0.0,25.27,0.0,3.94,27.5,0.71,6.37,0.16,0.0,7.77,12.9,1.7,0.0,0.15,1.16,0.0,0.0,2.71,1.44,3.29,0.0,0.02,0.04,0.09,0.0,0.01,0.02,0.0,0.0,0.0,0.0,0.0,0.0,0.0,0.1,0.0,0.36,0.0,0.17,0.09,0.0,0.0,0.0,0.0,0.05,0.0,0.03,0.0,0.4,0.0,0.0,0.0,0.0,3.51,0.0,0.0,0.0,0.0,95.15,4.85,80084,4084,84169,2,1,1,1.0,Bin_7,,1.0,1.0,1.0,1.0,Bin_7,Bin_5_Bin_6_Bin_7_Bin_8,2.0,"1, 2",Bin_3,Bin_1_Bin_2_Bin_3_Bin_4,Bin_5,Bin_4_Bin_5,Bin_4,Bin_1_Bin_2_Bin_3_Bin_4,Bin_4,Bin_1_Bin_2_Bin_3_Bin_4_Bin_5
15,725864,15725864,0,15,-1,3,16,1,1,10,23,432,29636,21,64,124,195,57,138,270,363,31266,75188,151892,221037,70103.0,221037,0,14,0,0,61966,185,1908,7141,97166,1855,16915,0,874,12157,258,0,1801,1967,1595,0,259,656,730,40,6438,315,62,18,2170,80,2968,0,0,0,0,0,0,0,0,0,0,0,0,0,0,221,1278,0,0,0,0,0,0,0,0,0,0,0,0,0,0,0.01,0.0,0.0,28.03,0.08,0.86,3.23,43.96,0.84,7.65,0.0,0.4,5.5,0.12,0.0,0.81,0.89,0.72,0.0,0.12,0.3,0.33,0.02,2.91,0.14,0.03,0.01,0.98,0.04,1.34,0.0,0.0,0.0,0.0,0.0,0.0,0.0,0.0,0.0,0.0,0.0,0.0,0.0,0.0,0.1,0.58,0.0,0.0,0.0,0.0,0.0,0.0,0.0,0.0,0.0,0.0,0.0,0.0,0.0,0.0,96.78,3.22,213924,7112,221037,2,1,1,1.0,Bin_7,,1.0,1.0,1.0,1.0,Bin_9,Bin_9_Bin_10,2.0,"1, 2",Bin_10,Bin_10,Bin_10,Bin_10,Bin_10,Bin_10,Bin_9,Bin_9
20,703751,20703751,0,20,-1,2,16,1,1,14,43,479,26045,15,35,68,139,23,49,90,196,16076,30514,57368,111245,54697.0,111245,0,25,0,427,23652,843,7043,8780,18480,3370,2709,0,8007,13509,2374,0,59,195,0,0,3788,6440,6474,0,10,0,87,0,1516,1163,1210,343,0,0,0,25,0,0,0,0,0,0,507,196,0,0,0,0,0,14,0,0,0,0,0,0,0,0,0,0,0,0.02,0.0,0.38,21.26,0.76,6.33,7.89,16.61,3.03,2.44,0.0,7.2,12.14,2.13,0.0,0.05,0.18,0.0,0.0,3.41,5.79,5.82,0.0,0.01,0.0,0.08,0.0,1.36,1.05,1.09,0.31,0.0,0.0,0.0,0.02,0.0,0.0,0.0,0.0,0.0,0.0,0.46,0.18,0.0,0.0,0.0,0.0,0.0,0.01,0.0,0.0,0.0,0.0,0.0,0.0,0.0,0.0,0.0,0.0,0.0,95.45,4.55,106185,5060,111245,1,1,1,1.0,Bin_9,,1.0,1.0,1.0,1.0,Bin_8,Bin_5_Bin_6_Bin_7_Bin_8,1.0,"1, 2",Bin_8,Bin_8,Bin_8,Bin_8,Bin_8,Bin_8,Bin_8,Bin_8
22,730132,22730132,0,22,-1,3,24,1,1,14,43,479,6375,7,17,30,30,9,21,36,36,6334,17645,30828,30828,,30828,0,0,0,174,7969,86,1924,4094,2582,2083,1476,0,938,5232,245,0,237,38,41,0,1372,892,627,5,264,0,0,0,187,67,0,0,0,0,0,0,0,0,150,0,0,0,0,0,0,0,145,0,0,0,0,0,0,0,0,0,0,0,0,0,0,0.0,0.0,0.56,25.85,0.28,6.24,13.28,8.38,6.76,4.79,0.0,3.04,16.97,0.79,0.0,0.77,0.12,0.13,0.0,4.45,2.89,2.03,0.02,0.86,0.0,0.0,0.0,0.61,0.22,0.0,0.0,0.0,0.0,0.0,0.0,0.0,0.0,0.49,0.0,0.0,0.0,0.0,0.0,0.0,0.0,0.47,0.0,0.0,0.0,0.0,0.0,0.0,0.0,0.0,0.0,0.0,0.0,0.0,0.0,0.0,98.22,1.78,30279,549,30828,1,1,1,1.0,Bin_9,,1.0,1.0,1.0,1.0,Bin_5,Bin_5_Bin_6_Bin_7_Bin_8,1.0,"1, 2",Bin_5,Bin_5,Bin_5,Bin_4_Bin_5,Bin_4,Bin_1_Bin_2_Bin_3_Bin_4,Bin_2,Bin_1_Bin_2_Bin_3_Bin_4_Bin_5
20,704107,20704107,0,20,-1,2,16,1,1,14,43,476,20462,13,35,68,145,14,45,82,181,10399,22824,43839,92493,48654.0,92493,0,25,0,757,34062,646,10933,7049,2331,4558,1322,0,2788,16167,1034,0,0,328,0,0,2655,1684,1618,152,0,183,16,141,642,2031,601,0,0,0,0,0,0,0,0,0,0,0,214,48,0,0,0,0,0,503,0,0,0,0,0,0,5,0,0,0,0,0.03,0.0,0.82,36.83,0.7,11.82,7.62,2.52,4.93,1.43,0.0,3.01,17.48,1.12,0.0,0.0,0.35,0.0,0.0,2.87,1.82,1.75,0.16,0.0,0.2,0.02,0.15,0.69,2.2,0.65,0.0,0.0,0.0,0.0,0.0,0.0,0.0,0.0,0.0,0.0,0.0,0.23,0.05,0.0,0.0,0.0,0.0,0.0,0.54,0.0,0.0,0.0,0.0,0.0,0.0,0.01,0.0,0.0,0.0,0.0,95.26,4.74,88109,4384,92493,1,1,1,1.0,Bin_9,,1.0,1.0,1.0,1.0,Bin_8,Bin_5_Bin_6_Bin_7_Bin_8,1.0,"1, 2",Bin_8,Bin_8,Bin_8,Bin_8,Bin_8,Bin_8,Bin_8,Bin_8
21,707716,21707716,0,21,-1,3,0,1,1,14,43,476,3554,5,13,30,30,6,15,35,35,2993,6517,13194,13194,,13179,16,0,0,0,3995,57,1408,0,2719,0,1877,0,225,1470,182,0,0,0,0,0,204,493,72,0,0,0,62,0,0,0,87,0,0,0,0,0,0,0,0,0,0,0,0,345,0,0,0,0,0,0,0,0,0,0,0,0,0,0,0,0,0,0.0,0.0,0.0,30.28,0.43,10.67,0.0,20.61,0.0,14.23,0.0,1.71,11.14,1.38,0.0,0.0,0.0,0.0,0.0,1.55,3.74,0.55,0.0,0.0,0.0,0.47,0.0,0.0,0.0,0.66,0.0,0.0,0.0,0.0,0.0,0.0,0.0,0.0,0.0,0.0,0.0,0.0,2.61,0.0,0.0,0.0,0.0,0.0,0.0,0.0,0.0,0.0,0.0,0.0,0.0,0.0,0.0,0.0,0.0,0.0,96.26,3.74,12701,493,13194,1,1,1,1.0,Bin_9,,1.0,1.0,1.0,1.0,Bin_4,Bin_4,1.0,"1, 2",Bin_3,Bin_1_Bin_2_Bin_3_Bin_4,Bin_4,Bin_4_Bin_5,Bin_4,Bin_1_Bin_2_Bin_3_Bin_4,Bin_2,Bin_1_Bin_2_Bin_3_Bin_4_Bin_5
16,702452,16702452,0,16,-1,2,15,1,1,11,40,399,2500,3,14,26,36,3,14,26,36,2415,8235,13489,16580,3091.0,16580,0,0,0,0,1769,0,198,6565,1440,0,0,0,0,6590,0,0,0,0,0,0,0,0,0,0,0,0,0,0,19,0,0,0,0,0,0,0,0,0,0,0,0,0,0,0,0,0,0,0,0,0,0,0,0,0,0,0,0,0,0,0,0,0.0,0.0,0.0,10.67,0.0,1.19,39.6,8.69,0.0,0.0,0.0,0.0,39.75,0.0,0.0,0.0,0.0,0.0,0.0,0.0,0.0,0.0,0.0,0.0,0.0,0.0,0.0,0.11,0.0,0.0,0.0,0.0,0.0,0.0,0.0,0.0,0.0,0.0,0.0,0.0,0.0,0.0,0.0,0.0,0.0,0.0,0.0,0.0,0.0,0.0,0.0,0.0,0.0,0.0,0.0,0.0,0.0,0.0,0.0,0.0,99.89,0.11,16561,19,16580,1,1,1,1.0,Bin_8,,1.0,1.0,1.0,1.0,Bin_3,Bin_3,1.0,"1, 2",Bin_2,Bin_1_Bin_2_Bin_3_Bin_4,Bin_4,Bin_4_Bin_5,Bin_4,Bin_1_Bin_2_Bin_3_Bin_4,Bin_3,Bin_1_Bin_2_Bin_3_Bin_4_Bin_5
21,708083,21708083,0,21,-1,10,0,1,1,10,20,419,3333,2,10,25,25,2,12,35,35,1555,4053,12709,12709,,12709,0,75,0,442,4390,0,19,0,0,2044,1024,0,296,677,100,0,583,90,223,0,0,0,0,207,2539,0,0,0,0,0,0,0,0,0,0,0,0,0,0,0,0,0,0,0,0,0,0,0,0,0,0,0,0,0,0,0,0,0,0,0,0,0.59,0.0,3.48,34.54,0.0,0.15,0.0,0.0,16.08,8.06,0.0,2.33,5.33,0.79,0.0,4.59,0.71,1.75,0.0,0.0,0.0,0.0,1.63,19.98,0.0,0.0,0.0,0.0,0.0,0.0,0.0,0.0,0.0,0.0,0.0,0.0,0.0,0.0,0.0,0.0,0.0,0.0,0.0,0.0,0.0,0.0,0.0,0.0,0.0,0.0,0.0,0.0,0.0,0.0,0.0,0.0,0.0,0.0,0.0,0.0,100.0,0.0,12709,0,12709,1,1,1,1.0,Bin_9,,1.0,1.0,1.0,1.0,Bin_3,Bin_3,1.0,"1, 2",Bin_1,Bin_1_Bin_2_Bin_3_Bin_4,Bin_3,Bin_3,Bin_4,Bin_1_Bin_2_Bin_3_Bin_4,Bin_2,Bin_1_Bin_2_Bin_3_Bin_4_Bin_5
12,499173,12499173,0,12,-1,3,131,3,1,10,22,404,31,1,1,1,1,1,1,1,1,80,80,80,80,,0,80,0,0,0,0,0,37,0,42,0,0,0,0,0,0,0,0,0,0,0,1,0,0,0,0,0,0,0,0,0,0,0,0,0,0,0,0,0,0,0,0,0,0,0,0,0,0,0,0,0,0,0,0,0,0,0,0,0,0,0,0,0.0,0.0,0.0,0.0,0.0,46.25,0.0,52.5,0.0,0.0,0.0,0.0,0.0,0.0,0.0,0.0,0.0,0.0,0.0,1.25,0.0,0.0,0.0,0.0,0.0,0.0,0.0,0.0,0.0,0.0,0.0,0.0,0.0,0.0,0.0,0.0,0.0,0.0,0.0,0.0,0.0,0.0,0.0,0.0,0.0,0.0,0.0,0.0,0.0,0.0,0.0,0.0,0.0,0.0,0.0,0.0,0.0,0.0,0.0,0.0,100.0,0.0,80,0,80,3,2,1,1.0,Bin_4,,1.0,1.0,1.0,1.0,Bin_1,Bin_1,3.0,3,Bin_1,Bin_1_Bin_2_Bin_3_Bin_4,Bin_1,Bin_1_Bin_2,Bin_1,Bin_1_Bin_2_Bin_3_Bin_4,Bin_1,Bin_1_Bin_2_Bin_3_Bin_4_Bin_5
12,476910,12476910,0,12,-1,2,203,2,3,30,67,98,-2511,9,30,66,133,11,36,79,158,3398,11819,22611,36855,14394.0,36305,549,3,0,86,427,20,215,717,70,528,1438,0,55,197,1596,0,5242,162,10667,0,40,76,350,458,13351,79,102,0,0,23,216,0,33,499,0,6,0,0,0,0,0,0,49,0,0,0,0,14,0,59,0,0,0,0,0,0,0,75,5,0,0,0.01,0.0,0.23,1.16,0.05,0.58,1.95,0.19,1.43,3.9,0.0,0.15,0.53,4.33,0.0,14.22,0.44,28.94,0.0,0.11,0.21,0.95,1.24,36.23,0.21,0.28,0.0,0.0,0.06,0.59,0.0,0.09,1.35,0.0,0.02,0.0,0.0,0.0,0.0,0.0,0.0,0.13,0.0,0.0,0.0,0.0,0.04,0.0,0.16,0.0,0.0,0.0,0.0,0.0,0.0,0.0,0.2,0.01,0.0,0.0,96.86,3.14,35696,1159,36855,3,2,1,1.0,Bin_4,,1.0,1.0,1.0,1.0,Bin_1,Bin_1,3.0,3,Bin_6,Bin_6,Bin_7,Bin_7,Bin_8,Bin_8,Bin_8,Bin_8
10,725285,10725285,0,10,-1,4,32,1,1,11,40,448,43241,15,48,78,142,35,116,172,297,20654,249522,315834,585947,270362.0,0,585947,0,0,3492,10797,1172,12788,499524,3064,9659,3549,0,8766,29508,494,0,90,1552,0,0,1,0,0,3,979,0,0,0,15,0,216,0,0,0,0,0,0,0,0,0,0,0,0,0,0,0,278,0,0,0,0,0,0,0,0,0,0,0,0,0,0,0.0,0.0,0.6,1.84,0.2,2.18,85.25,0.52,1.65,0.61,0.0,1.5,5.04,0.08,0.0,0.02,0.26,0.0,0.0,0.0,0.0,0.0,0.0,0.17,0.0,0.0,0.0,0.0,0.0,0.04,0.0,0.0,0.0,0.0,0.0,0.0,0.0,0.0,0.0,0.0,0.0,0.0,0.0,0.0,0.0,0.05,0.0,0.0,0.0,0.0,0.0,0.0,0.0,0.0,0.0,0.0,0.0,0.0,0.0,0.0,99.91,0.09,585438,509,585947,3,2,1,1.0,Bin_2,1.0,1.0,1.0,1.0,1.0,Bin_9,Bin_9_Bin_10,3.0,3,Bin_8,Bin_8,Bin_9,Bin_9,Bin_8,Bin_8,Bin_8,Bin_8
15,716290,15716290,0,15,-1,3,23,1,1,12,41,387,14224,5,14,34,68,5,15,44,93,8011,25887,53734,114789,61011.0,114789,0,0,0,151,39469,96,1439,44994,1428,1677,0,0,4,23865,0,0,0,0,-237,0,16,0,0,0,837,0,0,0,0,0,0,0,0,0,0,0,0,0,0,0,0,0,0,0,0,0,0,0,0,0,0,0,0,0,0,0,0,1050,0,0,0,0.0,0.0,0.13,34.38,0.08,1.25,39.2,1.24,1.46,0.0,0.0,0.0,20.79,0.0,0.0,0.0,0.0,-0.21,0.0,0.01,0.0,0.0,0.0,0.73,0.0,0.0,0.0,0.0,0.0,0.0,0.0,0.0,0.0,0.0,0.0,0.0,0.0,0.0,0.0,0.0,0.0,0.0,0.0,0.0,0.0,0.0,0.0,0.0,0.0,0.0,0.0,0.0,0.0,0.0,0.0,0.0,0.91,0.0,0.0,0.0,99.09,0.91,113739,1050,114789,2,1,1,1.0,Bin_7,,1.0,1.0,1.0,1.0,Bin_7,Bin_5_Bin_6_Bin_7_Bin_8,2.0,"1, 2",Bin_3,Bin_1_Bin_2_Bin_3_Bin_4,Bin_4,Bin_4_Bin_5,Bin_5,Bin_5_Bin_6,Bin_5,Bin_1_Bin_2_Bin_3_Bin_4_Bin_5
16,703178,16703178,0,16,-1,5,14,1,1,14,43,478,229204,9,21,47,114,18,57,120,286,63565,166464,350229,1392324,1042096.0,1392324,0,211,0,8466,285462,3682,72719,1556,43699,8782,26018,0,61445,142905,79754,0,377241,24341,47468,0,35292,12623,9036,660,144303,0,0,0,80,401,792,0,0,0,0,0,0,0,0,0,0,0,2795,96,0,1801,212,387,0,12,0,0,0,0,0,0,0,0,0,87,0,0.02,0.0,0.61,20.5,0.26,5.22,0.11,3.14,0.63,1.87,0.0,4.41,10.26,5.73,0.0,27.09,1.75,3.41,0.0,2.53,0.91,0.65,0.05,10.36,0.0,0.0,0.0,0.01,0.03,0.06,0.0,0.0,0.0,0.0,0.0,0.0,0.0,0.0,0.0,0.0,0.0,0.2,0.01,0.0,0.13,0.02,0.03,0.0,0.0,0.0,0.0,0.0,0.0,0.0,0.0,0.0,0.0,0.0,0.01,0.0,99.52,0.48,1385663,6662,1392324,1,1,1,1.0,Bin_8,,1.0,1.0,1.0,1.0,Bin_10,Bin_9_Bin_10,1.0,"1, 2",Bin_6,Bin_6,Bin_6,Bin_6,Bin_6,Bin_5_Bin_6,Bin_7,Bin_7
10,727116,10727116,0,10,-1,2,31,1,7,78,88,899,1900,3,6,12,22,3,6,12,22,914,2225,4400,7806,3406.0,0,7806,75,0,32,289,0,0,0,0,0,46,0,0,122,1700,0,89,328,0,0,450,1704,2013,51,571,0,4,0,19,192,0,0,0,0,0,0,0,0,0,0,0,0,46,0,0,0,0,0,0,17,0,58,0,0,0,0,0,0,0,0,0,0.96,0.0,0.41,3.7,0.0,0.0,0.0,0.0,0.0,0.59,0.0,0.0,1.56,21.78,0.0,1.14,4.2,0.0,0.0,5.76,21.83,25.79,0.65,7.31,0.0,0.05,0.0,0.24,2.46,0.0,0.0,0.0,0.0,0.0,0.0,0.0,0.0,0.0,0.0,0.0,0.0,0.59,0.0,0.0,0.0,0.0,0.0,0.0,0.22,0.0,0.74,0.0,0.0,0.0,0.0,0.0,0.0,0.0,0.0,0.0,95.71,4.3,7471,336,7806,3,2,1,1.0,Bin_2,1.0,1.0,1.0,1.0,1.0,Bin_3,Bin_3,3.0,3,Bin_2,Bin_1_Bin_2_Bin_3_Bin_4,Bin_2,Bin_1_Bin_2,Bin_2,Bin_1_Bin_2_Bin_3_Bin_4,Bin_2,Bin_1_Bin_2_Bin_3_Bin_4_Bin_5
21,703518,21703518,0,21,-1,10,14,1,1,11,40,448,5619,3,9,17,36,4,10,18,41,3065,9269,14495,37097,22602.0,37097,0,0,0,142,11271,0,3412,8084,3791,44,0,0,1104,5209,3283,0,0,0,0,0,428,0,0,81,247,0,0,0,0,0,0,0,0,0,0,0,0,0,0,0,0,0,0,0,0,0,0,0,0,0,0,0,0,0,0,0,0,0,0,0,0,0.0,0.0,0.38,30.38,0.0,9.2,21.79,10.22,0.12,0.0,0.0,2.98,14.04,8.85,0.0,0.0,0.0,0.0,0.0,1.15,0.0,0.0,0.22,0.67,0.0,0.0,0.0,0.0,0.0,0.0,0.0,0.0,0.0,0.0,0.0,0.0,0.0,0.0,0.0,0.0,0.0,0.0,0.0,0.0,0.0,0.0,0.0,0.0,0.0,0.0,0.0,0.0,0.0,0.0,0.0,0.0,0.0,0.0,0.0,0.0,100.0,0.0,37097,0,37097,1,1,1,1.0,Bin_9,,1.0,1.0,1.0,1.0,Bin_5,Bin_5_Bin_6_Bin_7_Bin_8,1.0,"1, 2",Bin_2,Bin_1_Bin_2_Bin_3_Bin_4,Bin_2,Bin_1_Bin_2,Bin_3,Bin_1_Bin_2_Bin_3_Bin_4,Bin_3,Bin_1_Bin_2_Bin_3_Bin_4_Bin_5
14,735038,14735038,0,14,-1,9,22,1,1,12,41,387,33657,14,40,80,165,14,45,109,230,7319,27276,57366,113673,56307.0,108601,5072,0,0,9188,17418,0,0,35884,213,13887,11480,0,6785,4448,10653,0,0,0,0,0,0,0,0,1683,2033,0,0,0,0,0,0,0,0,0,0,0,0,0,0,0,0,0,0,0,0,0,0,0,0,0,0,0,0,0,0,0,0,0,0,0,0,0.0,0.0,8.08,15.32,0.0,0.0,31.57,0.19,12.22,10.1,0.0,5.97,3.91,9.37,0.0,0.0,0.0,0.0,0.0,0.0,0.0,0.0,1.48,1.79,0.0,0.0,0.0,0.0,0.0,0.0,0.0,0.0,0.0,0.0,0.0,0.0,0.0,0.0,0.0,0.0,0.0,0.0,0.0,0.0,0.0,0.0,0.0,0.0,0.0,0.0,0.0,0.0,0.0,0.0,0.0,0.0,0.0,0.0,0.0,0.0,100.0,0.0,113673,0,113673,2,1,1,1.0,Bin_6,,1.0,1.0,1.0,1.0,Bin_9,Bin_9_Bin_10,2.0,"1, 2",Bin_8,Bin_8,Bin_8,Bin_8,Bin_8,Bin_8,Bin_9,Bin_9
14,735041,14735041,0,14,-1,9,22,1,1,12,41,387,27703,12,29,57,104,18,38,70,133,12484,29146,54587,103523,48936.0,103523,0,0,0,3814,13990,0,2222,27730,3318,5397,12830,0,6573,7094,10437,0,0,0,0,0,0,0,0,1123,8997,0,0,0,0,0,0,0,0,0,0,0,0,0,0,0,0,0,0,0,0,0,0,0,0,0,0,0,0,0,0,0,0,0,0,0,0,0.0,0.0,3.68,13.51,0.0,2.15,26.79,3.21,5.21,12.39,0.0,6.35,6.85,10.08,0.0,0.0,0.0,0.0,0.0,0.0,0.0,0.0,1.08,8.69,0.0,0.0,0.0,0.0,0.0,0.0,0.0,0.0,0.0,0.0,0.0,0.0,0.0,0.0,0.0,0.0,0.0,0.0,0.0,0.0,0.0,0.0,0.0,0.0,0.0,0.0,0.0,0.0,0.0,0.0,0.0,0.0,0.0,0.0,0.0,0.0,100.0,0.0,103523,0,103523,2,1,1,1.0,Bin_6,,1.0,1.0,1.0,1.0,Bin_9,Bin_9_Bin_10,2.0,"1, 2",Bin_8,Bin_8,Bin_7,Bin_7,Bin_7,Bin_7,Bin_7,Bin_7
14,735039,14735039,0,14,-1,9,22,1,1,12,41,387,6012,9,12,12,13,15,20,20,22,12403,17984,17984,17984,0.0,17984,0,0,0,831,2413,0,64,4423,0,1751,898,0,4687,1369,916,0,0,0,0,0,0,0,0,276,356,0,0,0,0,0,0,0,0,0,0,0,0,0,0,0,0,0,0,0,0,0,0,0,0,0,0,0,0,0,0,0,0,0,0,0,0,0.0,0.0,4.62,13.42,0.0,0.36,24.59,0.0,9.74,4.99,0.0,26.06,7.61,5.09,0.0,0.0,0.0,0.0,0.0,0.0,0.0,0.0,1.53,1.98,0.0,0.0,0.0,0.0,0.0,0.0,0.0,0.0,0.0,0.0,0.0,0.0,0.0,0.0,0.0,0.0,0.0,0.0,0.0,0.0,0.0,0.0,0.0,0.0,0.0,0.0,0.0,0.0,0.0,0.0,0.0,0.0,0.0,0.0,0.0,0.0,100.0,0.0,17984,0,17984,2,1,1,1.0,Bin_6,,1.0,1.0,1.0,1.0,Bin_5,Bin_5_Bin_6_Bin_7_Bin_8,2.0,"1, 2",Bin_6,Bin_6,Bin_3,Bin_3,Bin_2,Bin_1_Bin_2_Bin_3_Bin_4,Bin_1,Bin_1_Bin_2_Bin_3_Bin_4_Bin_5
14,735025,14735025,0,14,-1,10,22,1,1,12,41,387,123780,15,40,79,160,23,84,170,360,23249,101854,200498,435324,238181.0,435324,0,0,0,16362,82886,293,5508,142684,3137,36873,52964,0,7560,24809,33702,0,0,0,0,0,0,0,0,9466,19082,0,0,0,0,0,0,0,0,0,0,0,0,0,0,0,0,0,0,0,0,0,0,0,0,0,0,0,0,0,0,0,0,0,0,0,0,0.0,0.0,3.76,19.04,0.07,1.27,32.78,0.72,8.47,12.17,0.0,1.74,5.7,7.74,0.0,0.0,0.0,0.0,0.0,0.0,0.0,0.0,2.17,4.38,0.0,0.0,0.0,0.0,0.0,0.0,0.0,0.0,0.0,0.0,0.0,0.0,0.0,0.0,0.0,0.0,0.0,0.0,0.0,0.0,0.0,0.0,0.0,0.0,0.0,0.0,0.0,0.0,0.0,0.0,0.0,0.0,0.0,0.0,0.0,0.0,100.0,0.0,435324,0,435324,2,1,1,1.0,Bin_6,,1.0,1.0,1.0,1.0,Bin_10,Bin_9_Bin_10,2.0,"1, 2",Bin_8,Bin_8,Bin_8,Bin_8,Bin_8,Bin_8,Bin_9,Bin_9
14,735035,14735035,0,14,-1,9,22,1,1,12,41,387,11572,5,19,28,42,10,24,34,59,4332,21630,27799,38620,10822.0,26399,12221,0,0,3338,4038,8,89,5033,0,628,2373,0,10278,1596,4763,0,0,0,0,0,0,0,0,507,5970,0,0,0,0,0,0,0,0,0,0,0,0,0,0,0,0,0,0,0,0,0,0,0,0,0,0,0,0,0,0,0,0,0,0,0,0,0.0,0.0,8.64,10.46,0.02,0.23,13.03,0.0,1.63,6.14,0.0,26.61,4.13,12.33,0.0,0.0,0.0,0.0,0.0,0.0,0.0,0.0,1.31,15.46,0.0,0.0,0.0,0.0,0.0,0.0,0.0,0.0,0.0,0.0,0.0,0.0,0.0,0.0,0.0,0.0,0.0,0.0,0.0,0.0,0.0,0.0,0.0,0.0,0.0,0.0,0.0,0.0,0.0,0.0,0.0,0.0,0.0,0.0,0.0,0.0,100.0,0.0,38620,0,38620,2,1,1,1.0,Bin_6,,1.0,1.0,1.0,1.0,Bin_6,Bin_5_Bin_6_Bin_7_Bin_8,2.0,"1, 2",Bin_3,Bin_1_Bin_2_Bin_3_Bin_4,Bin_5,Bin_4_Bin_5,Bin_4,Bin_1_Bin_2_Bin_3_Bin_4,Bin_3,Bin_1_Bin_2_Bin_3_Bin_4_Bin_5
15,717515,15717515,0,15,-1,9,22,1,1,12,41,387,156621,17,50,93,190,39,99,228,507,32259,97037,239690,541148,308666.0,534561,6588,0,0,28948,92414,292,10189,167019,10711,51301,73869,0,15980,32789,18333,0,0,0,0,0,55,0,0,7304,31946,0,0,0,0,0,0,0,0,0,0,0,0,0,0,0,0,0,0,0,0,0,0,0,0,0,0,0,0,0,0,0,0,0,0,0,0,0.0,0.0,5.35,17.08,0.05,1.88,30.86,1.98,9.48,13.65,0.0,2.95,6.06,3.39,0.0,0.0,0.0,0.0,0.0,0.01,0.0,0.0,1.35,5.9,0.0,0.0,0.0,0.0,0.0,0.0,0.0,0.0,0.0,0.0,0.0,0.0,0.0,0.0,0.0,0.0,0.0,0.0,0.0,0.0,0.0,0.0,0.0,0.0,0.0,0.0,0.0,0.0,0.0,0.0,0.0,0.0,0.0,0.0,0.0,0.0,100.0,0.0,541148,0,541148,2,1,1,1.0,Bin_7,,1.0,1.0,1.0,1.0,Bin_10,Bin_9_Bin_10,2.0,"1, 2",Bin_9,Bin_9,Bin_9,Bin_9,Bin_9,Bin_9,Bin_9,Bin_9
15,717465,15717465,0,15,-1,9,22,1,1,12,41,387,25963,14,34,61,105,14,36,63,110,11317,25051,40251,72490,32239.0,72490,0,0,0,5095,0,0,0,0,0,0,0,0,43792,342,17806,0,0,0,0,0,0,0,0,1323,4131,0,0,0,0,0,0,0,0,0,0,0,0,0,0,0,0,0,0,0,0,0,0,0,0,0,0,0,0,0,0,0,0,0,0,0,0,0.0,0.0,7.03,0.0,0.0,0.0,0.0,0.0,0.0,0.0,0.0,60.41,0.47,24.56,0.0,0.0,0.0,0.0,0.0,0.0,0.0,0.0,1.83,5.7,0.0,0.0,0.0,0.0,0.0,0.0,0.0,0.0,0.0,0.0,0.0,0.0,0.0,0.0,0.0,0.0,0.0,0.0,0.0,0.0,0.0,0.0,0.0,0.0,0.0,0.0,0.0,0.0,0.0,0.0,0.0,0.0,0.0,0.0,0.0,0.0,100.0,0.0,72490,0,72490,2,1,1,1.0,Bin_7,,1.0,1.0,1.0,1.0,Bin_8,Bin_5_Bin_6_Bin_7_Bin_8,2.0,"1, 2",Bin_8,Bin_8,Bin_8,Bin_8,Bin_7,Bin_7,Bin_7,Bin_7
22,732029,22732029,0,22,-1,9,22,1,1,12,41,387,16220,4,21,24,42,7,35,38,60,9014,27168,30540,48400,17859.0,48400,0,0,0,2474,4990,0,0,10110,115,2418,1860,0,9656,2762,8125,0,0,0,0,0,0,0,0,372,5517,0,0,0,0,0,0,0,0,0,0,0,0,0,0,0,0,0,0,0,0,0,0,0,0,0,0,0,0,0,0,0,0,0,0,0,0,0.0,0.0,5.11,10.31,0.0,0.0,20.89,0.24,5.0,3.84,0.0,19.95,5.71,16.79,0.0,0.0,0.0,0.0,0.0,0.0,0.0,0.0,0.77,11.4,0.0,0.0,0.0,0.0,0.0,0.0,0.0,0.0,0.0,0.0,0.0,0.0,0.0,0.0,0.0,0.0,0.0,0.0,0.0,0.0,0.0,0.0,0.0,0.0,0.0,0.0,0.0,0.0,0.0,0.0,0.0,0.0,0.0,0.0,0.0,0.0,100.0,0.0,48400,0,48400,1,1,1,1.0,Bin_10,,1.0,1.0,1.0,1.0,Bin_7,Bin_5_Bin_6_Bin_7_Bin_8,1.0,"1, 2",Bin_3,Bin_1_Bin_2_Bin_3_Bin_4,Bin_6,Bin_6,Bin_3,Bin_1_Bin_2_Bin_3_Bin_4,Bin_3,Bin_1_Bin_2_Bin_3_Bin_4_Bin_5
22,732017,22732017,0,22,-1,10,22,1,1,12,41,387,48860,13,40,81,163,19,60,130,248,12359,38755,79149,161143,83326.0,161143,0,0,0,9179,27061,1975,351,47717,0,16027,18892,0,10527,10737,4155,0,0,0,0,0,0,0,0,6381,8140,0,0,0,0,0,0,0,0,0,0,0,0,0,0,0,0,0,0,0,0,0,0,0,0,0,0,0,0,0,0,0,0,0,0,0,0,0.0,0.0,5.7,16.79,1.23,0.22,29.61,0.0,9.95,11.72,0.0,6.53,6.66,2.58,0.0,0.0,0.0,0.0,0.0,0.0,0.0,0.0,3.96,5.05,0.0,0.0,0.0,0.0,0.0,0.0,0.0,0.0,0.0,0.0,0.0,0.0,0.0,0.0,0.0,0.0,0.0,0.0,0.0,0.0,0.0,0.0,0.0,0.0,0.0,0.0,0.0,0.0,0.0,0.0,0.0,0.0,0.0,0.0,0.0,0.0,100.0,0.0,161143,0,161143,1,1,1,1.0,Bin_10,,1.0,1.0,1.0,1.0,Bin_10,Bin_9_Bin_10,1.0,"1, 2",Bin_8,Bin_8,Bin_8,Bin_8,Bin_9,Bin_9,Bin_9,Bin_9
10,728141,10728141,0,10,-1,3,30,1,1,10,25,407,26360,25,75,150,311,34,109,202,432,13553,37640,69368,137183,68160.0,105,137078,50,0,1070,30633,51,22599,10111,3697,8726,1802,0,9754,37416,0,0,8,636,0,0,1543,3194,3697,0,2092,0,0,0,0,0,0,0,0,0,0,0,0,0,0,0,0,0,105,0,0,0,0,0,0,0,0,0,0,0,0,0,0,0,0,0,0,0.04,0.0,0.78,22.33,0.04,16.47,7.37,2.69,6.36,1.31,0.0,7.11,27.27,0.0,0.0,0.01,0.46,0.0,0.0,1.12,2.33,2.69,0.0,1.52,0.0,0.0,0.0,0.0,0.0,0.0,0.0,0.0,0.0,0.0,0.0,0.0,0.0,0.0,0.0,0.0,0.0,0.08,0.0,0.0,0.0,0.0,0.0,0.0,0.0,0.0,0.0,0.0,0.0,0.0,0.0,0.0,0.0,0.0,0.0,0.0,99.92,0.08,137078,105,137183,3,2,1,1.0,Bin_2,1.0,1.0,1.0,1.0,1.0,Bin_8,Bin_5_Bin_6_Bin_7_Bin_8,3.0,3,Bin_10,Bin_10,Bin_10,Bin_10,Bin_10,Bin_10,Bin_10,Bin_10
16,709260,16709260,0,16,-1,5,0,1,1,14,43,462,758,6,12,12,12,6,12,12,12,8201,15609,15609,15609,,15609,0,0,0,0,0,178,0,0,14087,0,0,0,0,0,0,0,903,194,0,0,0,0,0,0,0,248,0,0,0,0,0,0,0,0,0,0,0,0,0,0,0,0,0,0,0,0,0,0,0,0,0,0,0,0,0,0,0,0,0,0,0,0.0,0.0,0.0,0.0,1.14,0.0,0.0,90.25,0.0,0.0,0.0,0.0,0.0,0.0,0.0,5.79,1.24,0.0,0.0,0.0,0.0,0.0,0.0,0.0,1.59,0.0,0.0,0.0,0.0,0.0,0.0,0.0,0.0,0.0,0.0,0.0,0.0,0.0,0.0,0.0,0.0,0.0,0.0,0.0,0.0,0.0,0.0,0.0,0.0,0.0,0.0,0.0,0.0,0.0,0.0,0.0,0.0,0.0,0.0,0.0,98.41,1.59,15361,248,15609,1,1,1,1.0,Bin_8,,1.0,1.0,1.0,1.0,Bin_2,Bin_2,1.0,"1, 2",Bin_4,Bin_1_Bin_2_Bin_3_Bin_4,Bin_3,Bin_3,Bin_2,Bin_1_Bin_2_Bin_3_Bin_4,Bin_1,Bin_1_Bin_2_Bin_3_Bin_4_Bin_5
10,708781,10708781,0,10,-1,10,38,0,1,12,41,387,34943,3,11,22,56,5,23,36,81,9634,44456,77783,172834,95051.0,0,172834,25,0,722,57524,0,12041,0,0,857,32946,0,3209,19562,4035,0,0,0,0,0,6825,15003,11494,2559,3518,247,23,0,90,516,0,663,0,0,0,0,0,0,0,0,0,0,977,0,0,0,0,0,0,0,0,0,0,0,0,0,0,0,0,0,0,0.01,0.0,0.42,33.28,0.0,6.97,0.0,0.0,0.5,19.06,0.0,1.86,11.32,2.33,0.0,0.0,0.0,0.0,0.0,3.95,8.68,6.65,1.48,2.04,0.14,0.01,0.0,0.05,0.3,0.0,0.38,0.0,0.0,0.0,0.0,0.0,0.0,0.0,0.0,0.0,0.0,0.57,0.0,0.0,0.0,0.0,0.0,0.0,0.0,0.0,0.0,0.0,0.0,0.0,0.0,0.0,0.0,0.0,0.0,0.0,98.54,1.46,170318,2516,172834,3,2,1,1.0,Bin_2,1.0,1.0,1.0,1.0,1.0,Bin_9,Bin_9_Bin_10,3.0,3,Bin_2,Bin_1_Bin_2_Bin_3_Bin_4,Bin_3,Bin_3,Bin_3,Bin_1_Bin_2_Bin_3_Bin_4,Bin_4,Bin_1_Bin_2_Bin_3_Bin_4_Bin_5
10,746160,10746160,0,10,-1,9,22,1,1,12,41,387,6345,1,6,16,19,5,15,27,30,2465,9331,17647,19827,2180.0,0,19827,0,0,1768,523,0,146,2179,0,321,480,0,6110,401,3573,0,0,0,0,0,0,0,0,239,4088,0,0,0,0,0,0,0,0,0,0,0,0,0,0,0,0,0,0,0,0,0,0,0,0,0,0,0,0,0,0,0,0,0,0,0,0,0.0,0.0,8.92,2.64,0.0,0.74,10.99,0.0,1.62,2.42,0.0,30.82,2.02,18.02,0.0,0.0,0.0,0.0,0.0,0.0,0.0,0.0,1.21,20.62,0.0,0.0,0.0,0.0,0.0,0.0,0.0,0.0,0.0,0.0,0.0,0.0,0.0,0.0,0.0,0.0,0.0,0.0,0.0,0.0,0.0,0.0,0.0,0.0,0.0,0.0,0.0,0.0,0.0,0.0,0.0,0.0,0.0,0.0,0.0,0.0,100.0,0.0,19827,0,19827,3,2,1,1.0,Bin_3,,1.0,1.0,1.0,1.0,Bin_5,Bin_5_Bin_6_Bin_7_Bin_8,3.0,3,Bin_1,Bin_1_Bin_2_Bin_3_Bin_4,Bin_2,Bin_1_Bin_2,Bin_2,Bin_1_Bin_2_Bin_3_Bin_4,Bin_2,Bin_1_Bin_2_Bin_3_Bin_4_Bin_5
10,746098,10746098,0,10,-1,9,22,1,1,12,41,387,2743,3,3,10,24,3,3,11,26,556,556,4714,8189,3475.0,0,8189,0,0,413,726,0,0,1305,0,331,368,0,2113,105,1277,0,0,0,0,0,0,0,0,35,1515,0,0,0,0,0,0,0,0,0,0,0,0,0,0,0,0,0,0,0,0,0,0,0,0,0,0,0,0,0,0,0,0,0,0,0,0,0.0,0.0,5.04,8.87,0.0,0.0,15.94,0.0,4.04,4.49,0.0,25.8,1.28,15.59,0.0,0.0,0.0,0.0,0.0,0.0,0.0,0.0,0.43,18.5,0.0,0.0,0.0,0.0,0.0,0.0,0.0,0.0,0.0,0.0,0.0,0.0,0.0,0.0,0.0,0.0,0.0,0.0,0.0,0.0,0.0,0.0,0.0,0.0,0.0,0.0,0.0,0.0,0.0,0.0,0.0,0.0,0.0,0.0,0.0,0.0,100.0,0.0,8189,0,8189,3,2,1,1.0,Bin_3,,1.0,1.0,1.0,1.0,Bin_3,Bin_3,3.0,3,Bin_2,Bin_1_Bin_2_Bin_3_Bin_4,Bin_1,Bin_1_Bin_2,Bin_2,Bin_1_Bin_2_Bin_3_Bin_4,Bin_2,Bin_1_Bin_2_Bin_3_Bin_4_Bin_5
15,851022,15851022,0,15,-1,3,63,0,1,14,43,478,61135,26,78,124,127,42,151,222,225,69245,269697,392535,393229,694.0,393229,0,0,0,3043,84301,3874,32208,137099,48723,13970,7433,0,11404,44073,3944,0,0,15,0,0,0,0,0,435,0,166,0,0,0,0,0,954,0,0,0,0,0,0,0,21,0,149,0,0,0,0,454,0,0,0,0,964,0,0,0,0,0,0,0,0,0,0.0,0.0,0.77,21.44,0.99,8.19,34.86,12.39,3.55,1.89,0.0,2.9,11.21,1.0,0.0,0.0,0.0,0.0,0.0,0.0,0.0,0.0,0.11,0.0,0.04,0.0,0.0,0.0,0.0,0.0,0.24,0.0,0.0,0.0,0.0,0.0,0.0,0.0,0.01,0.0,0.04,0.0,0.0,0.0,0.0,0.12,0.0,0.0,0.0,0.0,0.25,0.0,0.0,0.0,0.0,0.0,0.0,0.0,0.0,0.0,99.31,0.69,390521,2708,393229,2,1,1,1.0,Bin_8,,1.0,1.0,1.0,1.0,Bin_10,Bin_9_Bin_10,2.0,"1, 2",Bin_10,Bin_10,Bin_10,Bin_10,Bin_10,Bin_10,Bin_8,Bin_8
15,851179,15851179,0,15,-1,2,63,0,1,14,43,477,1627,3,4,11,14,4,5,13,17,2771,3358,8554,11066,2512.0,11066,0,0,0,1629,1091,0,0,4436,79,1533,0,0,287,250,0,0,0,0,0,0,0,0,0,0,0,0,0,0,0,0,0,0,0,183,1242,16,0,0,0,0,0,0,320,0,0,0,0,0,0,0,0,0,0,0,0,0,0,0,0,0,0,0.0,0.0,14.72,9.86,0.0,0.0,40.09,0.71,13.85,0.0,0.0,2.59,2.26,0.0,0.0,0.0,0.0,0.0,0.0,0.0,0.0,0.0,0.0,0.0,0.0,0.0,0.0,0.0,0.0,0.0,0.0,0.0,1.65,11.22,0.14,0.0,0.0,0.0,0.0,0.0,0.0,2.89,0.0,0.0,0.0,0.0,0.0,0.0,0.0,0.0,0.0,0.0,0.0,0.0,0.0,0.0,0.0,0.0,0.0,0.0,84.09,15.91,9305,1761,11066,2,1,1,1.0,Bin_8,,1.0,1.0,1.0,1.0,Bin_3,Bin_3,2.0,"1, 2",Bin_2,Bin_1_Bin_2_Bin_3_Bin_4,Bin_1,Bin_1_Bin_2,Bin_2,Bin_1_Bin_2_Bin_3_Bin_4,Bin_2,Bin_1_Bin_2_Bin_3_Bin_4_Bin_5
25,868921,25868921,0,25,-1,3,0,1,1,10,25,407,199,2,2,2,2,2,2,2,2,702,702,702,702,,702,0,0,0,0,220,0,0,100,0,0,50,0,149,143,0,0,0,0,0,0,0,0,0,0,0,0,0,0,41,0,0,0,0,0,0,0,0,0,0,0,0,0,0,0,0,0,0,0,0,0,0,0,0,0,0,0,0,0,0,0,0,0.0,0.0,0.0,31.34,0.0,0.0,14.25,0.0,0.0,7.12,0.0,21.23,20.37,0.0,0.0,0.0,0.0,0.0,0.0,0.0,0.0,0.0,0.0,0.0,0.0,0.0,0.0,5.84,0.0,0.0,0.0,0.0,0.0,0.0,0.0,0.0,0.0,0.0,0.0,0.0,0.0,0.0,0.0,0.0,0.0,0.0,0.0,0.0,0.0,0.0,0.0,0.0,0.0,0.0,0.0,0.0,0.0,0.0,0.0,0.0,94.16,5.84,661,41,702,4,2,1,1.0,Bin_10,,1.0,1.0,1.0,1.0,Bin_2,Bin_2,4.0,4,Bin_1,Bin_1_Bin_2_Bin_3_Bin_4,Bin_1,Bin_1_Bin_2,Bin_1,Bin_1_Bin_2_Bin_3_Bin_4,Bin_1,Bin_1_Bin_2_Bin_3_Bin_4_Bin_5
25,851693,25851693,0,25,-1,4,48,1,1,10,20,418,4110,3,6,15,35,3,9,25,55,1419,2835,8886,17646,8759.0,17646,0,0,0,454,2231,83,2291,3831,1250,678,338,0,827,1161,1010,0,0,20,0,0,614,284,10,25,130,0,60,0,590,1189,299,0,0,0,0,0,0,0,0,0,0,0,132,0,0,0,52,0,0,84,0,0,0,0,0,0,0,0,0,0,0,0.0,0.0,2.57,12.64,0.47,12.98,21.71,7.08,3.84,1.92,0.0,4.69,6.58,5.72,0.0,0.0,0.11,0.0,0.0,3.48,1.61,0.06,0.14,0.74,0.0,0.34,0.0,3.34,6.74,1.69,0.0,0.0,0.0,0.0,0.0,0.0,0.0,0.0,0.0,0.0,0.0,0.75,0.0,0.0,0.0,0.29,0.0,0.0,0.48,0.0,0.0,0.0,0.0,0.0,0.0,0.0,0.0,0.0,0.0,0.0,86.36,13.64,15239,2407,17646,4,2,1,1.0,Bin_10,,1.0,1.0,1.0,1.0,Bin_4,Bin_4,4.0,4,Bin_2,Bin_1_Bin_2_Bin_3_Bin_4,Bin_2,Bin_1_Bin_2,Bin_2,Bin_1_Bin_2_Bin_3_Bin_4,Bin_3,Bin_1_Bin_2_Bin_3_Bin_4_Bin_5
25,863907,25863907,0,25,-1,9,22,1,1,12,41,387,3027,7,7,11,15,7,7,12,17,6644,6644,8265,10318,2053.0,10318,0,0,0,678,1561,0,0,2463,0,386,674,0,1217,602,1910,0,0,0,0,0,0,0,0,323,505,0,0,0,0,0,0,0,0,0,0,0,0,0,0,0,0,0,0,0,0,0,0,0,0,0,0,0,0,0,0,0,0,0,0,0,0,0.0,0.0,6.57,15.13,0.0,0.0,23.87,0.0,3.74,6.53,0.0,11.79,5.83,18.51,0.0,0.0,0.0,0.0,0.0,0.0,0.0,0.0,3.13,4.89,0.0,0.0,0.0,0.0,0.0,0.0,0.0,0.0,0.0,0.0,0.0,0.0,0.0,0.0,0.0,0.0,0.0,0.0,0.0,0.0,0.0,0.0,0.0,0.0,0.0,0.0,0.0,0.0,0.0,0.0,0.0,0.0,0.0,0.0,0.0,0.0,100.0,0.0,10318,0,10318,4,2,1,1.0,Bin_10,,1.0,1.0,1.0,1.0,Bin_3,Bin_3,4.0,4,Bin_5,Bin_5,Bin_2,Bin_1_Bin_2,Bin_2,Bin_1_Bin_2_Bin_3_Bin_4,Bin_2,Bin_1_Bin_2_Bin_3_Bin_4_Bin_5
25,863800,25863800,0,25,-1,10,22,1,1,12,41,387,11590,1,1,5,12,1,1,7,18,616,616,9903,36364,26461.0,36364,0,0,0,2011,4079,0,415,10562,650,2719,2940,0,2479,2662,3842,0,0,0,0,0,0,0,0,684,3320,0,0,0,0,0,0,0,0,0,0,0,0,0,0,0,0,0,0,0,0,0,0,0,0,0,0,0,0,0,0,0,0,0,0,0,0,0.0,0.0,5.53,11.22,0.0,1.14,29.05,1.79,7.48,8.08,0.0,6.82,7.32,10.57,0.0,0.0,0.0,0.0,0.0,0.0,0.0,0.0,1.88,9.13,0.0,0.0,0.0,0.0,0.0,0.0,0.0,0.0,0.0,0.0,0.0,0.0,0.0,0.0,0.0,0.0,0.0,0.0,0.0,0.0,0.0,0.0,0.0,0.0,0.0,0.0,0.0,0.0,0.0,0.0,0.0,0.0,0.0,0.0,0.0,0.0,100.0,0.0,36364,0,36364,4,2,1,1.0,Bin_10,,1.0,1.0,1.0,1.0,Bin_6,Bin_5_Bin_6_Bin_7_Bin_8,4.0,4,Bin_1,Bin_1_Bin_2_Bin_3_Bin_4,Bin_1,Bin_1_Bin_2,Bin_1,Bin_1_Bin_2_Bin_3_Bin_4,Bin_1,Bin_1_Bin_2_Bin_3_Bin_4_Bin_5
25,63500,25063500,0,25,-1,3,62,0,3,31,61,160,87,3,3,3,3,3,3,3,3,1187,1187,1187,1187,,1187,0,0,0,0,144,0,0,0,0,0,0,0,0,29,0,0,290,403,147,0,0,0,0,174,0,0,0,0,0,0,0,0,0,0,0,0,0,0,0,0,0,0,0,0,0,0,0,0,0,0,0,0,0,0,0,0,0,0,0,0,0,0.0,0.0,0.0,12.13,0.0,0.0,0.0,0.0,0.0,0.0,0.0,0.0,2.44,0.0,0.0,24.43,33.95,12.38,0.0,0.0,0.0,0.0,14.66,0.0,0.0,0.0,0.0,0.0,0.0,0.0,0.0,0.0,0.0,0.0,0.0,0.0,0.0,0.0,0.0,0.0,0.0,0.0,0.0,0.0,0.0,0.0,0.0,0.0,0.0,0.0,0.0,0.0,0.0,0.0,0.0,0.0,0.0,0.0,0.0,0.0,100.0,0.0,1187,0,1187,4,2,1,1.0,Bin_10,,1.0,1.0,1.0,1.0,Bin_1,Bin_1,4.0,4,Bin_2,Bin_1_Bin_2_Bin_3_Bin_4,Bin_1,Bin_1_Bin_2,Bin_1,Bin_1_Bin_2_Bin_3_Bin_4,Bin_1,Bin_1_Bin_2_Bin_3_Bin_4_Bin_5
15,43564,15043564,0,15,-1,3,79,1,1,10,20,418,4524,17,30,30,30,22,40,40,40,8009,18722,18722,18722,,18722,0,25,0,1620,4281,0,3098,3155,78,154,115,0,290,4513,437,0,0,81,0,0,0,0,0,0,0,0,21,0,258,561,0,0,0,0,0,0,0,0,0,0,0,0,34,0,0,0,0,0,0,0,0,0,0,0,0,0,0,0,0,0,0,0.13,0.0,8.65,22.87,0.0,16.55,16.85,0.42,0.82,0.61,0.0,1.55,24.11,2.33,0.0,0.0,0.43,0.0,0.0,0.0,0.0,0.0,0.0,0.0,0.0,0.11,0.0,1.38,3.0,0.0,0.0,0.0,0.0,0.0,0.0,0.0,0.0,0.0,0.0,0.0,0.0,0.18,0.0,0.0,0.0,0.0,0.0,0.0,0.0,0.0,0.0,0.0,0.0,0.0,0.0,0.0,0.0,0.0,0.0,0.0,95.33,4.67,17847,875,18722,2,1,1,1.0,Bin_7,,1.0,1.0,1.0,1.0,Bin_4,Bin_4,2.0,"1, 2",Bin_9,Bin_9,Bin_7,Bin_7,Bin_4,Bin_1_Bin_2_Bin_3_Bin_4,Bin_2,Bin_1_Bin_2_Bin_3_Bin_4_Bin_5
15,41098,15041098,0,15,-1,9,85,1,1,12,41,387,5610,7,20,41,61,9,27,58,82,3326,9300,23483,31805,8322.0,31805,0,0,0,1709,6925,0,380,11371,280,972,3467,0,889,2059,1125,0,0,0,0,0,523,356,27,119,1603,0,0,0,0,0,0,0,0,0,0,0,0,0,0,0,0,0,0,0,0,0,0,0,0,0,0,0,0,0,0,0,0,0,0,0,0,0.0,0.0,5.37,21.77,0.0,1.19,35.75,0.88,3.06,10.9,0.0,2.8,6.47,3.54,0.0,0.0,0.0,0.0,0.0,1.64,1.12,0.08,0.37,5.04,0.0,0.0,0.0,0.0,0.0,0.0,0.0,0.0,0.0,0.0,0.0,0.0,0.0,0.0,0.0,0.0,0.0,0.0,0.0,0.0,0.0,0.0,0.0,0.0,0.0,0.0,0.0,0.0,0.0,0.0,0.0,0.0,0.0,0.0,0.0,0.0,100.0,0.0,31805,0,31805,2,1,1,1.0,Bin_7,,1.0,1.0,1.0,1.0,Bin_5,Bin_5_Bin_6_Bin_7_Bin_8,2.0,"1, 2",Bin_5,Bin_5,Bin_5,Bin_4_Bin_5,Bin_5,Bin_5_Bin_6,Bin_5,Bin_1_Bin_2_Bin_3_Bin_4_Bin_5
21,45280,21045280,0,21,-1,2,166,1,1,15,48,384,1088,3,9,11,11,3,12,14,14,970,3287,4095,4095,,4095,0,0,0,0,754,60,0,0,0,70,202,0,0,96,526,0,133,470,46,0,492,173,70,0,57,0,0,0,0,0,0,14,0,476,0,0,0,0,0,0,0,0,148,0,0,0,0,22,0,256,0,29,0,0,0,0,0,0,0,0,0,0.0,0.0,0.0,18.41,1.47,0.0,0.0,0.0,1.71,4.93,0.0,0.0,2.34,12.84,0.0,3.25,11.48,1.12,0.0,12.01,4.22,1.71,0.0,1.39,0.0,0.0,0.0,0.0,0.0,0.0,0.34,0.0,11.62,0.0,0.0,0.0,0.0,0.0,0.0,0.0,0.0,3.61,0.0,0.0,0.0,0.0,0.54,0.0,6.25,0.0,0.71,0.0,0.0,0.0,0.0,0.0,0.0,0.0,0.0,0.0,76.92,23.08,3150,945,4095,1,1,1,1.0,Bin_9,,1.0,1.0,1.0,1.0,Bin_2,Bin_2,1.0,"1, 2",Bin_2,Bin_1_Bin_2_Bin_3_Bin_4,Bin_2,Bin_1_Bin_2,Bin_2,Bin_1_Bin_2_Bin_3_Bin_4,Bin_1,Bin_1_Bin_2_Bin_3_Bin_4_Bin_5
15,4567,15004567,0,15,-1,2,61,0,1,14,43,476,83940,25,76,143,145,43,237,391,393,69668,332617,559095,560044,949.0,560044,0,0,0,7267,90376,30770,17480,61560,103742,33829,49763,0,11216,80276,22438,0,57,22401,0,0,35,335,0,53,13807,2735,605,164,892,250,1342,3389,192,0,0,183,0,0,0,595,0,291,111,577,0,0,2274,775,0,0,0,224,0,0,0,0,25,0,13,0,0,0.0,0.0,1.3,16.14,5.49,3.12,10.99,18.52,6.04,8.89,0.0,2.0,14.33,4.01,0.0,0.01,4.0,0.0,0.0,0.01,0.06,0.0,0.01,2.47,0.49,0.11,0.03,0.16,0.04,0.24,0.61,0.03,0.0,0.0,0.03,0.0,0.0,0.0,0.11,0.0,0.05,0.02,0.1,0.0,0.0,0.41,0.14,0.0,0.0,0.0,0.04,0.0,0.0,0.0,0.0,0.0,0.0,0.0,0.0,0.0,97.39,2.61,545408,14636,560044,2,1,1,1.0,Bin_6,,1.0,1.0,1.0,1.0,Bin_10,Bin_9_Bin_10,2.0,"1, 2",Bin_10,Bin_10,Bin_10,Bin_10,Bin_10,Bin_10,Bin_8,Bin_8
10,749303,10749303,0,10,-1,4,21,1,1,12,41,387,8798,4,14,29,59,4,14,30,67,3956,11712,24501,50001,25499.0,113,49888,0,0,204,8210,0,3886,15268,4473,4252,4417,0,1764,7252,200,0,0,0,0,0,8,0,0,12,0,0,0,0,0,0,0,0,0,0,0,0,0,0,0,0,0,0,56,0,0,0,0,0,0,0,0,0,0,0,0,0,0,0,0,0,0,0.0,0.0,0.41,16.42,0.0,7.77,30.54,8.95,8.5,8.83,0.0,3.53,14.5,0.4,0.0,0.0,0.0,0.0,0.0,0.02,0.0,0.0,0.02,0.0,0.0,0.0,0.0,0.0,0.0,0.0,0.0,0.0,0.0,0.0,0.0,0.0,0.0,0.0,0.0,0.0,0.0,0.11,0.0,0.0,0.0,0.0,0.0,0.0,0.0,0.0,0.0,0.0,0.0,0.0,0.0,0.0,0.0,0.0,0.0,0.0,99.89,0.11,49945,56,50001,3,2,1,1.0,Bin_3,,1.0,1.0,1.0,1.0,Bin_6,Bin_5_Bin_6_Bin_7_Bin_8,3.0,3,Bin_3,Bin_1_Bin_2_Bin_3_Bin_4,Bin_4,Bin_4_Bin_5,Bin_4,Bin_1_Bin_2_Bin_3_Bin_4,Bin_4,Bin_1_Bin_2_Bin_3_Bin_4_Bin_5
10,750391,10750391,0,10,-1,2,20,2,3,35,65,111,58083,26,81,158,316,72,173,328,678,59391,146035,275240,538853,264455.0,538682,172,0,0,22126,89386,10141,24152,19458,24696,6049,4228,0,20281,213330,35721,0,1581,5741,475,0,6105,5816,436,6193,14414,1120,339,30,2426,3871,10318,989,0,0,0,40,9,0,0,0,0,0,1981,288,0,73,460,508,0,4007,0,791,112,0,0,75,939,119,0,29,0,0.0,0.0,4.11,16.59,1.88,4.48,3.61,4.58,1.12,0.78,0.0,3.76,39.59,6.63,0.0,0.29,1.07,0.09,0.0,1.13,1.08,0.08,1.15,2.67,0.21,0.06,0.01,0.45,0.72,1.91,0.18,0.0,0.0,0.0,0.01,0.0,0.0,0.0,0.0,0.0,0.0,0.37,0.05,0.0,0.01,0.09,0.09,0.0,0.74,0.0,0.15,0.02,0.0,0.0,0.01,0.17,0.02,0.0,0.01,0.0,94.71,5.29,510329,28525,538853,3,2,1,1.0,Bin_3,,1.0,1.0,1.0,1.0,Bin_10,Bin_9_Bin_10,3.0,3,Bin_10,Bin_10,Bin_10,Bin_10,Bin_10,Bin_10,Bin_10,Bin_10
10,770755,10770755,0,10,-1,3,12,1,3,35,65,111,-29779,1,8,12,19,3,10,14,23,23104,180832,244733,394725,149992.0,394725,0,0,0,0,0,0,0,0,0,0,0,0,0,26643,0,0,0,0,0,0,0,0,0,0,368082,0,0,0,0,0,0,0,0,0,0,0,0,0,0,0,0,0,0,0,0,0,0,0,0,0,0,0,0,0,0,0,0,0,0,0,0,0.0,0.0,0.0,0.0,0.0,0.0,0.0,0.0,0.0,0.0,0.0,0.0,6.75,0.0,0.0,0.0,0.0,0.0,0.0,0.0,0.0,0.0,0.0,93.25,0.0,0.0,0.0,0.0,0.0,0.0,0.0,0.0,0.0,0.0,0.0,0.0,0.0,0.0,0.0,0.0,0.0,0.0,0.0,0.0,0.0,0.0,0.0,0.0,0.0,0.0,0.0,0.0,0.0,0.0,0.0,0.0,0.0,0.0,0.0,0.0,100.0,0.0,394725,0,394725,3,2,1,1.0,Bin_3,,1.0,1.0,1.0,1.0,Bin_1,Bin_1,3.0,3,Bin_1,Bin_1_Bin_2_Bin_3_Bin_4,Bin_2,Bin_1_Bin_2,Bin_2,Bin_1_Bin_2_Bin_3_Bin_4,Bin_2,Bin_1_Bin_2_Bin_3_Bin_4_Bin_5
10,750689,10750689,0,10,-1,2,20,1,1,10,25,407,28826,12,50,101,184,17,59,135,278,7388,35672,80417,149525,69109.0,0,149525,50,0,3988,37112,341,22466,15599,3219,19227,28602,0,3623,11408,360,0,73,42,90,0,536,371,546,108,29,0,0,0,161,232,707,0,0,0,0,0,0,0,0,0,0,0,68,0,0,0,84,0,0,235,0,0,0,0,0,0,0,247,0,0,0,0.03,0.0,2.67,24.82,0.23,15.02,10.43,2.15,12.86,19.13,0.0,2.42,7.63,0.24,0.0,0.05,0.03,0.06,0.0,0.36,0.25,0.37,0.07,0.02,0.0,0.0,0.0,0.11,0.16,0.47,0.0,0.0,0.0,0.0,0.0,0.0,0.0,0.0,0.0,0.0,0.0,0.05,0.0,0.0,0.0,0.06,0.0,0.0,0.16,0.0,0.0,0.0,0.0,0.0,0.0,0.0,0.17,0.0,0.0,0.0,98.84,1.16,147790,1735,149525,3,2,1,1.0,Bin_3,,1.0,1.0,1.0,1.0,Bin_9,Bin_9_Bin_10,3.0,3,Bin_8,Bin_8,Bin_9,Bin_9,Bin_9,Bin_9,Bin_9,Bin_9
10,771225,10771225,1,10,-1,3,12,1,3,37,70,265,427,2,9,9,9,4,13,13,13,1572,11864,11864,11864,,2988,8876,0,0,94,3854,153,269,237,15,1516,65,0,542,753,1664,0,22,0,91,0,117,586,577,485,825,0,0,0,0,0,0,0,0,0,0,0,0,0,0,0,0,0,0,0,0,0,0,0,0,0,0,0,0,0,0,0,0,0,0,0,0,0.0,0.0,0.79,32.48,1.29,2.27,2.0,0.13,12.78,0.55,0.0,4.57,6.35,14.03,0.0,0.19,0.0,0.77,0.0,0.99,4.94,4.86,4.09,6.95,0.0,0.0,0.0,0.0,0.0,0.0,0.0,0.0,0.0,0.0,0.0,0.0,0.0,0.0,0.0,0.0,0.0,0.0,0.0,0.0,0.0,0.0,0.0,0.0,0.0,0.0,0.0,0.0,0.0,0.0,0.0,0.0,0.0,0.0,0.0,0.0,100.0,0.0,11864,0,11864,3,2,2,2.0,Bin_3,,2.0,2.0,1.0,1.0,Bin_2,Bin_2,3.0,3,Bin_1,Bin_1_Bin_2_Bin_3_Bin_4,Bin_2,Bin_1_Bin_2,Bin_2,Bin_1_Bin_2_Bin_3_Bin_4,Bin_1,Bin_1_Bin_2_Bin_3_Bin_4_Bin_5
10,772246,10772246,1,10,-1,3,11,1,3,37,70,265,565,3,3,3,3,9,9,9,9,7850,7850,7850,7850,,0,7850,0,0,93,266,0,152,0,0,0,13,0,429,1327,2237,0,0,0,0,0,298,1075,1187,450,325,0,0,0,0,0,0,0,0,0,0,0,0,0,0,0,0,0,0,0,0,0,0,0,0,0,0,0,0,0,0,0,0,0,0,0,0,0.0,0.0,1.18,3.39,0.0,1.94,0.0,0.0,0.0,0.17,0.0,5.46,16.9,28.5,0.0,0.0,0.0,0.0,0.0,3.8,13.69,15.12,5.73,4.14,0.0,0.0,0.0,0.0,0.0,0.0,0.0,0.0,0.0,0.0,0.0,0.0,0.0,0.0,0.0,0.0,0.0,0.0,0.0,0.0,0.0,0.0,0.0,0.0,0.0,0.0,0.0,0.0,0.0,0.0,0.0,0.0,0.0,0.0,0.0,0.0,100.0,0.0,7850,0,7850,3,2,2,2.0,Bin_3,,2.0,2.0,1.0,1.0,Bin_2,Bin_2,3.0,3,Bin_2,Bin_1_Bin_2_Bin_3_Bin_4,Bin_1,Bin_1_Bin_2,Bin_1,Bin_1_Bin_2_Bin_3_Bin_4,Bin_1,Bin_1_Bin_2_Bin_3_Bin_4_Bin_5
10,753326,10753326,0,10,-1,9,19,1,1,12,41,387,2218,4,9,23,25,5,13,33,35,2233,5440,10774,11568,1244.0,0,11568,0,0,447,2373,0,67,4180,570,68,1462,0,667,1297,185,0,0,16,0,0,136,52,0,0,0,0,0,0,0,0,0,0,0,0,0,0,0,0,0,0,0,0,22,0,0,0,0,0,0,25,0,0,0,0,0,0,0,0,0,0,0,0.0,0.0,3.86,20.51,0.0,0.58,36.13,4.93,0.59,12.64,0.0,5.77,11.21,1.6,0.0,0.0,0.14,0.0,0.0,1.18,0.45,0.0,0.0,0.0,0.0,0.0,0.0,0.0,0.0,0.0,0.0,0.0,0.0,0.0,0.0,0.0,0.0,0.0,0.0,0.0,0.0,0.19,0.0,0.0,0.0,0.0,0.0,0.0,0.22,0.0,0.0,0.0,0.0,0.0,0.0,0.0,0.0,0.0,0.0,0.0,99.59,0.41,11521,47,11568,3,2,1,1.0,Bin_3,,1.0,1.0,1.0,1.0,Bin_3,Bin_3,3.0,3,Bin_3,Bin_1_Bin_2_Bin_3_Bin_4,Bin_2,Bin_1_Bin_2,Bin_3,Bin_1_Bin_2_Bin_3_Bin_4,Bin_2,Bin_1_Bin_2_Bin_3_Bin_4_Bin_5
10,850782,10850782,0,10,-1,9,61,1,1,12,41,387,135687,14,42,91,201,43,153,258,422,41403,157933,297951,598386,305430.0,3476,594910,0,0,6208,114414,1829,40665,187156,86769,14743,6093,0,22843,46493,221,0,24,654,713,0,18369,0,0,25,51168,0,0,0,0,0,0,0,0,0,0,0,0,0,0,0,0,0,0,0,0,0,0,0,0,0,0,0,0,0,0,0,0,0,0,0,0,0.0,0.0,1.04,19.12,0.31,6.8,31.28,14.5,2.46,1.02,0.0,3.82,7.77,0.04,0.0,0.0,0.11,0.12,0.0,3.07,0.0,0.0,0.0,8.55,0.0,0.0,0.0,0.0,0.0,0.0,0.0,0.0,0.0,0.0,0.0,0.0,0.0,0.0,0.0,0.0,0.0,0.0,0.0,0.0,0.0,0.0,0.0,0.0,0.0,0.0,0.0,0.0,0.0,0.0,0.0,0.0,0.0,0.0,0.0,0.0,100.0,0.0,598386,0,598386,3,2,1,1.0,Bin_3,,1.0,1.0,1.0,1.0,Bin_10,Bin_9_Bin_10,3.0,3,Bin_8,Bin_8,Bin_9,Bin_9,Bin_9,Bin_9,Bin_9,Bin_9
10,755904,10755904,0,10,-1,3,18,1,1,10,25,407,26539,13,46,86,151,18,64,118,194,13576,40091,72119,122648,50529.0,0,122648,0,0,42,29626,1107,6145,20446,21691,1721,235,0,2074,30131,1572,0,0,987,0,0,1330,1174,221,0,0,0,0,0,1315,144,2567,0,0,0,0,0,0,0,0,0,0,0,40,80,0,0,0,0,0,0,0,0,0,0,0,0,0,0,0,0,0,0.0,0.0,0.03,24.16,0.9,5.01,16.67,17.69,1.4,0.19,0.0,1.69,24.57,1.28,0.0,0.0,0.8,0.0,0.0,1.08,0.96,0.18,0.0,0.0,0.0,0.0,0.0,1.07,0.12,2.09,0.0,0.0,0.0,0.0,0.0,0.0,0.0,0.0,0.0,0.0,0.0,0.03,0.07,0.0,0.0,0.0,0.0,0.0,0.0,0.0,0.0,0.0,0.0,0.0,0.0,0.0,0.0,0.0,0.0,0.0,96.62,3.38,118502,4146,122648,3,2,1,1.0,Bin_3,,1.0,1.0,1.0,1.0,Bin_9,Bin_9_Bin_10,3.0,3,Bin_8,Bin_8,Bin_9,Bin_9,Bin_9,Bin_9,Bin_9,Bin_9
10,738487,10738487,0,10,-1,2,26,2,3,30,60,93,3501,9,31,61,119,10,36,73,144,17282,130996,238969,618130,379161.0,618130,0,0,0,0,0,0,3,286,617412,0,0,0,0,0,20,0,0,0,0,0,1,22,0,0,22,0,0,0,11,268,39,37,0,0,0,0,0,0,0,0,0,0,0,0,0,0,0,0,0,0,0,0,0,0,0,0,0,0,11,0,0,0.0,0.0,0.0,0.0,0.0,0.0,0.05,99.88,0.0,0.0,0.0,0.0,0.0,0.0,0.0,0.0,0.0,0.0,0.0,0.0,0.0,0.0,0.0,0.0,0.0,0.0,0.0,0.0,0.04,0.01,0.01,0.0,0.0,0.0,0.0,0.0,0.0,0.0,0.0,0.0,0.0,0.0,0.0,0.0,0.0,0.0,0.0,0.0,0.0,0.0,0.0,0.0,0.0,0.0,0.0,0.0,0.0,0.0,0.0,0.0,99.94,0.06,617765,365,618130,3,2,1,1.0,Bin_3,,1.0,1.0,1.0,1.0,Bin_4,Bin_4,3.0,3,Bin_6,Bin_6,Bin_7,Bin_7,Bin_7,Bin_7,Bin_7,Bin_7
10,850949,10850949,0,10,-1,3,60,1,1,10,20,418,15591,20,57,111,223,22,73,130,259,8267,25130,48225,94768,46543.0,708,94060,25,0,141,20742,99,15614,34636,4302,4801,110,0,2570,10115,504,0,0,0,0,0,237,324,477,0,0,0,0,0,0,20,41,0,0,0,0,0,0,0,0,0,0,0,10,0,0,0,0,0,0,0,0,0,0,0,0,0,0,0,0,0,0,0.03,0.0,0.15,21.89,0.1,16.48,36.55,4.54,5.07,0.12,0.0,2.71,10.67,0.53,0.0,0.0,0.0,0.0,0.0,0.25,0.34,0.5,0.0,0.0,0.0,0.0,0.0,0.0,0.02,0.04,0.0,0.0,0.0,0.0,0.0,0.0,0.0,0.0,0.0,0.0,0.0,0.01,0.0,0.0,0.0,0.0,0.0,0.0,0.0,0.0,0.0,0.0,0.0,0.0,0.0,0.0,0.0,0.0,0.0,0.0,99.93,0.07,94697,70,94768,3,2,1,1.0,Bin_3,,1.0,1.0,1.0,1.0,Bin_7,Bin_5_Bin_6_Bin_7_Bin_8,3.0,3,Bin_10,Bin_10,Bin_10,Bin_10,Bin_10,Bin_10,Bin_10,Bin_10
10,776907,10776907,0,10,-1,10,9,1,7,72,85,807,5623,3,8,11,11,3,8,11,11,7242,18695,24525,24525,,0,24525,0,0,0,289,0,0,0,0,0,33,0,17,113,20707,0,0,0,0,0,0,48,767,195,2356,0,0,0,0,0,0,0,0,0,0,0,0,0,0,0,0,0,0,0,0,0,0,0,0,0,0,0,0,0,0,0,0,0,0,0,0,0.0,0.0,0.0,1.18,0.0,0.0,0.0,0.0,0.0,0.13,0.0,0.07,0.46,84.43,0.0,0.0,0.0,0.0,0.0,0.0,0.2,3.13,0.8,9.61,0.0,0.0,0.0,0.0,0.0,0.0,0.0,0.0,0.0,0.0,0.0,0.0,0.0,0.0,0.0,0.0,0.0,0.0,0.0,0.0,0.0,0.0,0.0,0.0,0.0,0.0,0.0,0.0,0.0,0.0,0.0,0.0,0.0,0.0,0.0,0.0,100.0,0.0,24525,0,24525,3,2,1,1.0,Bin_3,,1.0,1.0,1.0,1.0,Bin_5,Bin_5_Bin_6_Bin_7_Bin_8,3.0,3,Bin_2,Bin_1_Bin_2_Bin_3_Bin_4,Bin_2,Bin_1_Bin_2,Bin_2,Bin_1_Bin_2_Bin_3_Bin_4,Bin_1,Bin_1_Bin_2_Bin_3_Bin_4_Bin_5
10,777695,10777695,0,10,-1,2,0,1,1,10,25,407,17372,25,73,125,158,34,108,174,214,11097,36099,61794,76887,15094.0,336,76552,50,0,695,19618,950,3311,10510,2078,1162,767,0,6191,24656,102,0,0,1012,0,0,1203,1076,132,149,188,0,12,0,327,0,2618,0,0,0,0,0,0,0,0,0,0,0,37,0,0,0,0,0,0,43,0,0,0,0,0,0,0,0,0,0,0,0.07,0.0,0.9,25.52,1.24,4.31,13.67,2.7,1.51,1.0,0.0,8.05,32.07,0.13,0.0,0.0,1.32,0.0,0.0,1.56,1.4,0.17,0.19,0.24,0.0,0.02,0.0,0.43,0.0,3.4,0.0,0.0,0.0,0.0,0.0,0.0,0.0,0.0,0.0,0.0,0.0,0.05,0.0,0.0,0.0,0.0,0.0,0.0,0.06,0.0,0.0,0.0,0.0,0.0,0.0,0.0,0.0,0.0,0.0,0.0,96.05,3.95,73850,3037,76887,3,2,1,1.0,Bin_3,,1.0,1.0,1.0,1.0,Bin_8,Bin_5_Bin_6_Bin_7_Bin_8,3.0,3,Bin_10,Bin_10,Bin_10,Bin_10,Bin_10,Bin_10,Bin_9,Bin_9
10,777952,10777952,0,10,-1,9,0,1,1,12,41,387,14481,8,22,37,41,13,37,60,64,7348,23046,37472,43017,5545.0,0,43017,0,0,494,670,94,1026,0,0,0,1763,0,0,353,34306,0,0,0,0,0,215,0,205,817,2757,0,0,0,318,0,0,0,0,0,0,0,0,0,0,0,0,0,0,0,0,0,0,0,0,0,0,0,0,0,0,0,0,0,0,0,0,0.0,0.0,1.15,1.56,0.22,2.39,0.0,0.0,0.0,4.1,0.0,0.0,0.82,79.75,0.0,0.0,0.0,0.0,0.0,0.5,0.0,0.48,1.9,6.41,0.0,0.0,0.0,0.74,0.0,0.0,0.0,0.0,0.0,0.0,0.0,0.0,0.0,0.0,0.0,0.0,0.0,0.0,0.0,0.0,0.0,0.0,0.0,0.0,0.0,0.0,0.0,0.0,0.0,0.0,0.0,0.0,0.0,0.0,0.0,0.0,99.26,0.74,42699,318,43017,3,2,1,1.0,Bin_3,,1.0,1.0,1.0,1.0,Bin_7,Bin_5_Bin_6_Bin_7_Bin_8,3.0,3,Bin_5,Bin_5,Bin_6,Bin_6,Bin_5,Bin_5_Bin_6,Bin_3,Bin_1_Bin_2_Bin_3_Bin_4_Bin_5
10,850532,10850532,0,10,-1,3,67,0,1,10,25,407,32891,28,63,150,329,37,86,207,464,15486,29585,70981,165496,95220.0,47,165449,350,0,7449,19967,475,16271,35749,13392,6753,8141,0,8969,39157,529,0,11,16,0,0,2671,1983,2152,0,32,0,0,0,0,162,268,880,0,0,0,0,0,0,0,0,0,0,121,0,0,0,0,0,0,0,0,0,0,0,0,0,0,0,0,0,0,0.21,0.0,4.5,12.06,0.29,9.83,21.6,8.09,4.08,4.92,0.0,5.42,23.66,0.32,0.0,0.01,0.01,0.0,0.0,1.61,1.2,1.3,0.0,0.02,0.0,0.0,0.0,0.0,0.1,0.16,0.53,0.0,0.0,0.0,0.0,0.0,0.0,0.0,0.0,0.0,0.0,0.07,0.0,0.0,0.0,0.0,0.0,0.0,0.0,0.0,0.0,0.0,0.0,0.0,0.0,0.0,0.0,0.0,0.0,0.0,99.14,0.86,164066,1430,165496,3,2,1,1.0,Bin_3,,1.0,1.0,1.0,1.0,Bin_9,Bin_9_Bin_10,3.0,3,Bin_10,Bin_10,Bin_10,Bin_10,Bin_10,Bin_10,Bin_10,Bin_10
10,739942,10739942,0,10,-1,3,25,1,1,14,43,479,20681,7,15,31,68,9,17,36,75,17452,28076,44958,92238,47280.0,0,92238,25,0,631,27250,552,11364,18842,5398,7312,2231,0,6362,10365,1351,0,13,65,0,0,78,0,0,0,0,0,0,0,65,111,223,0,0,0,0,0,0,0,0,0,0,0,0,0,0,0,0,0,0,0,0,0,0,0,0,0,0,0,0,0,0,0.03,0.0,0.68,29.54,0.6,12.32,20.43,5.85,7.93,2.42,0.0,6.9,11.24,1.46,0.0,0.01,0.07,0.0,0.0,0.08,0.0,0.0,0.0,0.0,0.0,0.0,0.0,0.07,0.12,0.24,0.0,0.0,0.0,0.0,0.0,0.0,0.0,0.0,0.0,0.0,0.0,0.0,0.0,0.0,0.0,0.0,0.0,0.0,0.0,0.0,0.0,0.0,0.0,0.0,0.0,0.0,0.0,0.0,0.0,0.0,99.57,0.43,91839,399,92238,3,2,1,1.0,Bin_3,,1.0,1.0,1.0,1.0,Bin_8,Bin_5_Bin_6_Bin_7_Bin_8,3.0,3,Bin_5,Bin_5,Bin_4,Bin_4_Bin_5,Bin_4,Bin_1_Bin_2_Bin_3_Bin_4,Bin_5,Bin_1_Bin_2_Bin_3_Bin_4_Bin_5
10,739931,10739931,0,10,-1,2,25,1,1,10,25,407,9256,11,25,51,108,12,29,62,136,4036,11323,22068,48031,25962.0,0,48031,0,0,791,13529,1157,3793,2775,8592,2855,408,0,2769,9870,461,0,0,34,0,0,424,0,0,0,0,0,0,0,281,0,291,0,0,0,0,0,0,0,0,0,0,0,0,0,0,0,0,0,0,0,0,0,0,0,0,0,0,0,0,0,0,0.0,0.0,1.65,28.17,2.41,7.9,5.78,17.89,5.94,0.85,0.0,5.77,20.55,0.96,0.0,0.0,0.07,0.0,0.0,0.88,0.0,0.0,0.0,0.0,0.0,0.0,0.0,0.59,0.0,0.61,0.0,0.0,0.0,0.0,0.0,0.0,0.0,0.0,0.0,0.0,0.0,0.0,0.0,0.0,0.0,0.0,0.0,0.0,0.0,0.0,0.0,0.0,0.0,0.0,0.0,0.0,0.0,0.0,0.0,0.0,98.81,1.19,47459,572,48031,3,2,1,1.0,Bin_3,,1.0,1.0,1.0,1.0,Bin_6,Bin_5_Bin_6_Bin_7_Bin_8,3.0,3,Bin_7,Bin_7,Bin_6,Bin_6,Bin_6,Bin_5_Bin_6,Bin_7,Bin_7
10,758481,10758481,0,10,-1,3,17,1,1,10,25,407,52800,23,58,108,207,38,98,158,305,55047,135988,229108,396257,168110.0,1011,395246,0,0,20306,84215,255,12452,161715,260,34825,4347,0,10191,60130,1790,0,0,192,0,0,1952,528,961,0,0,0,0,0,83,0,0,0,0,0,0,0,0,0,0,0,0,0,17,0,0,0,2040,0,0,0,0,0,0,0,0,0,0,0,0,0,0,0.0,0.0,5.12,21.25,0.06,3.14,40.81,0.07,8.79,1.1,0.0,2.57,15.17,0.45,0.0,0.0,0.05,0.0,0.0,0.49,0.13,0.24,0.0,0.0,0.0,0.0,0.0,0.02,0.0,0.0,0.0,0.0,0.0,0.0,0.0,0.0,0.0,0.0,0.0,0.0,0.0,0.0,0.0,0.0,0.0,0.51,0.0,0.0,0.0,0.0,0.0,0.0,0.0,0.0,0.0,0.0,0.0,0.0,0.0,0.0,99.46,0.54,394117,2140,396257,3,2,1,1.0,Bin_3,,1.0,1.0,1.0,1.0,Bin_10,Bin_9_Bin_10,3.0,3,Bin_10,Bin_10,Bin_10,Bin_10,Bin_9,Bin_9,Bin_9,Bin_9
10,766593,10766593,0,10,-1,3,0,1,1,11,40,448,3578,15,36,36,36,19,51,51,51,5494,14772,14772,14772,,512,14261,0,0,0,1582,0,0,0,0,0,3458,0,2035,4447,0,0,0,0,0,0,2541,13,0,0,0,0,44,0,30,0,0,0,0,0,0,0,0,0,0,0,0,582,13,0,0,0,0,0,0,27,0,0,0,0,0,0,0,0,0,0,0,0.0,0.0,0.0,10.71,0.0,0.0,0.0,0.0,0.0,23.41,0.0,13.78,30.1,0.0,0.0,0.0,0.0,0.0,0.0,17.2,0.09,0.0,0.0,0.0,0.0,0.3,0.0,0.2,0.0,0.0,0.0,0.0,0.0,0.0,0.0,0.0,0.0,0.0,0.0,0.0,3.94,0.09,0.0,0.0,0.0,0.0,0.0,0.0,0.18,0.0,0.0,0.0,0.0,0.0,0.0,0.0,0.0,0.0,0.0,0.0,95.3,4.7,14077,695,14772,3,2,1,1.0,Bin_3,,1.0,1.0,1.0,1.0,Bin_4,Bin_4,3.0,3,Bin_8,Bin_8,Bin_8,Bin_8,Bin_5,Bin_5_Bin_6,Bin_3,Bin_1_Bin_2_Bin_3_Bin_4_Bin_5
10,759005,10759005,0,10,-1,2,16,4,1,14,43,477,2824,9,22,37,66,9,22,43,77,1613,5497,7890,13464,5574.0,13272,192,0,0,1430,1109,91,1447,1875,774,608,1693,0,128,456,142,0,0,0,0,0,112,20,30,1244,0,46,305,0,877,706,240,0,0,0,0,0,0,0,0,0,0,0,32,0,0,0,0,45,0,0,0,0,0,0,0,0,54,0,0,0,0,0.0,0.0,10.62,8.24,0.68,10.75,13.93,5.75,4.52,12.57,0.0,0.95,3.39,1.05,0.0,0.0,0.0,0.0,0.0,0.83,0.15,0.22,9.24,0.0,0.34,2.27,0.0,6.51,5.24,1.78,0.0,0.0,0.0,0.0,0.0,0.0,0.0,0.0,0.0,0.0,0.0,0.24,0.0,0.0,0.0,0.0,0.33,0.0,0.0,0.0,0.0,0.0,0.0,0.0,0.0,0.4,0.0,0.0,0.0,0.0,82.87,17.13,11158,2306,13464,3,2,1,1.0,Bin_3,,1.0,1.0,1.0,1.0,Bin_3,Bin_3,3.0,3,Bin_6,Bin_6,Bin_6,Bin_6,Bin_5,Bin_5_Bin_6,Bin_5,Bin_1_Bin_2_Bin_3_Bin_4_Bin_5
10,759362,10759362,0,10,-1,3,16,1,1,10,22,426,3197,9,18,39,41,11,22,46,48,4434,9680,21699,22398,699.0,0,22398,20,0,0,2226,0,112,11917,2061,814,168,0,713,3057,333,0,0,0,0,0,29,36,0,0,0,0,0,0,0,0,890,0,0,0,0,0,0,0,0,0,0,0,0,0,0,0,0,0,0,23,0,0,0,0,0,0,0,0,0,0,0,0.09,0.0,0.0,9.94,0.0,0.5,53.21,9.2,3.63,0.75,0.0,3.18,13.65,1.49,0.0,0.0,0.0,0.0,0.0,0.13,0.16,0.0,0.0,0.0,0.0,0.0,0.0,0.0,0.0,3.97,0.0,0.0,0.0,0.0,0.0,0.0,0.0,0.0,0.0,0.0,0.0,0.0,0.0,0.0,0.0,0.0,0.0,0.0,0.1,0.0,0.0,0.0,0.0,0.0,0.0,0.0,0.0,0.0,0.0,0.0,95.93,4.08,21486,913,22398,3,2,1,1.0,Bin_3,,1.0,1.0,1.0,1.0,Bin_3,Bin_3,3.0,3,Bin_6,Bin_6,Bin_5,Bin_4_Bin_5,Bin_5,Bin_5_Bin_6,Bin_3,Bin_1_Bin_2_Bin_3_Bin_4_Bin_5
10,759833,10759833,0,10,-1,3,16,3,1,10,22,426,1823,4,7,14,27,6,11,20,37,721,1924,3405,5254,1849.0,5254,0,0,0,0,12,38,0,247,1821,0,92,0,13,590,147,0,0,0,0,0,221,485,124,0,0,0,299,0,259,17,0,52,0,308,0,0,0,0,0,0,0,0,30,0,0,0,0,0,0,363,0,0,0,0,0,0,136,0,0,0,0,0.0,0.0,0.0,0.23,0.72,0.0,4.7,34.66,0.0,1.75,0.0,0.25,11.23,2.8,0.0,0.0,0.0,0.0,0.0,4.21,9.23,2.36,0.0,0.0,0.0,5.69,0.0,4.93,0.32,0.0,0.99,0.0,5.86,0.0,0.0,0.0,0.0,0.0,0.0,0.0,0.0,0.57,0.0,0.0,0.0,0.0,0.0,0.0,6.91,0.0,0.0,0.0,0.0,0.0,0.0,2.59,0.0,0.0,0.0,0.0,72.15,27.85,3791,1463,5254,3,2,1,1.0,Bin_3,,1.0,1.0,1.0,1.0,Bin_3,Bin_3,3.0,3,Bin_3,Bin_1_Bin_2_Bin_3_Bin_4,Bin_2,Bin_1_Bin_2,Bin_2,Bin_1_Bin_2_Bin_3_Bin_4,Bin_2,Bin_1_Bin_2_Bin_3_Bin_4_Bin_5
10,850409,10850409,0,10,-1,2,66,1,1,10,20,418,16849,17,45,78,146,22,57,90,159,11046,24150,39877,75950,36073.0,360,75590,20,0,744,25942,109,4032,6047,4180,3537,44,0,13285,10485,624,0,0,0,0,0,2760,1414,2471,17,0,0,0,0,57,0,0,0,0,0,0,0,0,0,0,0,0,0,103,80,0,0,0,0,0,0,0,0,0,0,0,0,0,0,0,0,0,0.03,0.0,0.98,34.16,0.14,5.31,7.96,5.5,4.66,0.06,0.0,17.49,13.81,0.82,0.0,0.0,0.0,0.0,0.0,3.63,1.86,3.25,0.02,0.0,0.0,0.0,0.0,0.08,0.0,0.0,0.0,0.0,0.0,0.0,0.0,0.0,0.0,0.0,0.0,0.0,0.0,0.14,0.11,0.0,0.0,0.0,0.0,0.0,0.0,0.0,0.0,0.0,0.0,0.0,0.0,0.0,0.0,0.0,0.0,0.0,99.68,0.32,75710,240,75950,3,2,1,1.0,Bin_3,,1.0,1.0,1.0,1.0,Bin_7,Bin_5_Bin_6_Bin_7_Bin_8,3.0,3,Bin_9,Bin_9,Bin_9,Bin_9,Bin_8,Bin_8,Bin_8,Bin_8
10,741751,10741751,0,10,-1,3,24,2,1,10,25,407,454,2,7,12,12,3,10,17,17,214,821,1438,1438,,1438,0,0,0,99,20,0,10,0,31,17,0,0,8,822,0,0,0,81,0,0,17,0,0,0,0,0,3,0,305,24,0,0,0,0,0,0,0,0,0,0,0,0,0,0,0,0,0,0,0,0,0,0,0,0,0,0,0,0,0,0,0,0.0,0.0,6.88,1.39,0.0,0.7,0.0,2.16,1.18,0.0,0.0,0.56,57.16,0.0,0.0,0.0,5.63,0.0,0.0,1.18,0.0,0.0,0.0,0.0,0.0,0.21,0.0,21.21,1.67,0.0,0.0,0.0,0.0,0.0,0.0,0.0,0.0,0.0,0.0,0.0,0.0,0.0,0.0,0.0,0.0,0.0,0.0,0.0,0.0,0.0,0.0,0.0,0.0,0.0,0.0,0.0,0.0,0.0,0.0,0.0,76.84,23.09,1105,332,1438,3,2,1,1.0,Bin_3,,1.0,1.0,1.0,1.0,Bin_2,Bin_2,3.0,3,Bin_1,Bin_1_Bin_2_Bin_3_Bin_4,Bin_2,Bin_1_Bin_2,Bin_2,Bin_1_Bin_2_Bin_3_Bin_4,Bin_1,Bin_1_Bin_2_Bin_3_Bin_4_Bin_5
10,742527,10742527,0,10,-1,2,24,1,1,10,25,407,16559,15,53,108,235,15,65,131,304,5224,20698,47035,108584,61550.0,533,108052,0,0,4594,29070,47,14559,10320,10053,4095,2068,0,4438,26691,937,0,0,722,80,0,50,109,15,11,665,0,0,0,0,0,0,0,0,0,0,0,0,0,0,0,0,0,0,0,0,0,0,0,0,62,0,0,0,0,0,0,0,0,0,0,0,0.0,0.0,4.23,26.77,0.04,13.41,9.5,9.26,3.77,1.9,0.0,4.09,24.58,0.86,0.0,0.0,0.66,0.07,0.0,0.05,0.1,0.01,0.01,0.61,0.0,0.0,0.0,0.0,0.0,0.0,0.0,0.0,0.0,0.0,0.0,0.0,0.0,0.0,0.0,0.0,0.0,0.0,0.0,0.0,0.0,0.0,0.0,0.0,0.06,0.0,0.0,0.0,0.0,0.0,0.0,0.0,0.0,0.0,0.0,0.0,99.94,0.06,108522,62,108584,3,2,1,1.0,Bin_3,,1.0,1.0,1.0,1.0,Bin_7,Bin_5_Bin_6_Bin_7_Bin_8,3.0,3,Bin_8,Bin_8,Bin_9,Bin_9,Bin_9,Bin_9,Bin_10,Bin_10
10,761853,10761853,0,10,-1,3,15,1,1,17,74,372,3093,4,19,36,68,4,22,45,83,3064,15822,31985,56807,24822.0,0,56807,50,0,0,27283,0,1417,0,0,19406,0,0,0,8651,0,0,0,0,0,0,0,0,0,0,0,0,0,0,0,0,0,0,0,0,0,0,0,0,0,0,0,0,0,0,0,0,0,0,0,0,0,0,0,0,0,0,0,0,0,0,0,0.09,0.0,0.0,48.03,0.0,2.49,0.0,0.0,34.16,0.0,0.0,0.0,15.23,0.0,0.0,0.0,0.0,0.0,0.0,0.0,0.0,0.0,0.0,0.0,0.0,0.0,0.0,0.0,0.0,0.0,0.0,0.0,0.0,0.0,0.0,0.0,0.0,0.0,0.0,0.0,0.0,0.0,0.0,0.0,0.0,0.0,0.0,0.0,0.0,0.0,0.0,0.0,0.0,0.0,0.0,0.0,0.0,0.0,0.0,0.0,100.0,0.0,56807,0,56807,3,2,1,1.0,Bin_3,,1.0,1.0,1.0,1.0,Bin_3,Bin_3,3.0,3,Bin_3,Bin_1_Bin_2_Bin_3_Bin_4,Bin_5,Bin_4_Bin_5,Bin_5,Bin_5_Bin_6,Bin_5,Bin_1_Bin_2_Bin_3_Bin_4_Bin_5
10,743369,10743369,0,10,-1,2,24,1,1,10,25,407,28842,25,80,168,347,31,98,219,461,12136,34184,70854,150269,80344.0,363,149906,245,0,2128,32233,774,9268,36585,6201,2291,2357,0,9547,36263,334,0,0,710,0,0,2760,4755,763,79,201,0,0,0,213,0,1990,0,0,0,0,0,0,0,0,0,0,0,269,0,0,0,0,0,0,304,0,0,0,0,0,0,0,0,0,0,0,0.16,0.0,1.42,21.45,0.52,6.17,24.35,4.13,1.52,1.57,0.0,6.35,24.13,0.22,0.0,0.0,0.47,0.0,0.0,1.84,3.16,0.51,0.05,0.13,0.0,0.0,0.0,0.14,0.0,1.32,0.0,0.0,0.0,0.0,0.0,0.0,0.0,0.0,0.0,0.0,0.0,0.18,0.0,0.0,0.0,0.0,0.0,0.0,0.2,0.0,0.0,0.0,0.0,0.0,0.0,0.0,0.0,0.0,0.0,0.0,98.15,1.85,147493,2776,150269,3,2,1,1.0,Bin_3,,1.0,1.0,1.0,1.0,Bin_9,Bin_9_Bin_10,3.0,3,Bin_10,Bin_10,Bin_10,Bin_10,Bin_10,Bin_10,Bin_10,Bin_10
10,780691,10780691,0,10,-1,9,0,1,1,12,41,387,6056,5,18,30,30,9,36,52,52,5365,15039,29443,29443,,0,29443,0,0,44,1690,170,3276,11148,2177,920,410,0,4824,3681,1075,0,0,20,0,0,7,0,0,0,0,0,0,0,0,0,0,0,0,0,0,0,0,0,0,0,0,0,0,0,0,0,0,0,0,0,0,0,0,0,0,0,0,0,0,0,0,0.0,0.0,0.15,5.74,0.58,11.13,37.86,7.39,3.12,1.39,0.0,16.38,12.5,3.65,0.0,0.0,0.07,0.0,0.0,0.02,0.0,0.0,0.0,0.0,0.0,0.0,0.0,0.0,0.0,0.0,0.0,0.0,0.0,0.0,0.0,0.0,0.0,0.0,0.0,0.0,0.0,0.0,0.0,0.0,0.0,0.0,0.0,0.0,0.0,0.0,0.0,0.0,0.0,0.0,0.0,0.0,0.0,0.0,0.0,0.0,100.0,0.0,29443,0,29443,3,2,1,1.0,Bin_3,,1.0,1.0,1.0,1.0,Bin_5,Bin_5_Bin_6_Bin_7_Bin_8,3.0,3,Bin_3,Bin_1_Bin_2_Bin_3_Bin_4,Bin_5,Bin_4_Bin_5,Bin_4,Bin_1_Bin_2_Bin_3_Bin_4,Bin_2,Bin_1_Bin_2_Bin_3_Bin_4_Bin_5
10,762781,10762781,0,10,-1,2,15,1,1,10,25,407,5949,6,14,28,54,8,18,37,70,2636,7070,15783,33684,17901.0,0,33684,25,0,0,6710,466,518,17517,867,1238,870,0,903,1569,0,0,0,0,0,0,423,585,31,45,1534,0,0,0,184,199,0,0,0,0,0,0,0,0,0,0,0,0,0,0,0,0,0,0,0,0,0,0,0,0,0,0,0,0,0,0,0,0.07,0.0,0.0,19.92,1.38,1.54,52.0,2.57,3.68,2.58,0.0,2.68,4.66,0.0,0.0,0.0,0.0,0.0,0.0,1.26,1.74,0.09,0.13,4.55,0.0,0.0,0.0,0.55,0.59,0.0,0.0,0.0,0.0,0.0,0.0,0.0,0.0,0.0,0.0,0.0,0.0,0.0,0.0,0.0,0.0,0.0,0.0,0.0,0.0,0.0,0.0,0.0,0.0,0.0,0.0,0.0,0.0,0.0,0.0,0.0,98.86,1.14,33301,383,33684,3,2,1,1.0,Bin_3,,1.0,1.0,1.0,1.0,Bin_5,Bin_5_Bin_6_Bin_7_Bin_8,3.0,3,Bin_4,Bin_1_Bin_2_Bin_3_Bin_4,Bin_4,Bin_4_Bin_5,Bin_4,Bin_1_Bin_2_Bin_3_Bin_4,Bin_4,Bin_1_Bin_2_Bin_3_Bin_4_Bin_5
10,744594,10744594,0,10,-1,2,23,1,1,13,42,472,6111,7,19,37,71,7,20,39,73,2700,7876,16509,30187,13976.0,148,30039,0,0,249,11872,0,0,2662,299,1215,449,0,3261,9090,82,0,0,341,0,0,5,600,37,0,0,0,0,0,0,0,0,0,0,0,0,0,0,0,0,0,0,0,26,0,0,0,0,0,0,0,0,0,0,0,0,0,0,0,0,0,0,0.0,0.0,0.82,39.33,0.0,0.0,8.82,0.99,4.02,1.49,0.0,10.8,30.11,0.27,0.0,0.0,1.13,0.0,0.0,0.02,1.99,0.12,0.0,0.0,0.0,0.0,0.0,0.0,0.0,0.0,0.0,0.0,0.0,0.0,0.0,0.0,0.0,0.0,0.0,0.0,0.0,0.09,0.0,0.0,0.0,0.0,0.0,0.0,0.0,0.0,0.0,0.0,0.0,0.0,0.0,0.0,0.0,0.0,0.0,0.0,99.92,0.09,30162,26,30187,3,2,1,1.0,Bin_3,,1.0,1.0,1.0,1.0,Bin_5,Bin_5_Bin_6_Bin_7_Bin_8,3.0,3,Bin_5,Bin_5,Bin_5,Bin_4_Bin_5,Bin_5,Bin_5_Bin_6,Bin_5,Bin_1_Bin_2_Bin_3_Bin_4_Bin_5
10,763465,10763465,0,10,-1,3,14,1,1,16,49,391,11786,8,32,59,119,10,41,75,144,3918,14322,26850,50244,23394.0,0,50244,25,0,45,12060,1752,4512,2787,5882,1737,6156,0,1246,6885,402,0,0,165,0,0,2399,2533,1059,0,98,0,0,53,0,0,217,0,0,0,0,0,0,0,0,0,0,0,185,0,0,0,0,0,0,47,0,0,0,0,0,0,0,0,0,0,0,0.05,0.0,0.09,24.0,3.49,8.98,5.55,11.71,3.46,12.25,0.0,2.48,13.7,0.8,0.0,0.0,0.33,0.0,0.0,4.77,5.04,2.11,0.0,0.2,0.0,0.0,0.11,0.0,0.0,0.43,0.0,0.0,0.0,0.0,0.0,0.0,0.0,0.0,0.0,0.0,0.0,0.37,0.0,0.0,0.0,0.0,0.0,0.0,0.09,0.0,0.0,0.0,0.0,0.0,0.0,0.0,0.0,0.0,0.0,0.0,99.0,1.0,49743,501,50244,3,2,1,1.0,Bin_3,,1.0,1.0,1.0,1.0,Bin_6,Bin_5_Bin_6_Bin_7_Bin_8,3.0,3,Bin_5,Bin_5,Bin_7,Bin_7,Bin_7,Bin_7,Bin_7,Bin_7
10,745018,10745018,0,10,-1,3,23,1,1,10,25,407,10513,7,33,53,81,12,57,88,134,7466,26656,48132,83481,35349.0,0,83481,31,0,912,3652,0,7498,37559,2535,2240,0,0,7327,16205,2084,0,0,19,38,0,119,0,0,143,2088,0,26,0,66,0,890,0,0,0,0,0,0,0,0,0,0,0,0,0,0,49,0,0,0,0,0,0,0,0,0,0,0,0,0,0,0,0.04,0.0,1.09,4.37,0.0,8.98,44.99,3.04,2.68,0.0,0.0,8.78,19.41,2.5,0.0,0.0,0.02,0.05,0.0,0.14,0.0,0.0,0.17,2.5,0.0,0.03,0.0,0.08,0.0,1.07,0.0,0.0,0.0,0.0,0.0,0.0,0.0,0.0,0.0,0.0,0.0,0.0,0.0,0.0,0.06,0.0,0.0,0.0,0.0,0.0,0.0,0.0,0.0,0.0,0.0,0.0,0.0,0.0,0.0,0.0,98.76,1.24,82450,1032,83481,3,2,1,1.0,Bin_3,,1.0,1.0,1.0,1.0,Bin_6,Bin_5_Bin_6_Bin_7_Bin_8,3.0,3,Bin_5,Bin_5,Bin_8,Bin_8,Bin_7,Bin_7,Bin_6,Bin_6
10,855024,10855024,0,10,-1,3,56,1,1,10,20,418,59655,28,84,170,347,43,152,308,662,19188,79557,159445,319383,160864.0,141,319243,100,0,14317,53844,1695,51720,85909,41830,2985,8676,0,23336,28502,5050,0,0,0,0,0,0,395,55,45,866,0,0,0,57,0,0,0,0,0,0,0,0,0,0,0,0,0,0,0,0,0,0,0,0,0,0,0,0,0,0,0,0,0,0,0,0,0.03,0.0,4.48,16.86,0.53,16.19,26.9,13.1,0.93,2.72,0.0,7.31,8.92,1.58,0.0,0.0,0.0,0.0,0.0,0.0,0.12,0.02,0.01,0.27,0.0,0.0,0.0,0.02,0.0,0.0,0.0,0.0,0.0,0.0,0.0,0.0,0.0,0.0,0.0,0.0,0.0,0.0,0.0,0.0,0.0,0.0,0.0,0.0,0.0,0.0,0.0,0.0,0.0,0.0,0.0,0.0,0.0,0.0,0.0,0.0,99.98,0.02,319326,57,319383,3,2,1,1.0,Bin_3,,1.0,1.0,1.0,1.0,Bin_10,Bin_9_Bin_10,3.0,3,Bin_10,Bin_10,Bin_10,Bin_10,Bin_10,Bin_10,Bin_10,Bin_10
10,745408,10745408,0,10,-1,3,23,1,1,10,25,407,13411,17,49,85,137,17,57,94,148,8179,22587,36370,55057,18956.0,0,55057,0,0,1171,12288,3819,6486,7579,1457,4116,191,0,2286,12703,56,0,165,458,0,0,1412,157,26,29,279,0,0,0,270,0,39,0,0,0,0,0,0,0,0,0,0,0,56,13,0,0,0,0,0,0,0,0,0,0,0,0,0,0,0,0,0,0.0,0.0,2.13,22.32,6.94,11.78,13.77,2.65,7.48,0.35,0.0,4.15,23.07,0.1,0.0,0.3,0.83,0.0,0.0,2.56,0.29,0.05,0.05,0.51,0.0,0.0,0.0,0.49,0.0,0.07,0.0,0.0,0.0,0.0,0.0,0.0,0.0,0.0,0.0,0.0,0.0,0.1,0.02,0.0,0.0,0.0,0.0,0.0,0.0,0.0,0.0,0.0,0.0,0.0,0.0,0.0,0.0,0.0,0.0,0.0,99.31,0.69,54678,379,55057,3,2,1,1.0,Bin_3,,1.0,1.0,1.0,1.0,Bin_7,Bin_5_Bin_6_Bin_7_Bin_8,3.0,3,Bin_9,Bin_9,Bin_9,Bin_9,Bin_9,Bin_9,Bin_8,Bin_8
10,746164,10746164,0,10,-1,9,22,1,1,12,41,387,106182,19,51,103,199,28,95,156,263,37885,98624,186384,353222,167358.0,0,353222,0,0,23790,29740,0,0,0,0,0,0,0,143812,584,125791,0,0,0,0,0,0,0,0,4511,24994,0,0,0,0,0,0,0,0,0,0,0,0,0,0,0,0,0,0,0,0,0,0,0,0,0,0,0,0,0,0,0,0,0,0,0,0,0.0,0.0,6.74,8.42,0.0,0.0,0.0,0.0,0.0,0.0,0.0,40.71,0.17,35.61,0.0,0.0,0.0,0.0,0.0,0.0,0.0,0.0,1.28,7.08,0.0,0.0,0.0,0.0,0.0,0.0,0.0,0.0,0.0,0.0,0.0,0.0,0.0,0.0,0.0,0.0,0.0,0.0,0.0,0.0,0.0,0.0,0.0,0.0,0.0,0.0,0.0,0.0,0.0,0.0,0.0,0.0,0.0,0.0,0.0,0.0,100.0,0.0,353222,0,353222,3,2,1,1.0,Bin_3,,1.0,1.0,1.0,1.0,Bin_10,Bin_9_Bin_10,3.0,3,Bin_9,Bin_9,Bin_9,Bin_9,Bin_9,Bin_9,Bin_9,Bin_9
10,746151,10746151,0,10,-1,9,22,1,1,12,41,387,11611,6,14,36,54,9,22,49,67,5319,11909,22005,36453,14448.0,0,36453,0,0,1670,2975,0,0,8887,0,2574,1193,0,6196,543,7364,0,0,0,0,0,0,0,0,910,4142,0,0,0,0,0,0,0,0,0,0,0,0,0,0,0,0,0,0,0,0,0,0,0,0,0,0,0,0,0,0,0,0,0,0,0,0,0.0,0.0,4.58,8.16,0.0,0.0,24.38,0.0,7.06,3.27,0.0,17.0,1.49,20.2,0.0,0.0,0.0,0.0,0.0,0.0,0.0,0.0,2.5,11.36,0.0,0.0,0.0,0.0,0.0,0.0,0.0,0.0,0.0,0.0,0.0,0.0,0.0,0.0,0.0,0.0,0.0,0.0,0.0,0.0,0.0,0.0,0.0,0.0,0.0,0.0,0.0,0.0,0.0,0.0,0.0,0.0,0.0,0.0,0.0,0.0,100.0,0.0,36453,0,36453,3,2,1,1.0,Bin_3,,1.0,1.0,1.0,1.0,Bin_6,Bin_5_Bin_6_Bin_7_Bin_8,3.0,3,Bin_4,Bin_1_Bin_2_Bin_3_Bin_4,Bin_4,Bin_4_Bin_5,Bin_5,Bin_5_Bin_6,Bin_4,Bin_1_Bin_2_Bin_3_Bin_4_Bin_5
10,765223,10765223,0,10,-1,3,14,1,1,10,25,407,137097,30,89,178,361,72,255,479,981,44231,179583,364874,745972,383197.0,8691,737282,0,0,29967,84004,4128,130068,243916,98018,6716,22409,0,52709,56987,12455,0,0,0,161,0,85,787,214,0,1436,0,1286,145,122,125,223,0,0,0,0,0,0,0,0,0,0,0,11,0,0,0,0,0,0,0,0,0,0,0,0,0,0,0,0,0,0,0.0,0.0,4.02,11.26,0.55,17.44,32.7,13.14,0.9,3.0,0.0,7.07,7.64,1.67,0.0,0.0,0.0,0.02,0.0,0.01,0.11,0.03,0.0,0.19,0.0,0.17,0.02,0.02,0.02,0.03,0.0,0.0,0.0,0.0,0.0,0.0,0.0,0.0,0.0,0.0,0.0,0.0,0.0,0.0,0.0,0.0,0.0,0.0,0.0,0.0,0.0,0.0,0.0,0.0,0.0,0.0,0.0,0.0,0.0,0.0,99.74,0.26,744061,1912,745972,3,2,1,1.0,Bin_3,,1.0,1.0,1.0,1.0,Bin_10,Bin_9_Bin_10,3.0,3,Bin_10,Bin_10,Bin_10,Bin_10,Bin_10,Bin_10,Bin_10,Bin_10
10,746530,10746530,0,10,-1,9,22,1,1,12,41,387,29711,6,29,60,125,8,53,88,175,4955,22993,45869,96517,50648.0,0,96517,0,0,3855,21182,8,1683,23788,3475,10859,10807,0,6981,6873,2008,0,0,0,0,0,0,0,0,477,4522,0,0,0,0,0,0,0,0,0,0,0,0,0,0,0,0,0,0,0,0,0,0,0,0,0,0,0,0,0,0,0,0,0,0,0,0,0.0,0.0,3.99,21.95,0.01,1.74,24.65,3.6,11.25,11.2,0.0,7.23,7.12,2.08,0.0,0.0,0.0,0.0,0.0,0.0,0.0,0.0,0.49,4.69,0.0,0.0,0.0,0.0,0.0,0.0,0.0,0.0,0.0,0.0,0.0,0.0,0.0,0.0,0.0,0.0,0.0,0.0,0.0,0.0,0.0,0.0,0.0,0.0,0.0,0.0,0.0,0.0,0.0,0.0,0.0,0.0,0.0,0.0,0.0,0.0,100.0,0.0,96517,0,96517,3,2,1,1.0,Bin_3,,1.0,1.0,1.0,1.0,Bin_9,Bin_9_Bin_10,3.0,3,Bin_4,Bin_1_Bin_2_Bin_3_Bin_4,Bin_7,Bin_7,Bin_7,Bin_7,Bin_8,Bin_8
10,746521,10746521,0,10,-1,9,22,1,1,12,41,387,56298,11,32,44,97,18,75,92,161,22405,64215,87425,192154,104729.0,0,192154,0,0,8877,26861,0,1910,57811,1401,7170,26481,0,16521,7957,7254,0,0,0,0,0,0,0,0,1187,28724,0,0,0,0,0,0,0,0,0,0,0,0,0,0,0,0,0,0,0,0,0,0,0,0,0,0,0,0,0,0,0,0,0,0,0,0,0.0,0.0,4.62,13.98,0.0,0.99,30.09,0.73,3.73,13.78,0.0,8.6,4.14,3.78,0.0,0.0,0.0,0.0,0.0,0.0,0.0,0.0,0.62,14.95,0.0,0.0,0.0,0.0,0.0,0.0,0.0,0.0,0.0,0.0,0.0,0.0,0.0,0.0,0.0,0.0,0.0,0.0,0.0,0.0,0.0,0.0,0.0,0.0,0.0,0.0,0.0,0.0,0.0,0.0,0.0,0.0,0.0,0.0,0.0,0.0,100.0,0.0,192154,0,192154,3,2,1,1.0,Bin_3,,1.0,1.0,1.0,1.0,Bin_10,Bin_9_Bin_10,3.0,3,Bin_7,Bin_7,Bin_7,Bin_7,Bin_6,Bin_5_Bin_6,Bin_7,Bin_7
10,746529,10746529,0,10,-1,9,22,1,1,12,41,387,38978,14,46,87,173,33,115,197,350,8839,31168,61761,124739,62978.0,0,124739,0,0,6240,8149,0,3113,26145,344,5062,3455,0,20618,6398,23175,0,0,0,0,0,0,0,0,5051,16990,0,0,0,0,0,0,0,0,0,0,0,0,0,0,0,0,0,0,0,0,0,0,0,0,0,0,0,0,0,0,0,0,0,0,0,0,0.0,0.0,5.0,6.53,0.0,2.5,20.96,0.28,4.06,2.77,0.0,16.53,5.13,18.58,0.0,0.0,0.0,0.0,0.0,0.0,0.0,0.0,4.05,13.62,0.0,0.0,0.0,0.0,0.0,0.0,0.0,0.0,0.0,0.0,0.0,0.0,0.0,0.0,0.0,0.0,0.0,0.0,0.0,0.0,0.0,0.0,0.0,0.0,0.0,0.0,0.0,0.0,0.0,0.0,0.0,0.0,0.0,0.0,0.0,0.0,100.0,0.0,124739,0,124739,3,2,1,1.0,Bin_3,,1.0,1.0,1.0,1.0,Bin_9,Bin_9_Bin_10,3.0,3,Bin_8,Bin_8,Bin_9,Bin_9,Bin_9,Bin_9,Bin_9,Bin_9
10,765436,10765436,0,10,-1,4,14,1,1,14,43,476,1619,4,4,4,12,9,9,9,24,3918,3918,3918,9279,5361.0,0,9279,0,0,139,801,262,477,4572,523,122,93,0,202,762,2,0,728,217,0,0,0,0,0,0,379,0,0,0,0,0,0,0,0,0,0,0,0,0,0,0,0,0,0,0,0,0,0,0,0,0,0,0,0,0,0,0,0,0,0,0,0,0.0,0.0,1.5,8.63,2.82,5.14,49.27,5.64,1.31,1.0,0.0,2.18,8.21,0.02,0.0,7.85,2.34,0.0,0.0,0.0,0.0,0.0,0.0,4.08,0.0,0.0,0.0,0.0,0.0,0.0,0.0,0.0,0.0,0.0,0.0,0.0,0.0,0.0,0.0,0.0,0.0,0.0,0.0,0.0,0.0,0.0,0.0,0.0,0.0,0.0,0.0,0.0,0.0,0.0,0.0,0.0,0.0,0.0,0.0,0.0,100.0,0.0,9279,0,9279,3,2,1,1.0,Bin_3,,1.0,1.0,1.0,1.0,Bin_3,Bin_3,3.0,3,Bin_3,Bin_1_Bin_2_Bin_3_Bin_4,Bin_1,Bin_1_Bin_2,Bin_1,Bin_1_Bin_2_Bin_3_Bin_4,Bin_1,Bin_1_Bin_2_Bin_3_Bin_4_Bin_5
10,784171,10784171,0,10,-1,2,0,3,3,37,70,263,1436,1,10,10,10,1,17,17,17,94,13156,13156,13156,,142,13014,0,0,109,845,0,76,26,0,111,6,0,2713,3530,4333,0,35,0,10,0,89,862,343,0,21,0,0,0,0,0,0,0,0,0,0,0,0,0,0,0,0,0,47,0,0,0,0,0,0,0,0,0,0,0,0,0,0,0,0,0,0,0.0,0.0,0.83,6.42,0.0,0.58,0.2,0.0,0.84,0.05,0.0,20.62,26.83,32.94,0.0,0.27,0.0,0.08,0.0,0.68,6.55,2.61,0.0,0.16,0.0,0.0,0.0,0.0,0.0,0.0,0.0,0.0,0.0,0.0,0.0,0.0,0.0,0.0,0.0,0.0,0.0,0.36,0.0,0.0,0.0,0.0,0.0,0.0,0.0,0.0,0.0,0.0,0.0,0.0,0.0,0.0,0.0,0.0,0.0,0.0,99.64,0.36,13108,47,13156,3,2,1,1.0,Bin_3,,1.0,1.0,1.0,1.0,Bin_2,Bin_2,3.0,3,Bin_1,Bin_1_Bin_2_Bin_3_Bin_4,Bin_3,Bin_3,Bin_2,Bin_1_Bin_2_Bin_3_Bin_4,Bin_1,Bin_1_Bin_2_Bin_3_Bin_4_Bin_5
10,747684,10747684,0,10,-1,3,22,1,1,10,25,407,30272,11,40,71,137,21,112,167,282,32737,182880,268403,473993,205590.0,0,473993,0,0,5460,165235,0,7625,159855,76061,3387,0,0,17725,25992,11186,0,0,146,0,0,0,0,0,0,0,0,0,0,0,0,1322,0,0,0,0,0,0,0,0,0,0,0,0,0,0,0,0,0,0,0,0,0,0,0,0,0,0,0,0,0,0,0.0,0.0,1.15,34.86,0.0,1.61,33.73,16.05,0.71,0.0,0.0,3.74,5.48,2.36,0.0,0.0,0.03,0.0,0.0,0.0,0.0,0.0,0.0,0.0,0.0,0.0,0.0,0.0,0.0,0.28,0.0,0.0,0.0,0.0,0.0,0.0,0.0,0.0,0.0,0.0,0.0,0.0,0.0,0.0,0.0,0.0,0.0,0.0,0.0,0.0,0.0,0.0,0.0,0.0,0.0,0.0,0.0,0.0,0.0,0.0,99.72,0.28,472671,1322,473993,3,2,1,1.0,Bin_3,,1.0,1.0,1.0,1.0,Bin_9,Bin_9_Bin_10,3.0,3,Bin_7,Bin_7,Bin_8,Bin_8,Bin_8,Bin_8,Bin_8,Bin_8
11,850160,11850160,0,11,-1,3,62,2,1,11,40,448,74,1,1,3,8,1,1,3,8,60,60,136,329,193.0,329,0,0,0,0,89,0,0,0,35,31,42,0,0,30,20,0,0,0,0,0,0,0,0,0,0,0,12,0,70,0,0,0,0,0,0,0,0,0,0,0,0,0,0,0,0,0,0,0,0,0,0,0,0,0,0,0,0,0,0,0,0,0.0,0.0,0.0,27.05,0.0,0.0,0.0,10.64,9.42,12.77,0.0,0.0,9.12,6.08,0.0,0.0,0.0,0.0,0.0,0.0,0.0,0.0,0.0,0.0,0.0,3.65,0.0,21.28,0.0,0.0,0.0,0.0,0.0,0.0,0.0,0.0,0.0,0.0,0.0,0.0,0.0,0.0,0.0,0.0,0.0,0.0,0.0,0.0,0.0,0.0,0.0,0.0,0.0,0.0,0.0,0.0,0.0,0.0,0.0,0.0,75.08,24.92,247,82,329,1,1,1,1.0,Bin_4,,1.0,1.0,1.0,1.0,Bin_1,Bin_1,1.0,"1, 2",Bin_1,Bin_1_Bin_2_Bin_3_Bin_4,Bin_1,Bin_1_Bin_2,Bin_1,Bin_1_Bin_2_Bin_3_Bin_4,Bin_1,Bin_1_Bin_2_Bin_3_Bin_4_Bin_5
11,850414,11850414,0,11,-1,3,60,0,1,10,20,418,11681,13,35,79,127,24,55,131,202,7323,15978,36868,57514,21555.0,57514,0,0,0,270,12700,1020,2922,2888,2467,555,10414,0,2570,12222,1298,0,187,275,21,8,2433,1857,258,218,364,124,231,63,257,0,335,0,0,0,0,13,0,19,0,0,0,490,106,0,0,12,0,50,0,373,0,440,0,0,0,17,27,0,0,0,10,0.0,0.0,0.47,22.08,1.77,5.08,5.02,4.29,0.96,18.11,0.0,4.47,21.25,2.26,0.0,0.33,0.48,0.04,0.01,4.23,3.23,0.45,0.38,0.63,0.22,0.4,0.11,0.45,0.0,0.58,0.0,0.0,0.0,0.0,0.02,0.0,0.03,0.0,0.0,0.0,0.85,0.18,0.0,0.0,0.02,0.0,0.09,0.0,0.65,0.0,0.77,0.0,0.0,0.0,0.03,0.05,0.0,0.0,0.0,0.02,95.54,4.46,54947,2567,57514,1,1,1,1.0,Bin_4,,1.0,1.0,1.0,1.0,Bin_6,Bin_5_Bin_6_Bin_7_Bin_8,1.0,"1, 2",Bin_8,Bin_8,Bin_8,Bin_8,Bin_8,Bin_8,Bin_8,Bin_8
11,853367,11853367,0,11,-1,5,40,1,1,12,41,387,13268,5,18,35,62,8,29,58,95,12404,26165,58266,86443,28177.0,86416,27,0,0,0,19158,935,527,1624,2592,0,0,0,1021,23252,27805,0,0,0,0,0,0,0,0,165,8716,0,0,0,0,0,0,0,0,0,0,0,0,0,0,0,0,0,0,0,0,0,0,8,0,640,0,0,0,0,0,0,0,0,0,0,0,0.0,0.0,0.0,22.16,1.08,0.61,1.88,3.0,0.0,0.0,0.0,1.18,26.9,32.17,0.0,0.0,0.0,0.0,0.0,0.0,0.0,0.0,0.19,10.08,0.0,0.0,0.0,0.0,0.0,0.0,0.0,0.0,0.0,0.0,0.0,0.0,0.0,0.0,0.0,0.0,0.0,0.0,0.0,0.0,0.0,0.0,0.01,0.0,0.74,0.0,0.0,0.0,0.0,0.0,0.0,0.0,0.0,0.0,0.0,0.0,99.25,0.75,85795,648,86443,1,1,1,1.0,Bin_4,,1.0,1.0,1.0,1.0,Bin_7,Bin_5_Bin_6_Bin_7_Bin_8,1.0,"1, 2",Bin_3,Bin_1_Bin_2_Bin_3_Bin_4,Bin_5,Bin_4_Bin_5,Bin_5,Bin_5_Bin_6,Bin_5,Bin_1_Bin_2_Bin_3_Bin_4_Bin_5
12,850172,12850172,0,12,-1,3,69,1,1,13,42,467,9218,7,24,50,99,7,25,54,115,7019,48546,85448,149993,64545.0,0,149993,0,0,12,120944,0,5926,0,0,0,0,0,530,16703,5877,0,0,0,0,0,0,0,0,0,0,0,0,0,0,0,0,0,0,0,0,0,0,0,0,0,0,0,0,0,0,0,0,0,0,0,0,0,0,0,0,0,0,0,0,0,0,0.0,0.0,0.01,80.63,0.0,3.95,0.0,0.0,0.0,0.0,0.0,0.35,11.14,3.92,0.0,0.0,0.0,0.0,0.0,0.0,0.0,0.0,0.0,0.0,0.0,0.0,0.0,0.0,0.0,0.0,0.0,0.0,0.0,0.0,0.0,0.0,0.0,0.0,0.0,0.0,0.0,0.0,0.0,0.0,0.0,0.0,0.0,0.0,0.0,0.0,0.0,0.0,0.0,0.0,0.0,0.0,0.0,0.0,0.0,0.0,100.0,0.0,149993,0,149993,3,2,1,1.0,Bin_4,,1.0,1.0,1.0,1.0,Bin_6,Bin_5_Bin_6_Bin_7_Bin_8,3.0,3,Bin_5,Bin_5,Bin_6,Bin_6,Bin_6,Bin_5_Bin_6,Bin_7,Bin_7
12,852796,12852796,0,12,-1,3,44,6,3,30,69,95,959,15,40,64,137,29,62,89,196,1158,3684,4732,8264,3532.0,6240,2024,0,0,132,194,57,66,46,56,30,465,0,20,44,517,0,15,539,60,0,337,77,243,1231,897,210,23,0,6,0,0,0,0,0,0,103,0,393,0,0,14,0,155,3,0,268,68,306,0,717,0,947,0,0,0,0,0,5,0,23,0,0.0,0.0,1.6,2.35,0.69,0.8,0.56,0.68,0.36,5.63,0.0,0.24,0.53,6.26,0.0,0.18,6.52,0.73,0.0,4.08,0.93,2.94,14.9,10.85,2.54,0.28,0.0,0.07,0.0,0.0,0.0,0.0,0.0,0.0,1.25,0.0,4.76,0.0,0.0,0.17,0.0,1.88,0.04,0.0,3.24,0.82,3.7,0.0,8.68,0.0,11.46,0.0,0.0,0.0,0.0,0.0,0.06,0.0,0.28,0.0,60.81,39.19,5025,3239,8264,3,2,1,1.0,Bin_4,,1.0,1.0,1.0,1.0,Bin_2,Bin_2,3.0,3,Bin_8,Bin_8,Bin_8,Bin_8,Bin_7,Bin_7,Bin_8,Bin_8
12,739734,12739734,1,12,-1,3,18,3,3,37,70,265,418,3,11,12,12,4,12,15,15,1433,5063,5682,5682,,2512,3170,0,0,83,988,62,55,89,0,275,2,0,291,475,1741,0,29,45,240,0,138,134,76,205,695,0,0,0,0,0,0,0,0,0,0,0,0,0,0,0,0,0,15,0,0,0,0,0,0,0,0,27,0,0,0,0,0,0,17,0,0,0.0,0.0,1.46,17.39,1.09,0.97,1.57,0.0,4.84,0.04,0.0,5.12,8.36,30.64,0.0,0.51,0.79,4.22,0.0,2.43,2.36,1.34,3.61,12.23,0.0,0.0,0.0,0.0,0.0,0.0,0.0,0.0,0.0,0.0,0.0,0.0,0.0,0.0,0.0,0.0,0.0,0.26,0.0,0.0,0.0,0.0,0.0,0.0,0.0,0.0,0.48,0.0,0.0,0.0,0.0,0.0,0.0,0.3,0.0,0.0,98.98,1.02,5624,58,5682,3,2,2,2.0,Bin_4,,2.0,2.0,1.0,1.0,Bin_2,Bin_2,3.0,3,Bin_2,Bin_1_Bin_2_Bin_3_Bin_4,Bin_3,Bin_3,Bin_2,Bin_1_Bin_2_Bin_3_Bin_4,Bin_1,Bin_1_Bin_2_Bin_3_Bin_4_Bin_5
12,745541,12745541,0,12,-1,3,10,1,3,37,70,265,-213,7,28,58,65,13,47,106,121,11616,33801,67109,74536,8005.0,74536,0,0,0,562,19443,1417,1632,1938,12,3216,4875,0,6980,5638,7938,0,2612,233,4102,0,527,2541,4226,510,5999,0,0,0,0,0,0,0,0,0,0,0,0,0,0,0,0,0,0,0,0,0,0,0,0,9,0,0,0,0,0,0,126,0,0,0,0,0.0,0.0,0.75,26.09,1.9,2.19,2.6,0.02,4.31,6.54,0.0,9.36,7.56,10.65,0.0,3.5,0.31,5.5,0.0,0.71,3.41,5.67,0.68,8.05,0.0,0.0,0.0,0.0,0.0,0.0,0.0,0.0,0.0,0.0,0.0,0.0,0.0,0.0,0.0,0.0,0.0,0.0,0.0,0.0,0.0,0.0,0.0,0.0,0.01,0.0,0.0,0.0,0.0,0.0,0.0,0.17,0.0,0.0,0.0,0.0,99.82,0.18,74401,135,74536,3,2,1,1.0,Bin_4,,1.0,1.0,1.0,1.0,Bin_1,Bin_1,3.0,3,Bin_5,Bin_5,Bin_7,Bin_7,Bin_7,Bin_7,Bin_5,Bin_1_Bin_2_Bin_3_Bin_4_Bin_5
12,851235,12851235,0,12,-1,3,58,0,3,35,65,113,-33512,2,4,10,28,3,5,13,42,18816,42437,117241,432156,314915.0,432156,0,16908,0,0,0,0,0,0,0,0,0,0,0,0,45625,0,0,0,102049,0,0,0,0,0,266855,0,0,0,0,0,0,0,0,0,0,0,0,720,0,0,0,0,0,0,0,0,0,0,0,0,0,0,0,0,0,0,0,0,0,0,0,3.91,0.0,0.0,0.0,0.0,0.0,0.0,0.0,0.0,0.0,0.0,0.0,0.0,10.56,0.0,0.0,0.0,23.61,0.0,0.0,0.0,0.0,0.0,61.75,0.0,0.0,0.0,0.0,0.0,0.0,0.0,0.0,0.0,0.0,0.0,0.0,0.17,0.0,0.0,0.0,0.0,0.0,0.0,0.0,0.0,0.0,0.0,0.0,0.0,0.0,0.0,0.0,0.0,0.0,0.0,0.0,0.0,0.0,0.0,0.0,99.83,0.17,431437,720,432156,3,2,1,1.0,Bin_4,,1.0,1.0,1.0,1.0,Bin_1,Bin_1,3.0,3,Bin_1,Bin_1_Bin_2_Bin_3_Bin_4,Bin_1,Bin_1_Bin_2,Bin_2,Bin_1_Bin_2_Bin_3_Bin_4,Bin_2,Bin_1_Bin_2_Bin_3_Bin_4_Bin_5
12,852150,12852150,0,12,-1,3,49,6,3,30,60,101,103634,31,91,181,363,255,606,1198,1769,399877,971224,1581105,2425787,851653.0,2032696,393091,268,0,48375,415542,30234,107408,187303,97673,113791,237088,341,165074,197862,161448,0,48009,81334,55978,175,26671,105870,139621,67795,108860,127,5367,181,1304,2430,685,963,368,0,0,1464,22,103,447,0,0,0,3974,2294,0,113,169,1580,0,1777,0,1534,74,0,0,0,2392,1483,82,135,0,0.01,0.0,1.99,17.13,1.25,4.43,7.72,4.03,4.69,9.77,0.01,6.8,8.16,6.66,0.0,1.98,3.35,2.31,0.01,1.1,4.36,5.76,2.79,4.49,0.01,0.22,0.01,0.05,0.1,0.03,0.04,0.02,0.0,0.0,0.06,0.0,0.0,0.02,0.0,0.0,0.0,0.16,0.09,0.0,0.0,0.01,0.07,0.0,0.07,0.0,0.06,0.0,0.0,0.0,0.0,0.1,0.06,0.0,0.01,0.0,98.8,1.2,2396720,29067,2425787,3,2,1,1.0,Bin_4,,1.0,1.0,1.0,1.0,Bin_10,Bin_9_Bin_10,3.0,3,Bin_10,Bin_10,Bin_10,Bin_10,Bin_10,Bin_10,Bin_10,Bin_10
12,747869,12747869,0,12,-1,3,0,1,3,37,70,265,156,6,12,34,35,6,12,35,36,4419,13007,36552,38118,2058.0,38118,0,0,0,979,7764,28,993,392,0,2926,339,0,5672,3404,4421,0,804,248,1607,0,15,1771,2125,718,3883,0,0,0,0,0,0,0,0,0,0,0,0,0,0,0,0,0,0,0,0,0,0,0,0,28,0,0,0,0,0,0,0,0,0,0,0,0.0,0.0,2.57,20.37,0.07,2.61,1.03,0.0,7.68,0.89,0.0,14.88,8.93,11.6,0.0,2.11,0.65,4.22,0.0,0.04,4.65,5.57,1.88,10.19,0.0,0.0,0.0,0.0,0.0,0.0,0.0,0.0,0.0,0.0,0.0,0.0,0.0,0.0,0.0,0.0,0.0,0.0,0.0,0.0,0.0,0.0,0.0,0.0,0.07,0.0,0.0,0.0,0.0,0.0,0.0,0.0,0.0,0.0,0.0,0.0,99.93,0.07,38090,28,38118,3,2,1,1.0,Bin_4,,1.0,1.0,1.0,1.0,Bin_1,Bin_1,3.0,3,Bin_4,Bin_1_Bin_2_Bin_3_Bin_4,Bin_3,Bin_3,Bin_5,Bin_5_Bin_6,Bin_3,Bin_1_Bin_2_Bin_3_Bin_4_Bin_5
12,850345,12850345,0,12,-1,9,64,0,1,12,41,387,3851,5,12,13,28,6,13,14,30,4172,10449,11654,20991,9337.0,20991,0,0,0,134,4197,0,1758,1398,5382,954,227,0,1853,2689,494,0,0,0,0,0,947,641,124,42,0,0,0,0,0,0,0,0,0,0,0,0,0,0,0,0,0,0,152,0,0,0,0,0,0,0,0,0,0,0,0,0,0,0,0,0,0,0.0,0.0,0.64,19.99,0.0,8.38,6.66,25.64,4.54,1.08,0.0,8.83,12.81,2.35,0.0,0.0,0.0,0.0,0.0,4.51,3.05,0.59,0.2,0.0,0.0,0.0,0.0,0.0,0.0,0.0,0.0,0.0,0.0,0.0,0.0,0.0,0.0,0.0,0.0,0.0,0.0,0.72,0.0,0.0,0.0,0.0,0.0,0.0,0.0,0.0,0.0,0.0,0.0,0.0,0.0,0.0,0.0,0.0,0.0,0.0,99.28,0.72,20839,152,20991,3,2,1,1.0,Bin_4,,1.0,1.0,1.0,1.0,Bin_4,Bin_4,3.0,3,Bin_3,Bin_1_Bin_2_Bin_3_Bin_4,Bin_3,Bin_3,Bin_2,Bin_1_Bin_2_Bin_3_Bin_4,Bin_2,Bin_1_Bin_2_Bin_3_Bin_4_Bin_5
12,735803,12735803,0,12,-1,4,22,5,1,10,25,407,2140,8,14,29,55,8,14,30,65,10975,11399,21026,23974,2948.0,22098,1876,0,0,135,795,0,143,20088,98,199,392,0,17,997,175,205,167,117,0,0,8,0,0,0,12,137,163,42,55,0,27,0,0,0,0,0,0,0,0,0,0,0,0,0,0,0,0,3,0,0,0,0,0,0,0,0,0,0,0,0,0,0.0,0.0,0.56,3.32,0.0,0.6,83.79,0.41,0.83,1.64,0.0,0.07,4.16,0.73,0.86,0.7,0.49,0.0,0.0,0.03,0.0,0.0,0.0,0.05,0.57,0.68,0.18,0.23,0.0,0.11,0.0,0.0,0.0,0.0,0.0,0.0,0.0,0.0,0.0,0.0,0.0,0.0,0.0,0.0,0.0,0.0,0.01,0.0,0.0,0.0,0.0,0.0,0.0,0.0,0.0,0.0,0.0,0.0,0.0,0.0,98.22,1.78,23547,427,23974,3,2,1,1.0,Bin_4,,1.0,1.0,1.0,1.0,Bin_3,Bin_3,3.0,3,Bin_5,Bin_5,Bin_4,Bin_4_Bin_5,Bin_4,Bin_1_Bin_2_Bin_3_Bin_4,Bin_4,Bin_1_Bin_2_Bin_3_Bin_4_Bin_5
13,855908,13855908,0,13,-1,3,46,4,7,72,85,808,1279,7,13,26,48,8,15,28,54,4113,7587,14857,26414,11557.0,581,25833,0,0,849,10697,839,306,3777,0,0,11,0,1824,942,2274,0,0,32,0,0,1665,0,96,93,2982,0,0,0,0,0,0,0,0,0,0,0,0,0,0,0,0,0,14,0,0,0,0,0,0,0,0,0,0,0,0,0,0,0,0,12,0,0.0,0.0,3.21,40.5,3.18,1.16,14.3,0.0,0.0,0.04,0.0,6.91,3.57,8.61,0.0,0.0,0.12,0.0,0.0,6.3,0.0,0.36,0.35,11.29,0.0,0.0,0.0,0.0,0.0,0.0,0.0,0.0,0.0,0.0,0.0,0.0,0.0,0.0,0.0,0.0,0.0,0.05,0.0,0.0,0.0,0.0,0.0,0.0,0.0,0.0,0.0,0.0,0.0,0.0,0.0,0.0,0.0,0.0,0.05,0.0,99.9,0.1,26387,27,26414,3,2,1,1.0,Bin_5,,1.0,1.0,1.0,1.0,Bin_2,Bin_2,3.0,3,Bin_5,Bin_5,Bin_4,Bin_4_Bin_5,Bin_4,Bin_1_Bin_2_Bin_3_Bin_4,Bin_4,Bin_1_Bin_2_Bin_3_Bin_4_Bin_5
13,851838,13851838,1,13,-1,2,60,4,1,10,20,416,9407,1,39,73,135,2,46,86,161,159,15785,31755,67498,36024.0,66116,1383,4,0,310,7840,631,871,26307,4551,1694,9821,0,869,10862,837,0,254,0,11,0,137,67,206,210,119,0,129,81,688,501,124,50,0,0,0,4,0,27,0,0,0,0,47,0,0,0,0,7,0,146,0,11,0,0,0,42,28,0,0,12,0,0.01,0.0,0.46,11.62,0.93,1.29,38.97,6.74,2.51,14.55,0.0,1.29,16.09,1.24,0.0,0.38,0.0,0.02,0.0,0.2,0.1,0.31,0.31,0.18,0.0,0.19,0.12,1.02,0.74,0.18,0.07,0.0,0.0,0.0,0.01,0.0,0.04,0.0,0.0,0.0,0.0,0.07,0.0,0.0,0.0,0.0,0.01,0.0,0.22,0.0,0.02,0.0,0.0,0.0,0.06,0.04,0.0,0.0,0.02,0.0,97.19,2.81,65600,1899,67498,3,2,2,2.0,Bin_5,,2.0,2.0,1.0,1.0,Bin_6,Bin_5_Bin_6_Bin_7_Bin_8,3.0,3,Bin_1,Bin_1_Bin_2_Bin_3_Bin_4,Bin_8,Bin_8,Bin_8,Bin_8,Bin_8,Bin_8
13,851896,13851896,0,13,-1,2,60,3,3,37,70,250,-9412,4,15,24,52,5,24,35,71,9230,44676,79938,163121,83183.0,162946,175,0,0,0,1023,0,0,0,0,0,112,0,4973,25890,9013,0,496,148,36923,0,0,890,1296,1819,79858,0,101,0,0,0,0,0,0,0,0,0,0,0,0,0,42,0,42,0,0,0,149,0,232,0,0,0,27,0,0,0,88,0,0,0,0,0.0,0.0,0.0,0.63,0.0,0.0,0.0,0.0,0.0,0.07,0.0,3.05,15.87,5.53,0.0,0.3,0.09,22.64,0.0,0.0,0.55,0.79,1.12,48.96,0.0,0.06,0.0,0.0,0.0,0.0,0.0,0.0,0.0,0.0,0.0,0.0,0.0,0.0,0.0,0.03,0.0,0.03,0.0,0.0,0.0,0.09,0.0,0.14,0.0,0.0,0.0,0.02,0.0,0.0,0.0,0.05,0.0,0.0,0.0,0.0,99.58,0.42,162440,681,163121,3,2,1,1.0,Bin_5,,1.0,1.0,1.0,1.0,Bin_1,Bin_1,3.0,3,Bin_3,Bin_1_Bin_2_Bin_3_Bin_4,Bin_4,Bin_4_Bin_5,Bin_3,Bin_1_Bin_2_Bin_3_Bin_4,Bin_4,Bin_1_Bin_2_Bin_3_Bin_4_Bin_5
13,851935,13851935,0,13,-1,2,60,3,1,13,42,469,8472,12,31,72,175,15,38,88,225,6815,20726,41606,96557,54951.0,95721,836,0,0,2382,32032,0,234,35991,208,2723,2192,0,3102,8894,341,0,225,0,498,0,579,658,262,35,2986,37,67,90,108,547,715,0,0,0,0,49,0,0,0,0,0,0,98,0,0,0,12,52,0,174,0,1245,22,0,0,0,0,0,0,0,0,0.0,0.0,2.47,33.17,0.0,0.24,37.27,0.22,2.82,2.27,0.0,3.21,9.21,0.35,0.0,0.23,0.0,0.52,0.0,0.6,0.68,0.27,0.04,3.09,0.04,0.07,0.09,0.11,0.57,0.74,0.0,0.0,0.0,0.0,0.05,0.0,0.0,0.0,0.0,0.0,0.0,0.1,0.0,0.0,0.0,0.01,0.05,0.0,0.18,0.0,1.29,0.02,0.0,0.0,0.0,0.0,0.0,0.0,0.0,0.0,96.67,3.33,93343,3215,96557,3,2,1,1.0,Bin_5,,1.0,1.0,1.0,1.0,Bin_5,Bin_5_Bin_6_Bin_7_Bin_8,3.0,3,Bin_8,Bin_8,Bin_7,Bin_7,Bin_8,Bin_8,Bin_9,Bin_9
13,854025,13854025,0,13,-1,3,49,0,3,30,68,96,5556,8,21,46,75,13,38,79,119,14306,39251,73339,100152,26813.0,100152,0,700,0,860,8081,540,8258,4603,6318,3293,709,0,5488,18515,15926,0,3554,87,0,0,13057,894,265,6517,67,443,236,17,220,268,216,67,0,0,0,0,0,0,0,165,0,0,0,0,0,0,0,14,0,91,0,13,0,0,0,482,120,12,58,0,0,0.7,0.0,0.86,8.07,0.54,8.25,4.6,6.31,3.29,0.71,0.0,5.48,18.49,15.9,0.0,3.55,0.09,0.0,0.0,13.04,0.89,0.26,6.51,0.07,0.44,0.24,0.02,0.22,0.27,0.22,0.07,0.0,0.0,0.0,0.0,0.0,0.0,0.0,0.16,0.0,0.0,0.0,0.0,0.0,0.0,0.0,0.01,0.0,0.09,0.0,0.01,0.0,0.0,0.0,0.48,0.12,0.01,0.06,0.0,0.0,97.58,2.42,97732,2421,100152,3,2,1,1.0,Bin_5,,1.0,1.0,1.0,1.0,Bin_5,Bin_5_Bin_6_Bin_7_Bin_8,3.0,3,Bin_5,Bin_5,Bin_6,Bin_6,Bin_6,Bin_5_Bin_6,Bin_6,Bin_6
14,748302,14748302,0,14,-1,3,12,1,1,10,22,426,26473,10,31,82,159,10,31,99,198,5796,17259,62812,114223,52107.0,114223,0,0,0,858,28935,682,5534,14600,17704,13811,2623,0,3659,20267,653,0,151,743,0,0,1762,45,76,0,9,0,34,0,305,444,711,305,0,0,0,0,0,0,0,0,0,0,0,314,0,0,0,0,0,0,0,0,0,0,0,0,0,0,0,0,0,0.0,0.0,0.75,25.33,0.6,4.84,12.78,15.5,12.09,2.3,0.0,3.2,17.74,0.57,0.0,0.13,0.65,0.0,0.0,1.54,0.04,0.07,0.0,0.01,0.0,0.03,0.0,0.27,0.39,0.62,0.27,0.0,0.0,0.0,0.0,0.0,0.0,0.0,0.0,0.0,0.0,0.0,0.27,0.0,0.0,0.0,0.0,0.0,0.0,0.0,0.0,0.0,0.0,0.0,0.0,0.0,0.0,0.0,0.0,0.0,98.15,1.85,112110,2113,114223,2,1,1,1.0,Bin_6,,1.0,1.0,1.0,1.0,Bin_9,Bin_9_Bin_10,2.0,"1, 2",Bin_7,Bin_7,Bin_7,Bin_7,Bin_9,Bin_9,Bin_9,Bin_9
14,737315,14737315,0,14,-1,3,21,1,1,11,40,453,178,1,3,9,15,1,3,11,18,55,354,547,1067,520.0,1031,36,0,0,7,33,28,36,0,36,7,82,0,13,0,6,0,0,0,127,0,1,47,0,164,45,0,0,0,0,0,0,317,0,0,0,25,0,0,0,0,0,0,0,0,0,0,0,0,0,0,0,0,92,0,0,0,0,0,0,0,0,0.0,0.0,0.66,3.09,2.62,3.37,0.0,3.37,0.66,7.69,0.0,1.22,0.0,0.56,0.0,0.0,0.0,11.9,0.0,0.09,4.4,0.0,15.37,4.22,0.0,0.0,0.0,0.0,0.0,0.0,29.71,0.0,0.0,0.0,2.34,0.0,0.0,0.0,0.0,0.0,0.0,0.0,0.0,0.0,0.0,0.0,0.0,0.0,0.0,0.0,0.0,8.62,0.0,0.0,0.0,0.0,0.0,0.0,0.0,0.0,59.33,40.67,633,434,1067,2,1,1,1.0,Bin_6,,1.0,1.0,1.0,1.0,Bin_2,Bin_2,2.0,"1, 2",Bin_1,Bin_1_Bin_2_Bin_3_Bin_4,Bin_1,Bin_1_Bin_2,Bin_2,Bin_1_Bin_2_Bin_3_Bin_4,Bin_2,Bin_1_Bin_2_Bin_3_Bin_4_Bin_5
14,852385,14852385,0,14,-1,3,54,0,1,14,43,476,5964,9,22,49,69,9,28,61,85,4420,9523,21138,28283,7419.0,28283,0,25,0,78,6837,1124,3455,344,1159,667,3861,0,1077,5097,62,0,86,302,0,0,1124,161,146,171,896,342,38,0,178,147,793,0,0,0,0,0,0,0,0,0,0,0,0,0,0,0,106,0,0,9,0,0,0,0,0,0,0,0,0,0,0,0.09,0.0,0.28,24.17,3.97,12.22,1.22,4.1,2.36,13.65,0.0,3.81,18.02,0.22,0.0,0.3,1.07,0.0,0.0,3.97,0.57,0.52,0.6,3.17,1.21,0.13,0.0,0.63,0.52,2.8,0.0,0.0,0.0,0.0,0.0,0.0,0.0,0.0,0.0,0.0,0.0,0.0,0.0,0.0,0.0,0.37,0.0,0.0,0.03,0.0,0.0,0.0,0.0,0.0,0.0,0.0,0.0,0.0,0.0,0.0,94.3,5.7,26672,1611,28283,2,1,1,1.0,Bin_6,,1.0,1.0,1.0,1.0,Bin_5,Bin_5_Bin_6_Bin_7_Bin_8,2.0,"1, 2",Bin_6,Bin_6,Bin_6,Bin_6,Bin_6,Bin_5_Bin_6,Bin_5,Bin_1_Bin_2_Bin_3_Bin_4_Bin_5
14,852382,14852382,0,14,-1,4,54,0,1,14,43,462,3041,4,6,14,25,5,7,16,31,3076,3667,5660,10905,5148.0,10905,0,0,0,22,411,140,173,41,864,188,281,0,331,308,32,0,129,0,0,0,579,796,152,0,135,85,37,0,49,2743,499,0,0,0,0,0,0,0,0,0,0,0,806,0,0,0,0,123,0,1911,0,70,0,0,0,0,0,0,0,0,0,0.0,0.0,0.2,3.77,1.28,1.59,0.38,7.92,1.72,2.58,0.0,3.04,2.82,0.29,0.0,1.18,0.0,0.0,0.0,5.31,7.3,1.39,0.0,1.24,0.78,0.34,0.0,0.45,25.15,4.58,0.0,0.0,0.0,0.0,0.0,0.0,0.0,0.0,0.0,0.0,0.0,7.39,0.0,0.0,0.0,0.0,1.13,0.0,17.52,0.0,0.64,0.0,0.0,0.0,0.0,0.0,0.0,0.0,0.0,0.0,42.01,57.99,4581,6324,10905,2,1,1,1.0,Bin_6,,1.0,1.0,1.0,1.0,Bin_3,Bin_3,2.0,"1, 2",Bin_3,Bin_1_Bin_2_Bin_3_Bin_4,Bin_2,Bin_1_Bin_2,Bin_2,Bin_1_Bin_2_Bin_3_Bin_4,Bin_2,Bin_1_Bin_2_Bin_3_Bin_4_Bin_5
14,852449,14852449,0,14,-1,3,54,0,1,10,29,411,13927,8,21,54,93,8,21,59,105,4170,11547,32433,55527,23094.0,55527,0,0,0,1443,18512,426,4226,2166,4149,4793,1277,0,3733,11931,316,0,193,502,0,0,99,0,0,492,13,0,0,0,268,126,838,28,0,0,0,0,0,0,0,0,0,0,0,0,0,0,0,0,0,0,0,0,0,0,0,0,0,0,0,0,0,0.0,0.0,2.6,33.34,0.77,7.61,3.9,7.47,8.63,2.3,0.0,6.72,21.49,0.57,0.0,0.35,0.9,0.0,0.0,0.18,0.0,0.0,0.89,0.02,0.0,0.0,0.0,0.48,0.23,1.51,0.05,0.0,0.0,0.0,0.0,0.0,0.0,0.0,0.0,0.0,0.0,0.0,0.0,0.0,0.0,0.0,0.0,0.0,0.0,0.0,0.0,0.0,0.0,0.0,0.0,0.0,0.0,0.0,0.0,0.0,97.73,2.27,54268,1259,55527,2,1,1,1.0,Bin_6,,1.0,1.0,1.0,1.0,Bin_7,Bin_5_Bin_6_Bin_7_Bin_8,2.0,"1, 2",Bin_5,Bin_5,Bin_6,Bin_6,Bin_7,Bin_7,Bin_6,Bin_6
14,749666,14749666,0,14,-1,3,11,1,1,10,22,404,10382,15,42,102,194,18,50,123,246,3917,16786,48682,90397,42075.0,90397,0,0,0,0,57492,0,3050,838,0,7752,2113,0,7394,10472,0,0,0,0,0,0,0,0,0,0,774,0,0,0,0,0,0,0,0,0,0,0,0,0,0,0,0,0,0,0,0,0,0,0,0,0,0,514,0,0,0,0,0,0,0,0,0,0.0,0.0,0.0,63.6,0.0,3.37,0.93,0.0,8.58,2.34,0.0,8.18,11.58,0.0,0.0,0.0,0.0,0.0,0.0,0.0,0.0,0.0,0.0,0.86,0.0,0.0,0.0,0.0,0.0,0.0,0.0,0.0,0.0,0.0,0.0,0.0,0.0,0.0,0.0,0.0,0.0,0.0,0.0,0.0,0.0,0.0,0.0,0.0,0.0,0.0,0.57,0.0,0.0,0.0,0.0,0.0,0.0,0.0,0.0,0.0,99.43,0.57,89883,514,90397,2,1,1,1.0,Bin_6,,1.0,1.0,1.0,1.0,Bin_6,Bin_5_Bin_6_Bin_7_Bin_8,2.0,"1, 2",Bin_8,Bin_8,Bin_9,Bin_9,Bin_9,Bin_9,Bin_9,Bin_9
14,852567,14852567,0,14,-1,5,53,0,1,10,25,407,9788,9,26,56,101,9,27,66,123,4119,11483,22062,39139,17077.0,39139,0,25,0,0,13457,0,57,0,0,0,12296,0,12125,58,0,0,0,0,1119,0,0,0,0,0,0,0,0,0,0,0,0,0,0,0,0,0,0,0,0,0,0,0,0,0,0,0,0,0,0,0,0,0,0,0,0,0,0,0,0,0,0,0.06,0.0,0.0,34.38,0.0,0.15,0.0,0.0,0.0,31.42,0.0,30.98,0.15,0.0,0.0,0.0,0.0,2.86,0.0,0.0,0.0,0.0,0.0,0.0,0.0,0.0,0.0,0.0,0.0,0.0,0.0,0.0,0.0,0.0,0.0,0.0,0.0,0.0,0.0,0.0,0.0,0.0,0.0,0.0,0.0,0.0,0.0,0.0,0.0,0.0,0.0,0.0,0.0,0.0,0.0,0.0,0.0,0.0,0.0,0.0,100.0,0.0,39139,0,39139,2,1,1,1.0,Bin_6,,1.0,1.0,1.0,1.0,Bin_6,Bin_5_Bin_6_Bin_7_Bin_8,2.0,"1, 2",Bin_6,Bin_6,Bin_6,Bin_6,Bin_7,Bin_7,Bin_7,Bin_7
14,739630,14739630,0,14,-1,3,19,1,1,14,43,479,2110,1,6,15,31,2,9,22,49,361,5567,12511,23883,11373.0,23883,0,0,0,87,5273,101,239,955,1664,691,302,0,542,2095,88,0,107,27,4840,0,396,343,493,545,3674,47,0,0,0,0,27,0,0,843,0,0,0,0,0,0,0,0,0,54,0,0,65,0,0,239,0,0,0,0,0,0,146,0,0,0,0,0.0,0.0,0.36,22.08,0.42,1.0,4.0,6.97,2.89,1.26,0.0,2.27,8.77,0.37,0.0,0.45,0.11,20.27,0.0,1.66,1.44,2.06,2.28,15.38,0.2,0.0,0.0,0.0,0.0,0.11,0.0,0.0,3.53,0.0,0.0,0.0,0.0,0.0,0.0,0.0,0.0,0.0,0.23,0.0,0.0,0.27,0.0,0.0,1.0,0.0,0.0,0.0,0.0,0.0,0.0,0.61,0.0,0.0,0.0,0.0,94.05,5.95,22461,1422,23883,2,1,1,1.0,Bin_6,,1.0,1.0,1.0,1.0,Bin_3,Bin_3,2.0,"1, 2",Bin_1,Bin_1_Bin_2_Bin_3_Bin_4,Bin_2,Bin_1_Bin_2,Bin_2,Bin_1_Bin_2_Bin_3_Bin_4,Bin_3,Bin_1_Bin_2_Bin_3_Bin_4_Bin_5
14,851253,14851253,0,14,-1,2,61,0,1,13,42,467,8790,20,57,126,251,25,74,193,434,6262,18165,50903,93387,42715.0,93387,0,0,0,188,3920,9,3878,32736,19210,9,1780,0,1613,29223,0,0,0,0,0,0,0,83,208,0,228,0,0,0,64,238,0,0,0,0,0,0,0,0,0,0,0,0,0,0,0,0,0,0,0,0,0,0,0,0,0,0,0,0,0,0,0,0.0,0.0,0.2,4.2,0.01,4.15,35.05,20.57,0.01,1.91,0.0,1.73,31.29,0.0,0.0,0.0,0.0,0.0,0.0,0.0,0.09,0.22,0.0,0.24,0.0,0.0,0.0,0.07,0.25,0.0,0.0,0.0,0.0,0.0,0.0,0.0,0.0,0.0,0.0,0.0,0.0,0.0,0.0,0.0,0.0,0.0,0.0,0.0,0.0,0.0,0.0,0.0,0.0,0.0,0.0,0.0,0.0,0.0,0.0,0.0,99.68,0.32,93085,302,93387,2,1,1,1.0,Bin_6,,1.0,1.0,1.0,1.0,Bin_6,Bin_5_Bin_6_Bin_7_Bin_8,2.0,"1, 2",Bin_10,Bin_10,Bin_10,Bin_10,Bin_10,Bin_10,Bin_10,Bin_10
14,851254,14851254,0,14,-1,9,61,0,1,12,41,387,25456,6,19,55,66,9,28,78,100,11300,27641,99298,113093,13795.0,113093,0,0,0,1465,27751,880,8388,11425,15322,4242,3895,0,2914,14071,1074,0,2560,2065,3162,0,154,0,0,3462,10263,0,0,0,0,0,0,0,0,0,0,0,0,0,0,0,0,0,0,0,0,0,0,0,0,0,0,0,0,0,0,0,0,0,0,0,0,0.0,0.0,1.3,24.54,0.78,7.42,10.1,13.55,3.75,3.44,0.0,2.58,12.44,0.95,0.0,2.26,1.83,2.8,0.0,0.14,0.0,0.0,3.06,9.07,0.0,0.0,0.0,0.0,0.0,0.0,0.0,0.0,0.0,0.0,0.0,0.0,0.0,0.0,0.0,0.0,0.0,0.0,0.0,0.0,0.0,0.0,0.0,0.0,0.0,0.0,0.0,0.0,0.0,0.0,0.0,0.0,0.0,0.0,0.0,0.0,100.0,0.0,113093,0,113093,2,1,1,1.0,Bin_6,,1.0,1.0,1.0,1.0,Bin_8,Bin_5_Bin_6_Bin_7_Bin_8,2.0,"1, 2",Bin_4,Bin_1_Bin_2_Bin_3_Bin_4,Bin_5,Bin_4_Bin_5,Bin_7,Bin_7,Bin_5,Bin_1_Bin_2_Bin_3_Bin_4_Bin_5
14,854065,14854065,0,14,-1,2,43,2,1,10,25,407,5522,9,24,47,85,13,37,70,122,3750,9523,18839,30338,11499.0,30261,77,33,0,335,2488,47,716,3920,7705,1005,3510,0,306,2543,295,47,1819,487,6,0,367,150,572,5,360,0,421,33,2047,247,258,0,0,0,0,52,0,46,0,0,83,0,72,0,0,0,60,29,0,36,0,12,0,0,0,0,194,0,33,0,0,0.11,0.0,1.1,8.2,0.15,2.36,12.92,25.4,3.31,11.57,0.0,1.01,8.38,0.97,0.15,6.0,1.61,0.02,0.0,1.21,0.49,1.89,0.02,1.19,0.0,1.39,0.11,6.75,0.81,0.85,0.0,0.0,0.0,0.0,0.17,0.0,0.15,0.0,0.0,0.27,0.0,0.24,0.0,0.0,0.0,0.2,0.1,0.0,0.12,0.0,0.04,0.0,0.0,0.0,0.0,0.64,0.0,0.11,0.0,0.0,88.06,11.94,26715,3623,30338,2,1,1,1.0,Bin_6,,1.0,1.0,1.0,1.0,Bin_5,Bin_5_Bin_6_Bin_7_Bin_8,2.0,"1, 2",Bin_6,Bin_6,Bin_6,Bin_6,Bin_6,Bin_5_Bin_6,Bin_6,Bin_6
14,854124,14854124,0,14,-1,2,43,0,1,13,42,467,3925,2,7,18,77,2,9,24,108,809,2340,6102,13299,7197.0,13299,0,100,0,0,2087,25,0,0,998,0,977,0,855,4149,79,0,0,29,0,0,51,0,0,888,0,53,89,21,1380,0,1278,0,0,0,0,0,0,0,0,0,0,0,0,0,0,0,78,0,0,0,0,0,0,123,0,0,39,0,0,0,0,0.75,0.0,0.0,15.69,0.19,0.0,0.0,7.5,0.0,7.35,0.0,6.43,31.2,0.59,0.0,0.0,0.22,0.0,0.0,0.38,0.0,0.0,6.68,0.0,0.4,0.67,0.16,10.38,0.0,9.61,0.0,0.0,0.0,0.0,0.0,0.0,0.0,0.0,0.0,0.0,0.0,0.0,0.0,0.0,0.0,0.59,0.0,0.0,0.0,0.0,0.0,0.0,0.92,0.0,0.0,0.29,0.0,0.0,0.0,0.0,76.98,23.02,10238,3061,13299,2,1,1,1.0,Bin_6,,1.0,1.0,1.0,1.0,Bin_4,Bin_4,2.0,"1, 2",Bin_1,Bin_1_Bin_2_Bin_3_Bin_4,Bin_2,Bin_1_Bin_2,Bin_3,Bin_1_Bin_2_Bin_3_Bin_4,Bin_6,Bin_6
14,854087,14854087,0,14,-1,2,43,0,1,10,25,407,12741,7,17,41,88,7,18,46,97,5610,13361,33323,63001,30204.0,63001,0,0,0,108,19038,0,4017,7268,1774,220,2654,0,5821,20850,52,0,0,645,0,0,211,38,0,0,0,0,0,0,84,0,223,0,0,0,0,0,0,0,0,0,0,0,0,0,0,0,0,0,0,0,0,0,0,0,0,0,0,0,0,0,0,0.0,0.0,0.17,30.22,0.0,6.38,11.54,2.82,0.35,4.21,0.0,9.24,33.09,0.08,0.0,0.0,1.02,0.0,0.0,0.33,0.06,0.0,0.0,0.0,0.0,0.0,0.0,0.13,0.0,0.35,0.0,0.0,0.0,0.0,0.0,0.0,0.0,0.0,0.0,0.0,0.0,0.0,0.0,0.0,0.0,0.0,0.0,0.0,0.0,0.0,0.0,0.0,0.0,0.0,0.0,0.0,0.0,0.0,0.0,0.0,99.51,0.49,62695,306,63001,2,1,1,1.0,Bin_6,,1.0,1.0,1.0,1.0,Bin_7,Bin_5_Bin_6_Bin_7_Bin_8,2.0,"1, 2",Bin_5,Bin_5,Bin_5,Bin_4_Bin_5,Bin_5,Bin_5_Bin_6,Bin_6,Bin_6
14,851625,14851625,0,14,-1,2,59,0,1,14,43,477,7039,4,8,37,59,4,8,42,68,2085,3495,26546,38464,11919.0,38464,0,0,0,140,2691,256,3375,8189,4237,11345,2787,0,1391,2839,103,0,0,0,0,0,0,324,0,-72,0,0,0,-21,0,614,0,265,0,0,0,0,0,0,0,0,0,0,0,0,0,0,0,0,0,0,0,0,0,0,0,0,0,0,0,0,0,0.0,0.0,0.36,7.0,0.67,8.77,21.29,11.02,29.5,7.25,0.0,3.62,7.38,0.27,0.0,0.0,0.0,0.0,0.0,0.0,0.84,0.0,-0.19,0.0,0.0,0.0,-0.05,0.0,1.6,0.0,0.69,0.0,0.0,0.0,0.0,0.0,0.0,0.0,0.0,0.0,0.0,0.0,0.0,0.0,0.0,0.0,0.0,0.0,0.0,0.0,0.0,0.0,0.0,0.0,0.0,0.0,0.0,0.0,0.0,0.0,97.77,2.23,37607,858,38464,2,1,1,1.0,Bin_6,,1.0,1.0,1.0,1.0,Bin_5,Bin_5_Bin_6_Bin_7_Bin_8,2.0,"1, 2",Bin_3,Bin_1_Bin_2_Bin_3_Bin_4,Bin_2,Bin_1_Bin_2,Bin_5,Bin_5_Bin_6,Bin_4,Bin_1_Bin_2_Bin_3_Bin_4_Bin_5
14,854223,14854223,0,14,-1,3,42,0,3,30,60,100,829,6,6,6,6,12,12,12,12,7518,7518,7518,7518,,0,7518,25,0,14,0,0,0,305,0,0,5713,0,27,0,1433,0,0,0,0,0,0,0,0,0,0,0,0,0,0,0,0,0,0,0,0,0,0,0,0,0,0,0,0,0,0,0,0,0,0,0,0,0,0,0,0,0,0,0,0,0,0,0.33,0.0,0.19,0.0,0.0,0.0,4.06,0.0,0.0,75.99,0.0,0.36,0.0,19.06,0.0,0.0,0.0,0.0,0.0,0.0,0.0,0.0,0.0,0.0,0.0,0.0,0.0,0.0,0.0,0.0,0.0,0.0,0.0,0.0,0.0,0.0,0.0,0.0,0.0,0.0,0.0,0.0,0.0,0.0,0.0,0.0,0.0,0.0,0.0,0.0,0.0,0.0,0.0,0.0,0.0,0.0,0.0,0.0,0.0,0.0,100.0,0.0,7518,0,7518,2,1,1,1.0,Bin_6,,1.0,1.0,1.0,1.0,Bin_2,Bin_2,2.0,"1, 2",Bin_4,Bin_1_Bin_2_Bin_3_Bin_4,Bin_2,Bin_1_Bin_2,Bin_1,Bin_1_Bin_2_Bin_3_Bin_4,Bin_1,Bin_1_Bin_2_Bin_3_Bin_4_Bin_5
14,851687,14851687,0,14,-1,2,59,0,1,10,20,419,1347,3,9,20,44,3,10,22,50,942,2385,5197,12292,7096.0,12292,0,25,0,49,703,9,582,4375,1159,0,367,0,301,4722,0,0,0,0,0,0,0,0,0,0,0,0,0,0,0,0,0,0,0,0,0,0,0,0,0,0,0,0,0,0,0,0,0,0,0,0,0,0,0,0,0,0,0,0,0,0,0,0.2,0.0,0.4,5.72,0.07,4.73,35.59,9.43,0.0,2.99,0.0,2.45,38.42,0.0,0.0,0.0,0.0,0.0,0.0,0.0,0.0,0.0,0.0,0.0,0.0,0.0,0.0,0.0,0.0,0.0,0.0,0.0,0.0,0.0,0.0,0.0,0.0,0.0,0.0,0.0,0.0,0.0,0.0,0.0,0.0,0.0,0.0,0.0,0.0,0.0,0.0,0.0,0.0,0.0,0.0,0.0,0.0,0.0,0.0,0.0,100.0,0.0,12292,0,12292,2,1,1,1.0,Bin_6,,1.0,1.0,1.0,1.0,Bin_2,Bin_2,2.0,"1, 2",Bin_2,Bin_1_Bin_2_Bin_3_Bin_4,Bin_2,Bin_1_Bin_2,Bin_3,Bin_1_Bin_2_Bin_3_Bin_4,Bin_3,Bin_1_Bin_2_Bin_3_Bin_4_Bin_5
14,853013,14853013,0,14,-1,3,49,0,3,30,60,253,773,6,14,30,63,7,15,38,77,1692,3246,9162,21075,11913.0,21075,0,1,0,250,1951,3,0,184,728,459,303,0,160,516,5484,0,236,192,432,0,195,518,907,223,7744,0,40,143,0,30,0,0,0,0,0,0,0,7,0,0,0,0,0,0,0,0,42,130,0,58,0,0,0,0,0,0,27,29,37,44,0,0.0,0.0,1.19,9.26,0.01,0.0,0.87,3.45,2.18,1.44,0.0,0.76,2.45,26.02,0.0,1.12,0.91,2.05,0.0,0.93,2.46,4.3,1.06,36.74,0.0,0.19,0.68,0.0,0.14,0.0,0.0,0.0,0.0,0.0,0.0,0.0,0.03,0.0,0.0,0.0,0.0,0.0,0.0,0.0,0.0,0.2,0.62,0.0,0.28,0.0,0.0,0.0,0.0,0.0,0.0,0.13,0.14,0.18,0.21,0.0,97.21,2.79,20488,587,21075,2,1,1,1.0,Bin_6,,1.0,1.0,1.0,1.0,Bin_2,Bin_2,2.0,"1, 2",Bin_4,Bin_1_Bin_2_Bin_3_Bin_4,Bin_4,Bin_4_Bin_5,Bin_4,Bin_1_Bin_2_Bin_3_Bin_4,Bin_5,Bin_1_Bin_2_Bin_3_Bin_4_Bin_5
14,850853,14850853,0,14,-1,2,66,3,1,10,24,447,65285,23,65,126,253,24,74,156,314,50061,158663,386419,597798,212591.0,597798,0,0,0,691,191756,112,7132,181818,85699,23317,16100,0,17659,66199,0,0,0,0,0,0,973,3556,927,693,712,0,84,0,328,0,41,0,0,0,0,0,0,0,0,0,0,0,0,0,0,0,0,0,0,0,0,0,0,0,0,0,0,0,0,0,0,0.0,0.0,0.12,32.08,0.02,1.19,30.41,14.34,3.9,2.69,0.0,2.95,11.07,0.0,0.0,0.0,0.0,0.0,0.0,0.16,0.59,0.16,0.12,0.12,0.0,0.01,0.0,0.05,0.0,0.01,0.0,0.0,0.0,0.0,0.0,0.0,0.0,0.0,0.0,0.0,0.0,0.0,0.0,0.0,0.0,0.0,0.0,0.0,0.0,0.0,0.0,0.0,0.0,0.0,0.0,0.0,0.0,0.0,0.0,0.0,99.92,0.08,597345,453,597798,2,1,1,1.0,Bin_6,,1.0,1.0,1.0,1.0,Bin_10,Bin_9_Bin_10,2.0,"1, 2",Bin_10,Bin_10,Bin_10,Bin_10,Bin_10,Bin_10,Bin_10,Bin_10
14,850898,14850898,0,14,-1,2,66,0,1,13,42,469,8806,13,40,79,150,14,43,92,192,4511,13450,31378,62097,31650.0,62097,0,20,0,31004,494,113,933,4404,118,18916,142,0,921,2485,129,0,0,35,0,0,275,190,125,161,261,158,47,0,268,20,422,0,0,0,0,0,0,0,0,0,411,0,33,0,0,13,0,0,0,0,0,0,0,0,0,0,0,0,0,0,0,0.03,0.0,49.93,0.8,0.18,1.5,7.09,0.19,30.46,0.23,0.0,1.48,4.0,0.21,0.0,0.0,0.06,0.0,0.0,0.44,0.31,0.2,0.26,0.42,0.25,0.08,0.0,0.43,0.03,0.68,0.0,0.0,0.0,0.0,0.0,0.0,0.0,0.0,0.0,0.66,0.0,0.05,0.0,0.0,0.02,0.0,0.0,0.0,0.0,0.0,0.0,0.0,0.0,0.0,0.0,0.0,0.0,0.0,0.0,0.0,97.79,2.21,60727,1370,62097,2,1,1,1.0,Bin_6,,1.0,1.0,1.0,1.0,Bin_6,Bin_5_Bin_6_Bin_7_Bin_8,2.0,"1, 2",Bin_8,Bin_8,Bin_8,Bin_8,Bin_8,Bin_8,Bin_9,Bin_9
14,851896,14851896,0,14,-1,3,57,0,1,14,43,479,4765,2,5,18,45,2,5,19,54,1062,1972,6296,18882,12875.0,18882,0,225,0,757,1197,307,800,81,1304,461,4294,0,892,1885,489,0,0,97,0,0,29,0,0,0,0,0,0,0,33,720,998,0,0,3974,0,0,0,0,0,0,0,0,0,340,0,0,0,0,0,0,0,0,0,0,0,0,0,0,0,0,0,1.19,0.0,4.01,6.34,1.63,4.24,0.43,6.91,2.44,22.74,0.0,4.72,9.98,2.59,0.0,0.0,0.51,0.0,0.0,0.15,0.0,0.0,0.0,0.0,0.0,0.0,0.0,0.17,3.81,5.29,0.0,0.0,21.05,0.0,0.0,0.0,0.0,0.0,0.0,0.0,0.0,0.0,1.8,0.0,0.0,0.0,0.0,0.0,0.0,0.0,0.0,0.0,0.0,0.0,0.0,0.0,0.0,0.0,0.0,0.0,67.88,32.12,12818,6065,18882,2,1,1,1.0,Bin_6,,1.0,1.0,1.0,1.0,Bin_4,Bin_4,2.0,"1, 2",Bin_1,Bin_1_Bin_2_Bin_3_Bin_4,Bin_1,Bin_1_Bin_2,Bin_3,Bin_1_Bin_2_Bin_3_Bin_4,Bin_4,Bin_1_Bin_2_Bin_3_Bin_4_Bin_5
14,850792,14850792,0,14,-1,2,65,0,1,13,42,469,34949,16,48,103,208,47,132,261,556,42092,104418,201366,392754,191388.0,349818,42936,0,0,3537,16474,0,23266,2597,307278,1878,3480,0,1528,26776,1786,0,0,0,0,0,2510,1032,60,0,0,35,13,0,454,26,0,0,0,0,0,0,0,0,0,0,0,0,12,10,0,0,0,0,0,0,0,0,0,0,0,0,0,0,0,0,0,0.0,0.0,0.9,4.19,0.0,5.92,0.66,78.24,0.48,0.89,0.0,0.39,6.82,0.45,0.0,0.0,0.0,0.0,0.0,0.64,0.26,0.02,0.0,0.0,0.01,0.0,0.0,0.12,0.01,0.0,0.0,0.0,0.0,0.0,0.0,0.0,0.0,0.0,0.0,0.0,0.0,0.0,0.0,0.0,0.0,0.0,0.0,0.0,0.0,0.0,0.0,0.0,0.0,0.0,0.0,0.0,0.0,0.0,0.0,0.0,99.86,0.14,392203,551,392754,2,1,1,1.0,Bin_6,,1.0,1.0,1.0,1.0,Bin_9,Bin_9_Bin_10,2.0,"1, 2",Bin_9,Bin_9,Bin_9,Bin_9,Bin_9,Bin_9,Bin_10,Bin_10
14,744785,14744785,0,14,-1,2,15,1,1,10,29,411,16709,8,28,60,116,11,39,86,170,6461,20540,42745,79073,36329.0,79073,0,125,0,190,15770,259,5303,16049,4644,1895,6822,0,377,15874,403,0,145,2885,0,0,2176,1297,0,20,1632,0,92,263,737,0,1603,0,0,0,0,0,0,0,0,0,0,0,69,125,0,0,296,0,0,12,0,10,0,0,0,0,0,0,0,0,0,0.16,0.0,0.24,19.94,0.33,6.71,20.3,5.87,2.4,8.63,0.0,0.48,20.08,0.51,0.0,0.18,3.65,0.0,0.0,2.75,1.64,0.0,0.03,2.06,0.0,0.12,0.33,0.93,0.0,2.03,0.0,0.0,0.0,0.0,0.0,0.0,0.0,0.0,0.0,0.0,0.0,0.09,0.16,0.0,0.0,0.37,0.0,0.0,0.02,0.0,0.01,0.0,0.0,0.0,0.0,0.0,0.0,0.0,0.0,0.0,95.94,4.06,75866,3208,79073,2,1,1,1.0,Bin_6,,1.0,1.0,1.0,1.0,Bin_7,Bin_5_Bin_6_Bin_7_Bin_8,2.0,"1, 2",Bin_5,Bin_5,Bin_7,Bin_7,Bin_7,Bin_7,Bin_7,Bin_7
14,853187,14853187,0,14,-1,2,48,1,1,13,42,469,9377,4,23,54,103,4,24,57,112,3508,14719,42718,78615,35897.0,78615,0,0,79,11,18944,0,92,39175,12,367,31,0,1346,6137,2049,0,111,1070,1639,0,251,859,184,73,5300,0,12,7,328,62,0,0,0,0,0,0,0,0,0,0,17,0,219,2,0,0,50,10,0,147,0,4,0,0,0,0,0,16,7,6,0,0.0,0.1,0.01,24.1,0.0,0.12,49.83,0.02,0.47,0.04,0.0,1.71,7.81,2.61,0.0,0.14,1.36,2.08,0.0,0.32,1.09,0.23,0.09,6.74,0.0,0.02,0.01,0.42,0.08,0.0,0.0,0.0,0.0,0.0,0.0,0.0,0.0,0.0,0.0,0.02,0.0,0.28,0.0,0.0,0.0,0.06,0.01,0.0,0.19,0.0,0.01,0.0,0.0,0.0,0.0,0.0,0.02,0.01,0.01,0.0,98.77,1.23,77650,965,78615,2,1,1,1.0,Bin_6,,1.0,1.0,1.0,1.0,Bin_6,Bin_5_Bin_6_Bin_7_Bin_8,2.0,"1, 2",Bin_3,Bin_1_Bin_2_Bin_3_Bin_4,Bin_6,Bin_6,Bin_7,Bin_7,Bin_7,Bin_7
14,755399,14755399,0,14,-1,3,0,1,3,30,60,100,168,3,3,3,3,4,4,4,4,2558,2558,2558,2558,,0,2558,0,0,0,0,0,0,0,0,0,1779,0,0,0,778,0,0,0,0,0,0,0,0,0,0,0,0,0,0,0,0,0,0,0,0,0,0,0,0,0,0,0,0,0,0,0,0,0,0,0,0,0,0,0,0,0,0,0,0,0,0,0.0,0.0,0.0,0.0,0.0,0.0,0.0,0.0,0.0,69.55,0.0,0.0,0.0,30.41,0.0,0.0,0.0,0.0,0.0,0.0,0.0,0.0,0.0,0.0,0.0,0.0,0.0,0.0,0.0,0.0,0.0,0.0,0.0,0.0,0.0,0.0,0.0,0.0,0.0,0.0,0.0,0.0,0.0,0.0,0.0,0.0,0.0,0.0,0.0,0.0,0.0,0.0,0.0,0.0,0.0,0.0,0.0,0.0,0.0,0.0,100.0,0.0,2558,0,2558,2,1,1,1.0,Bin_6,,1.0,1.0,1.0,1.0,Bin_1,Bin_1,2.0,"1, 2",Bin_2,Bin_1_Bin_2_Bin_3_Bin_4,Bin_1,Bin_1_Bin_2,Bin_1,Bin_1_Bin_2_Bin_3_Bin_4,Bin_1,Bin_1_Bin_2_Bin_3_Bin_4_Bin_5
14,745654,14745654,0,14,-1,3,14,1,1,10,24,447,4789,7,8,9,22,10,11,12,31,9519,10839,11103,26029,14927.0,26029,0,0,0,0,3679,0,1245,8257,1981,79,3361,0,1830,3296,1441,0,0,0,0,0,76,101,21,64,527,0,0,0,0,72,0,0,0,0,0,0,0,0,0,0,0,0,0,0,0,0,0,0,0,0,0,0,0,0,0,0,0,0,0,0,0,0.0,0.0,0.0,14.13,0.0,4.78,31.72,7.61,0.3,12.91,0.0,7.03,12.66,5.54,0.0,0.0,0.0,0.0,0.0,0.29,0.39,0.08,0.25,2.02,0.0,0.0,0.0,0.0,0.28,0.0,0.0,0.0,0.0,0.0,0.0,0.0,0.0,0.0,0.0,0.0,0.0,0.0,0.0,0.0,0.0,0.0,0.0,0.0,0.0,0.0,0.0,0.0,0.0,0.0,0.0,0.0,0.0,0.0,0.0,0.0,99.72,0.28,25957,72,26029,2,1,1,1.0,Bin_6,,1.0,1.0,1.0,1.0,Bin_4,Bin_4,2.0,"1, 2",Bin_5,Bin_5,Bin_2,Bin_1_Bin_2,Bin_2,Bin_1_Bin_2_Bin_3_Bin_4,Bin_2,Bin_1_Bin_2_Bin_3_Bin_4_Bin_5
14,853171,14853171,0,14,-1,2,48,1,1,14,43,487,3745,3,25,49,52,26,54,93,101,120,17112,33657,37608,3950.0,37608,0,25,0,0,0,0,0,22246,1546,74,0,0,174,109,3086,0,610,379,1512,0,0,0,637,716,2238,421,0,0,318,193,1571,1422,0,0,0,0,0,0,0,0,0,0,0,0,0,0,0,0,0,10,0,34,0,0,0,0,288,0,0,0,0,0.07,0.0,0.0,0.0,0.0,0.0,59.15,4.11,0.2,0.0,0.0,0.46,0.29,8.21,0.0,1.62,1.01,4.02,0.0,0.0,0.0,1.69,1.9,5.95,1.12,0.0,0.0,0.85,0.51,4.18,3.78,0.0,0.0,0.0,0.0,0.0,0.0,0.0,0.0,0.0,0.0,0.0,0.0,0.0,0.0,0.0,0.0,0.0,0.03,0.0,0.09,0.0,0.0,0.0,0.0,0.77,0.0,0.0,0.0,0.0,88.68,11.32,33352,4256,37608,2,1,1,1.0,Bin_6,,1.0,1.0,1.0,1.0,Bin_4,Bin_4,2.0,"1, 2",Bin_2,Bin_1_Bin_2_Bin_3_Bin_4,Bin_6,Bin_6,Bin_6,Bin_5_Bin_6,Bin_4,Bin_1_Bin_2_Bin_3_Bin_4_Bin_5
14,736147,14736147,1,14,-1,2,21,1,1,10,25,407,3999,8,10,10,10,11,13,13,13,7755,14851,14851,14851,,14851,0,0,0,26,4427,101,149,2596,184,322,316,0,430,2011,21,0,0,264,0,0,97,48,0,0,68,0,196,0,1069,841,1205,0,0,0,0,0,0,0,0,0,0,0,130,49,0,19,0,109,0,95,0,0,0,76,0,0,0,0,0,0,0,0.0,0.0,0.18,29.81,0.68,1.0,17.48,1.24,2.17,2.13,0.0,2.9,13.54,0.14,0.0,0.0,1.78,0.0,0.0,0.65,0.32,0.0,0.0,0.46,0.0,1.32,0.0,7.2,5.66,8.11,0.0,0.0,0.0,0.0,0.0,0.0,0.0,0.0,0.0,0.0,0.0,0.88,0.33,0.0,0.13,0.0,0.73,0.0,0.64,0.0,0.0,0.0,0.51,0.0,0.0,0.0,0.0,0.0,0.0,0.0,74.48,25.53,11061,3791,14851,2,1,2,2.0,Bin_6,,2.0,2.0,1.0,1.0,Bin_4,Bin_4,2.0,"1, 2",Bin_5,Bin_5,Bin_3,Bin_3,Bin_2,Bin_1_Bin_2_Bin_3_Bin_4,Bin_1,Bin_1_Bin_2_Bin_3_Bin_4_Bin_5
15,851733,15851733,0,15,-1,3,55,0,1,14,43,477,40711,14,33,63,72,18,41,90,104,45275,105613,225183,255620,30437.0,255620,0,0,0,1121,69506,2535,24020,20141,72616,4532,385,0,12238,35273,8412,0,1397,1919,0,0,28,19,0,103,726,0,4,0,646,0,0,0,0,0,0,0,0,0,0,0,0,0,0,0,0,0,0,0,0,0,0,0,0,0,0,0,0,0,0,0,0,0.0,0.0,0.44,27.19,0.99,9.4,7.88,28.41,1.77,0.15,0.0,4.79,13.8,3.29,0.0,0.55,0.75,0.0,0.0,0.01,0.01,0.0,0.04,0.28,0.0,0.0,0.0,0.25,0.0,0.0,0.0,0.0,0.0,0.0,0.0,0.0,0.0,0.0,0.0,0.0,0.0,0.0,0.0,0.0,0.0,0.0,0.0,0.0,0.0,0.0,0.0,0.0,0.0,0.0,0.0,0.0,0.0,0.0,0.0,0.0,99.75,0.25,254970,650,255620,2,1,1,1.0,Bin_8,,1.0,1.0,1.0,1.0,Bin_9,Bin_9_Bin_10,2.0,"1, 2",Bin_8,Bin_8,Bin_8,Bin_8,Bin_7,Bin_7,Bin_5,Bin_1_Bin_2_Bin_3_Bin_4_Bin_5
15,851721,15851721,0,15,-1,4,55,0,1,14,43,477,30301,21,68,138,271,35,103,202,374,32378,74546,126207,220538,94331.0,220538,0,0,0,5185,85918,1875,19183,6553,31536,38694,12776,0,2607,9796,655,0,139,306,0,0,786,413,19,1162,0,83,0,0,716,278,1766,0,0,0,0,0,0,0,0,0,0,0,0,55,0,36,0,0,0,0,0,0,0,0,0,0,0,0,0,0,0,0.0,0.0,2.35,38.96,0.85,8.7,2.97,14.3,17.55,5.79,0.0,1.18,4.44,0.3,0.0,0.06,0.14,0.0,0.0,0.36,0.19,0.01,0.53,0.0,0.04,0.0,0.0,0.32,0.13,0.8,0.0,0.0,0.0,0.0,0.0,0.0,0.0,0.0,0.0,0.0,0.0,0.0,0.02,0.0,0.02,0.0,0.0,0.0,0.0,0.0,0.0,0.0,0.0,0.0,0.0,0.0,0.0,0.0,0.0,0.0,98.67,1.33,217603,2935,220538,2,1,1,1.0,Bin_8,,1.0,1.0,1.0,1.0,Bin_9,Bin_9_Bin_10,2.0,"1, 2",Bin_10,Bin_10,Bin_10,Bin_10,Bin_10,Bin_10,Bin_10,Bin_10
15,850543,15850543,0,15,-1,4,62,0,1,12,41,387,7769,10,32,66,124,11,42,89,174,6422,20794,41199,73675,33183.0,73675,0,0,0,2805,28038,31,700,4561,1425,272,2861,0,4053,8569,12808,0,348,53,850,0,343,1464,360,3198,312,0,41,0,80,28,238,4,0,0,0,4,0,0,0,0,0,0,123,0,0,0,102,0,0,4,0,0,0,0,0,0,0,0,0,0,0,0.0,0.0,3.81,38.06,0.04,0.95,6.19,1.93,0.37,3.88,0.0,5.5,11.63,17.38,0.0,0.47,0.07,1.15,0.0,0.47,1.99,0.49,4.34,0.42,0.0,0.06,0.0,0.11,0.04,0.32,0.01,0.0,0.0,0.0,0.01,0.0,0.0,0.0,0.0,0.0,0.0,0.17,0.0,0.0,0.0,0.14,0.0,0.0,0.01,0.0,0.0,0.0,0.0,0.0,0.0,0.0,0.0,0.0,0.0,0.0,99.15,0.85,73051,624,73675,2,1,1,1.0,Bin_7,,1.0,1.0,1.0,1.0,Bin_5,Bin_5_Bin_6_Bin_7_Bin_8,2.0,"1, 2",Bin_7,Bin_7,Bin_7,Bin_7,Bin_8,Bin_8,Bin_8,Bin_8
15,850986,15850986,0,15,-1,3,61,1,1,10,20,418,26256,14,30,99,182,19,39,177,302,8744,16976,85545,144987,60582.0,144987,0,0,0,5693,34503,3999,25164,17531,24805,3707,3697,0,8577,13945,797,0,31,41,0,0,262,35,0,939,32,0,23,0,551,0,180,475,0,0,0,0,0,0,0,0,0,0,0,0,0,0,0,0,0,0,0,0,0,0,0,0,0,0,0,0,0,0.0,0.0,3.93,23.8,2.76,17.36,12.09,17.11,2.56,2.55,0.0,5.92,9.62,0.55,0.0,0.02,0.03,0.0,0.0,0.18,0.02,0.0,0.65,0.02,0.0,0.02,0.0,0.38,0.0,0.12,0.33,0.0,0.0,0.0,0.0,0.0,0.0,0.0,0.0,0.0,0.0,0.0,0.0,0.0,0.0,0.0,0.0,0.0,0.0,0.0,0.0,0.0,0.0,0.0,0.0,0.0,0.0,0.0,0.0,0.0,99.15,0.85,143758,1229,144987,2,1,1,1.0,Bin_8,,1.0,1.0,1.0,1.0,Bin_8,Bin_5_Bin_6_Bin_7_Bin_8,2.0,"1, 2",Bin_8,Bin_8,Bin_7,Bin_7,Bin_9,Bin_9,Bin_9,Bin_9
15,852865,15852865,1,15,-1,3,45,3,3,30,60,100,8055,25,72,84,94,40,107,124,137,21146,68327,76361,78648,2455.0,78648,0,0,0,301,9898,232,1566,6243,4485,862,52,0,3137,12539,8717,2352,12846,1906,1439,0,1120,2859,765,5096,1585,149,56,0,0,0,0,0,0,0,0,0,0,0,69,0,0,0,0,0,0,20,4,2,0,60,0,0,0,0,0,192,0,88,0,8,0,0.0,0.0,0.38,12.59,0.29,1.99,7.94,5.7,1.1,0.07,0.0,3.99,15.94,11.08,2.99,16.33,2.42,1.83,0.0,1.42,3.64,0.97,6.48,2.02,0.19,0.07,0.0,0.0,0.0,0.0,0.0,0.0,0.0,0.0,0.0,0.0,0.0,0.09,0.0,0.0,0.0,0.0,0.0,0.0,0.03,0.01,0.0,0.0,0.08,0.0,0.0,0.0,0.0,0.0,0.24,0.0,0.11,0.0,0.01,0.0,99.18,0.82,78000,648,78648,2,1,2,2.0,Bin_8,,2.0,2.0,1.0,1.0,Bin_5,Bin_5_Bin_6_Bin_7_Bin_8,2.0,"1, 2",Bin_10,Bin_10,Bin_10,Bin_10,Bin_9,Bin_9,Bin_6,Bin_6
15,852118,15852118,0,15,-1,3,52,3,1,10,22,404,20666,18,48,96,179,26,74,146,255,24523,77751,149415,263806,116186.0,263806,0,0,0,60,180622,142,2071,2944,600,18620,12814,0,24011,16644,592,0,19,631,147,0,595,984,460,351,301,0,43,0,0,0,0,444,0,0,0,0,0,0,166,0,0,274,68,0,0,0,0,53,0,79,0,0,0,0,0,0,14,0,0,58,0,0.0,0.0,0.02,68.47,0.05,0.79,1.12,0.23,7.06,4.86,0.0,9.1,6.31,0.22,0.0,0.01,0.24,0.06,0.0,0.23,0.37,0.17,0.13,0.11,0.0,0.02,0.0,0.0,0.0,0.0,0.17,0.0,0.0,0.0,0.0,0.0,0.0,0.06,0.0,0.0,0.1,0.03,0.0,0.0,0.0,0.0,0.02,0.0,0.03,0.0,0.0,0.0,0.0,0.0,0.0,0.01,0.0,0.0,0.02,0.0,99.55,0.45,262606,1200,263806,2,1,1,1.0,Bin_8,,1.0,1.0,1.0,1.0,Bin_8,Bin_5_Bin_6_Bin_7_Bin_8,2.0,"1, 2",Bin_9,Bin_9,Bin_9,Bin_9,Bin_9,Bin_9,Bin_9,Bin_9
15,852226,15852226,0,15,-1,3,52,0,1,11,40,399,16365,13,37,72,152,17,42,86,179,8388,23511,48680,119915,71236.0,119915,0,0,0,796,57004,0,18458,360,0,7056,0,0,6075,24914,2328,0,0,0,0,0,0,0,0,355,2142,0,0,0,0,0,223,0,0,0,0,0,0,0,0,0,0,0,0,0,0,0,150,0,0,56,0,0,0,0,0,0,0,0,0,0,0,0.0,0.0,0.66,47.54,0.0,15.39,0.3,0.0,5.88,0.0,0.0,5.07,20.78,1.94,0.0,0.0,0.0,0.0,0.0,0.0,0.0,0.0,0.3,1.79,0.0,0.0,0.0,0.0,0.0,0.19,0.0,0.0,0.0,0.0,0.0,0.0,0.0,0.0,0.0,0.0,0.0,0.0,0.0,0.0,0.0,0.13,0.0,0.0,0.05,0.0,0.0,0.0,0.0,0.0,0.0,0.0,0.0,0.0,0.0,0.0,99.64,0.36,119487,428,119915,2,1,1,1.0,Bin_8,,1.0,1.0,1.0,1.0,Bin_7,Bin_5_Bin_6_Bin_7_Bin_8,2.0,"1, 2",Bin_8,Bin_8,Bin_8,Bin_8,Bin_8,Bin_8,Bin_9,Bin_9
15,852301,15852301,0,15,-1,2,51,1,1,13,42,467,10246,21,56,125,236,35,94,237,493,8968,22058,53527,90666,37428.0,90666,0,0,0,176,6427,0,3017,20167,27687,0,8203,0,930,22428,60,0,14,0,0,0,55,390,0,0,34,191,0,0,129,757,0,0,0,0,0,0,0,0,0,0,0,0,0,0,0,0,0,0,0,0,0,0,0,0,0,0,0,0,0,0,0,0.0,0.0,0.19,7.09,0.0,3.33,22.24,30.54,0.0,9.05,0.0,1.03,24.74,0.07,0.0,0.02,0.0,0.0,0.0,0.06,0.43,0.0,0.0,0.04,0.21,0.0,0.0,0.14,0.83,0.0,0.0,0.0,0.0,0.0,0.0,0.0,0.0,0.0,0.0,0.0,0.0,0.0,0.0,0.0,0.0,0.0,0.0,0.0,0.0,0.0,0.0,0.0,0.0,0.0,0.0,0.0,0.0,0.0,0.0,0.0,98.81,1.19,89588,1078,90666,2,1,1,1.0,Bin_8,,1.0,1.0,1.0,1.0,Bin_6,Bin_5_Bin_6_Bin_7_Bin_8,2.0,"1, 2",Bin_10,Bin_10,Bin_9,Bin_9,Bin_10,Bin_10,Bin_10,Bin_10
15,850798,15850798,0,15,-1,3,67,1,1,10,20,418,19017,30,70,153,227,79,129,230,328,16958,35838,97757,141468,44450.0,141389,80,8,0,432,19461,990,10959,31827,13254,5331,1370,0,3319,21172,774,0,10382,3494,738,0,103,709,462,150,6858,534,86,434,1525,3419,965,0,0,0,0,523,0,60,0,125,0,29,84,17,0,0,0,82,0,20,0,166,25,185,0,882,214,42,198,62,0,0.01,0.0,0.31,13.76,0.7,7.75,22.5,9.37,3.77,0.97,0.0,2.35,14.97,0.55,0.0,7.34,2.47,0.52,0.0,0.07,0.5,0.33,0.11,4.85,0.38,0.06,0.31,1.08,2.42,0.68,0.0,0.0,0.0,0.0,0.37,0.0,0.04,0.0,0.09,0.0,0.02,0.06,0.01,0.0,0.0,0.0,0.06,0.0,0.01,0.0,0.12,0.02,0.13,0.0,0.62,0.15,0.03,0.14,0.04,0.0,93.16,6.84,131792,9677,141468,2,1,1,1.0,Bin_7,,1.0,1.0,1.0,1.0,Bin_8,Bin_5_Bin_6_Bin_7_Bin_8,2.0,"1, 2",Bin_10,Bin_10,Bin_10,Bin_10,Bin_10,Bin_10,Bin_10,Bin_10
15,850883,15850883,0,15,-1,3,65,1,3,31,61,170,-23146,5,18,39,56,6,30,63,83,14717,38949,128684,179974,51290.0,179974,0,840,0,0,0,0,0,0,0,0,0,0,0,0,0,0,2886,0,87474,0,0,0,140,718,87867,0,0,0,0,0,0,0,0,0,0,0,0,0,0,0,0,0,0,0,0,0,0,49,0,0,0,0,0,0,0,0,0,0,0,0,0,0.47,0.0,0.0,0.0,0.0,0.0,0.0,0.0,0.0,0.0,0.0,0.0,0.0,0.0,0.0,1.6,0.0,48.6,0.0,0.0,0.0,0.08,0.4,48.82,0.0,0.0,0.0,0.0,0.0,0.0,0.0,0.0,0.0,0.0,0.0,0.0,0.0,0.0,0.0,0.0,0.0,0.0,0.0,0.0,0.0,0.0,0.03,0.0,0.0,0.0,0.0,0.0,0.0,0.0,0.0,0.0,0.0,0.0,0.0,0.0,99.97,0.03,179925,49,179974,2,1,1,1.0,Bin_8,,1.0,1.0,1.0,1.0,Bin_1,Bin_1,2.0,"1, 2",Bin_3,Bin_1_Bin_2_Bin_3_Bin_4,Bin_5,Bin_4_Bin_5,Bin_5,Bin_5_Bin_6,Bin_4,Bin_1_Bin_2_Bin_3_Bin_4_Bin_5
15,850801,15850801,0,15,-1,2,65,3,3,31,61,170,2293,6,13,27,42,7,17,34,53,3511,9628,19923,30343,10420.0,30343,0,0,40,58,967,61,13,25,71,421,205,0,203,400,3337,0,1475,11050,8016,0,0,12,423,1900,1423,0,0,0,0,0,0,0,0,0,0,52,0,0,0,0,0,0,0,0,0,0,0,0,0,82,0,0,0,0,0,106,0,0,0,0,0,0.0,0.13,0.19,3.19,0.2,0.04,0.08,0.23,1.39,0.68,0.0,0.67,1.32,11.0,0.0,4.86,36.42,26.42,0.0,0.0,0.04,1.39,6.26,4.69,0.0,0.0,0.0,0.0,0.0,0.0,0.0,0.0,0.0,0.0,0.17,0.0,0.0,0.0,0.0,0.0,0.0,0.0,0.0,0.0,0.0,0.0,0.0,0.0,0.27,0.0,0.0,0.0,0.0,0.0,0.35,0.0,0.0,0.0,0.0,0.0,99.08,0.92,30063,280,30343,2,1,1,1.0,Bin_7,,1.0,1.0,1.0,1.0,Bin_3,Bin_3,2.0,"1, 2",Bin_4,Bin_1_Bin_2_Bin_3_Bin_4,Bin_4,Bin_4_Bin_5,Bin_4,Bin_1_Bin_2_Bin_3_Bin_4,Bin_3,Bin_1_Bin_2_Bin_3_Bin_4_Bin_5
15,851610,15851610,0,15,-1,3,56,1,3,30,60,100,-1142,18,58,85,91,19,68,97,103,3487,22435,29499,30715,1216.0,30624,91,0,25,410,956,5,63,122,16,0,130,0,8,197,1052,0,1666,384,10076,0,26,159,755,557,13567,0,10,0,0,0,0,0,0,0,0,0,0,0,0,0,0,0,32,0,0,0,0,7,191,0,0,0,0,0,0,87,62,108,0,44,0,0.0,0.08,1.33,3.11,0.02,0.21,0.4,0.05,0.0,0.42,0.0,0.03,0.64,3.43,0.0,5.42,1.25,32.8,0.0,0.08,0.52,2.46,1.81,44.17,0.0,0.03,0.0,0.0,0.0,0.0,0.0,0.0,0.0,0.0,0.0,0.0,0.0,0.0,0.0,0.0,0.0,0.1,0.0,0.0,0.0,0.0,0.02,0.62,0.0,0.0,0.0,0.0,0.0,0.0,0.28,0.2,0.35,0.0,0.14,0.0,98.16,1.84,30149,565,30715,2,1,1,1.0,Bin_8,,1.0,1.0,1.0,1.0,Bin_1,Bin_1,2.0,"1, 2",Bin_9,Bin_9,Bin_10,Bin_10,Bin_9,Bin_9,Bin_6,Bin_6
15,850735,15850735,0,15,-1,3,63,1,1,10,20,418,14122,2,7,22,49,2,9,31,61,1071,4777,25966,45679,19713.0,45679,0,0,0,482,23652,224,1100,6684,1521,52,2360,0,1399,5617,0,0,0,0,0,0,196,0,0,287,0,0,874,0,629,0,112,0,0,0,0,0,0,0,0,0,0,0,0,0,0,0,402,79,0,9,0,0,0,0,0,0,0,0,0,0,0,0.0,0.0,1.06,51.78,0.49,2.41,14.63,3.33,0.11,5.17,0.0,3.06,12.3,0.0,0.0,0.0,0.0,0.0,0.0,0.43,0.0,0.0,0.63,0.0,0.0,1.91,0.0,1.38,0.0,0.25,0.0,0.0,0.0,0.0,0.0,0.0,0.0,0.0,0.0,0.0,0.0,0.0,0.0,0.0,0.0,0.88,0.17,0.0,0.02,0.0,0.0,0.0,0.0,0.0,0.0,0.0,0.0,0.0,0.0,0.0,95.39,4.61,43575,2105,45679,2,1,1,1.0,Bin_7,,1.0,1.0,1.0,1.0,Bin_7,Bin_5_Bin_6_Bin_7_Bin_8,2.0,"1, 2",Bin_1,Bin_1_Bin_2_Bin_3_Bin_4,Bin_2,Bin_1_Bin_2,Bin_3,Bin_1_Bin_2_Bin_3_Bin_4,Bin_4,Bin_1_Bin_2_Bin_3_Bin_4_Bin_5
15,851143,15851143,0,15,-1,2,63,1,1,14,43,478,64346,1,20,97,161,3,32,210,324,38379,76017,308854,430655,125174.0,430655,0,0,0,9614,77889,678,6934,57121,93722,23608,14165,0,2996,51299,1351,0,7183,29442,0,0,570,122,0,0,30,781,695,0,1904,5246,1102,0,0,0,1166,45,0,0,0,50,67,420,5949,0,0,0,235,0,0,0,0,748,0,0,1086,0,34435,0,0,0,0,0.0,0.0,2.23,18.09,0.16,1.61,13.26,21.76,5.48,3.29,0.0,0.7,11.91,0.31,0.0,1.67,6.84,0.0,0.0,0.13,0.03,0.0,0.0,0.01,0.18,0.16,0.0,0.44,1.22,0.26,0.0,0.0,0.0,0.27,0.01,0.0,0.0,0.0,0.01,0.02,0.1,1.38,0.0,0.0,0.0,0.05,0.0,0.0,0.0,0.0,0.17,0.0,0.0,0.25,0.0,8.0,0.0,0.0,0.0,0.0,87.48,12.52,376725,53930,430655,2,1,1,1.0,Bin_8,,1.0,1.0,1.0,1.0,Bin_10,Bin_9_Bin_10,2.0,"1, 2",Bin_1,Bin_1_Bin_2_Bin_3_Bin_4,Bin_5,Bin_4_Bin_5,Bin_9,Bin_9,Bin_9,Bin_9
15,851021,15851021,0,15,-1,2,63,1,1,14,43,479,29160,14,27,56,95,20,36,77,123,37900,64313,109987,170865,61951.0,170865,0,0,0,3872,15276,1208,24497,77759,6745,7914,1740,0,6635,14111,964,0,0,1151,0,0,87,0,0,0,15,0,0,0,240,6401,2249,0,0,0,0,0,0,0,0,0,0,0,0,0,0,0,0,0,0,0,0,0,0,0,0,0,0,0,0,0,0,0.0,0.0,2.27,8.94,0.71,14.34,45.51,3.95,4.63,1.02,0.0,3.88,8.26,0.56,0.0,0.0,0.67,0.0,0.0,0.05,0.0,0.0,0.0,0.01,0.0,0.0,0.0,0.14,3.75,1.32,0.0,0.0,0.0,0.0,0.0,0.0,0.0,0.0,0.0,0.0,0.0,0.0,0.0,0.0,0.0,0.0,0.0,0.0,0.0,0.0,0.0,0.0,0.0,0.0,0.0,0.0,0.0,0.0,0.0,0.0,94.8,5.2,161975,8890,170865,2,1,1,1.0,Bin_8,,1.0,1.0,1.0,1.0,Bin_9,Bin_9_Bin_10,2.0,"1, 2",Bin_8,Bin_8,Bin_7,Bin_7,Bin_7,Bin_7,Bin_6,Bin_6
16,850405,16850405,0,16,-1,2,62,2,3,37,70,250,1855,5,9,17,29,13,24,49,76,13909,30161,51833,75741,23908.0,75360,381,0,0,1485,13378,810,1232,1555,619,452,1930,0,12127,8155,10719,0,1088,415,6819,0,388,710,2038,2646,8404,0,28,0,46,40,0,0,0,0,0,229,79,0,108,0,0,0,0,158,0,0,0,0,0,70,0,0,0,0,0,0,0,0,10,5,0,0.0,0.0,1.96,17.66,1.07,1.63,2.05,0.82,0.6,2.55,0.0,16.01,10.77,14.15,0.0,1.44,0.55,9.0,0.0,0.51,0.94,2.69,3.49,11.1,0.0,0.04,0.0,0.06,0.05,0.0,0.0,0.0,0.0,0.0,0.3,0.1,0.0,0.14,0.0,0.0,0.0,0.0,0.21,0.0,0.0,0.0,0.0,0.0,0.09,0.0,0.0,0.0,0.0,0.0,0.0,0.0,0.0,0.01,0.01,0.0,98.98,1.02,74969,772,75741,1,1,1,1.0,Bin_8,,1.0,1.0,1.0,1.0,Bin_3,Bin_3,1.0,"1, 2",Bin_3,Bin_1_Bin_2_Bin_3_Bin_4,Bin_2,Bin_1_Bin_2,Bin_3,Bin_1_Bin_2_Bin_3_Bin_4,Bin_2,Bin_1_Bin_2_Bin_3_Bin_4_Bin_5
16,850676,16850676,0,16,-1,3,61,1,1,10,20,418,7540,4,15,33,62,5,18,36,66,2429,10308,20224,39507,19282.0,39507,0,0,0,0,28766,0,1132,0,0,1586,0,0,3192,249,84,0,0,0,974,0,3025,0,0,0,499,0,0,0,0,0,0,0,0,0,0,0,0,0,0,0,0,0,0,0,0,0,0,0,0,0,0,0,0,0,0,0,0,0,0,0,0,0.0,0.0,0.0,72.81,0.0,2.87,0.0,0.0,4.01,0.0,0.0,8.08,0.63,0.21,0.0,0.0,0.0,2.47,0.0,7.66,0.0,0.0,0.0,1.26,0.0,0.0,0.0,0.0,0.0,0.0,0.0,0.0,0.0,0.0,0.0,0.0,0.0,0.0,0.0,0.0,0.0,0.0,0.0,0.0,0.0,0.0,0.0,0.0,0.0,0.0,0.0,0.0,0.0,0.0,0.0,0.0,0.0,0.0,0.0,0.0,100.0,0.0,39507,0,39507,1,1,1,1.0,Bin_8,,1.0,1.0,1.0,1.0,Bin_5,Bin_5_Bin_6_Bin_7_Bin_8,1.0,"1, 2",Bin_3,Bin_1_Bin_2_Bin_3_Bin_4,Bin_4,Bin_4_Bin_5,Bin_4,Bin_1_Bin_2_Bin_3_Bin_4,Bin_5,Bin_1_Bin_2_Bin_3_Bin_4_Bin_5
16,851564,16851564,0,16,-1,2,51,2,1,13,42,469,1290,6,10,15,37,6,11,16,38,2979,4605,6222,12753,6531.0,12753,0,0,0,0,5359,0,768,3242,423,0,677,0,193,2006,84,0,0,0,0,0,0,0,0,0,0,0,0,0,0,0,0,0,0,0,0,0,0,0,0,0,0,0,0,0,0,0,0,0,0,0,0,0,0,0,0,0,0,0,0,0,0,0.0,0.0,0.0,42.02,0.0,6.02,25.42,3.32,0.0,5.31,0.0,1.51,15.73,0.66,0.0,0.0,0.0,0.0,0.0,0.0,0.0,0.0,0.0,0.0,0.0,0.0,0.0,0.0,0.0,0.0,0.0,0.0,0.0,0.0,0.0,0.0,0.0,0.0,0.0,0.0,0.0,0.0,0.0,0.0,0.0,0.0,0.0,0.0,0.0,0.0,0.0,0.0,0.0,0.0,0.0,0.0,0.0,0.0,0.0,0.0,100.0,0.0,12753,0,12753,1,1,1,1.0,Bin_8,,1.0,1.0,1.0,1.0,Bin_2,Bin_2,1.0,"1, 2",Bin_4,Bin_1_Bin_2_Bin_3_Bin_4,Bin_3,Bin_3,Bin_2,Bin_1_Bin_2_Bin_3_Bin_4,Bin_3,Bin_1_Bin_2_Bin_3_Bin_4_Bin_5
20,850440,20850440,0,20,-1,3,55,0,1,14,43,477,187775,21,62,129,260,42,121,240,493,135437,352908,635954,1174224,539583.0,1174224,0,0,0,5590,461238,842,33383,2199,299720,15622,109979,0,59512,155933,24216,0,0,0,74,0,553,0,0,0,241,0,0,0,3033,0,0,0,0,0,0,0,0,0,291,0,0,0,0,0,0,0,0,0,0,1798,0,0,0,0,0,0,0,0,0,0,0,0.0,0.0,0.48,39.28,0.07,2.84,0.19,25.52,1.33,9.37,0.0,5.07,13.28,2.06,0.0,0.0,0.0,0.01,0.0,0.05,0.0,0.0,0.0,0.02,0.0,0.0,0.0,0.26,0.0,0.0,0.0,0.0,0.0,0.0,0.0,0.0,0.0,0.02,0.0,0.0,0.0,0.0,0.0,0.0,0.0,0.0,0.0,0.0,0.15,0.0,0.0,0.0,0.0,0.0,0.0,0.0,0.0,0.0,0.0,0.0,99.56,0.44,1169102,5122,1174224,1,1,1,1.0,Bin_9,,1.0,1.0,1.0,1.0,Bin_10,Bin_9_Bin_10,1.0,"1, 2",Bin_10,Bin_10,Bin_10,Bin_10,Bin_10,Bin_10,Bin_10,Bin_10
20,850679,20850679,0,20,-1,2,50,0,3,37,70,263,-1332,9,19,38,68,11,25,48,97,15622,37125,75016,118872,43856.0,118872,0,0,0,1532,15150,229,677,2069,925,2150,646,0,4634,14952,25786,378,12493,489,5080,0,1,2030,3186,9055,15824,410,26,0,0,238,137,0,0,14,0,37,0,0,87,42,0,0,16,0,0,0,0,99,0,26,0,183,0,0,0,142,127,0,0,0,0,0.0,0.0,1.29,12.74,0.19,0.57,1.74,0.78,1.81,0.54,0.0,3.9,12.58,21.69,0.32,10.51,0.41,4.27,0.0,0.0,1.71,2.68,7.62,13.31,0.34,0.02,0.0,0.0,0.2,0.12,0.0,0.0,0.01,0.0,0.03,0.0,0.0,0.07,0.04,0.0,0.0,0.01,0.0,0.0,0.0,0.0,0.08,0.0,0.02,0.0,0.15,0.0,0.0,0.0,0.12,0.11,0.0,0.0,0.0,0.0,98.67,1.33,117288,1584,118872,1,1,1,1.0,Bin_9,,1.0,1.0,1.0,1.0,Bin_1,Bin_1,1.0,"1, 2",Bin_6,Bin_6,Bin_5,Bin_4_Bin_5,Bin_5,Bin_5_Bin_6,Bin_5,Bin_1_Bin_2_Bin_3_Bin_4_Bin_5
21,850829,21850829,0,21,-1,2,53,0,1,12,41,387,22371,16,44,102,193,20,51,132,272,11285,31638,65492,122070,56578.0,122070,0,0,0,106,21797,0,4585,44357,3766,4899,14463,0,3355,7445,4391,0,630,356,0,0,3878,1346,2100,155,3896,0,16,0,83,377,0,0,0,0,0,0,0,0,0,0,0,0,48,0,0,0,0,0,0,0,0,0,0,0,0,0,21,0,0,0,0,0.0,0.0,0.09,17.86,0.0,3.76,36.34,3.09,4.01,11.85,0.0,2.75,6.1,3.6,0.0,0.52,0.29,0.0,0.0,3.18,1.1,1.72,0.13,3.19,0.0,0.01,0.0,0.07,0.31,0.0,0.0,0.0,0.0,0.0,0.0,0.0,0.0,0.0,0.0,0.0,0.0,0.04,0.0,0.0,0.0,0.0,0.0,0.0,0.0,0.0,0.0,0.0,0.0,0.0,0.0,0.02,0.0,0.0,0.0,0.0,99.55,0.45,121524,545,122070,1,1,1,1.0,Bin_9,,1.0,1.0,1.0,1.0,Bin_8,Bin_5_Bin_6_Bin_7_Bin_8,1.0,"1, 2",Bin_9,Bin_9,Bin_9,Bin_9,Bin_9,Bin_9,Bin_9,Bin_9
21,852789,21852789,0,21,-1,3,40,3,3,35,65,111,1447,5,9,31,64,6,11,41,85,3710,7365,23288,44806,21518.0,44806,0,60,0,12,176,89,276,636,514,94,82,0,9437,2645,21049,1230,921,31,437,0,13,153,135,6250,105,45,38,0,0,0,0,68,0,77,0,5,4,0,0,0,0,0,7,0,0,12,0,9,0,104,0,14,0,0,0,0,0,0,0,0,76,0.13,0.0,0.03,0.39,0.2,0.62,1.42,1.15,0.21,0.18,0.0,21.06,5.9,46.98,2.75,2.06,0.07,0.98,0.0,0.03,0.34,0.3,13.95,0.23,0.1,0.08,0.0,0.0,0.0,0.0,0.15,0.0,0.17,0.0,0.01,0.01,0.0,0.0,0.0,0.0,0.0,0.02,0.0,0.0,0.03,0.0,0.02,0.0,0.23,0.0,0.03,0.0,0.0,0.0,0.0,0.0,0.0,0.0,0.0,0.17,98.97,1.03,44344,462,44806,1,1,1,1.0,Bin_9,,1.0,1.0,1.0,1.0,Bin_3,Bin_3,1.0,"1, 2",Bin_3,Bin_1_Bin_2_Bin_3_Bin_4,Bin_2,Bin_1_Bin_2,Bin_4,Bin_1_Bin_2_Bin_3_Bin_4,Bin_5,Bin_1_Bin_2_Bin_3_Bin_4_Bin_5
22,743582,22743582,0,22,-1,3,11,2,3,37,70,266,-3007,13,28,49,75,17,37,62,90,26079,65502,124610,158176,33567.0,158176,0,227,0,3600,22377,1767,3898,2325,57,7814,6398,0,11390,17711,22043,0,7601,386,13199,0,1895,5191,6082,4095,19132,25,80,0,0,28,0,125,0,13,0,30,0,100,33,0,0,31,0,0,0,0,54,17,0,104,0,22,9,0,0,75,61,37,76,71,0,0.14,0.0,2.28,14.15,1.12,2.46,1.47,0.04,4.94,4.04,0.0,7.2,11.2,13.94,0.0,4.81,0.24,8.34,0.0,1.2,3.28,3.85,2.59,12.1,0.02,0.05,0.0,0.0,0.02,0.0,0.08,0.0,0.01,0.0,0.02,0.0,0.06,0.02,0.0,0.0,0.02,0.0,0.0,0.0,0.0,0.03,0.01,0.0,0.07,0.0,0.01,0.01,0.0,0.0,0.05,0.04,0.02,0.05,0.04,0.0,99.37,0.63,157187,989,158176,1,1,1,1.0,Bin_10,,1.0,1.0,1.0,1.0,Bin_1,Bin_1,1.0,"1, 2",Bin_8,Bin_8,Bin_7,Bin_7,Bin_6,Bin_5_Bin_6,Bin_6,Bin_6
22,745670,22745670,0,22,-1,3,0,1,3,30,67,99,218,2,4,6,7,2,4,6,7,1487,3020,5400,6999,1599.0,6999,0,21,0,28,177,79,0,173,0,95,0,0,723,932,1144,0,315,0,741,0,0,46,122,169,2224,0,0,0,0,0,0,0,0,0,0,0,0,0,0,0,0,0,10,0,0,0,0,0,0,0,0,0,0,0,0,0,0,0,0,0,0,0.3,0.0,0.4,2.53,1.13,0.0,2.47,0.0,1.36,0.0,0.0,10.33,13.32,16.35,0.0,4.5,0.0,10.59,0.0,0.0,0.66,1.74,2.41,31.78,0.0,0.0,0.0,0.0,0.0,0.0,0.0,0.0,0.0,0.0,0.0,0.0,0.0,0.0,0.0,0.0,0.0,0.14,0.0,0.0,0.0,0.0,0.0,0.0,0.0,0.0,0.0,0.0,0.0,0.0,0.0,0.0,0.0,0.0,0.0,0.0,99.86,0.14,6989,10,6999,1,1,1,1.0,Bin_10,,1.0,1.0,1.0,1.0,Bin_2,Bin_2,1.0,"1, 2",Bin_1,Bin_1_Bin_2_Bin_3_Bin_4,Bin_1,Bin_1_Bin_2,Bin_1,Bin_1_Bin_2_Bin_3_Bin_4,Bin_1,Bin_1_Bin_2_Bin_3_Bin_4_Bin_5
22,740592,22740592,0,22,-1,3,14,1,1,17,74,370,15165,9,25,51,95,9,28,64,116,7729,20005,40609,73554,32945.0,73554,0,0,0,904,22880,217,5753,10809,4936,2354,5981,0,2271,10277,613,0,621,0,0,0,1220,788,1120,0,0,0,113,0,1292,212,734,0,0,78,0,0,0,0,0,0,0,0,0,106,0,16,103,0,0,53,0,0,0,0,103,0,0,0,0,0,0,0.0,0.0,1.23,31.11,0.3,7.82,14.7,6.71,3.2,8.13,0.0,3.09,13.97,0.83,0.0,0.84,0.0,0.0,0.0,1.66,1.07,1.52,0.0,0.0,0.0,0.15,0.0,1.76,0.29,1.0,0.0,0.0,0.11,0.0,0.0,0.0,0.0,0.0,0.0,0.0,0.0,0.0,0.14,0.0,0.02,0.14,0.0,0.0,0.07,0.0,0.0,0.0,0.0,0.14,0.0,0.0,0.0,0.0,0.0,0.0,96.18,3.82,70743,2810,73554,1,1,1,1.0,Bin_10,,1.0,1.0,1.0,1.0,Bin_7,Bin_5_Bin_6_Bin_7_Bin_8,1.0,"1, 2",Bin_6,Bin_6,Bin_6,Bin_6,Bin_6,Bin_5_Bin_6,Bin_6,Bin_6
25,851859,25851859,0,25,-1,2,46,0,1,10,25,407,5659,10,23,34,50,10,30,49,68,6499,13626,18867,32413,13546.0,32413,0,0,0,23,13871,0,1189,1756,397,874,28,0,1953,11396,168,0,0,334,0,0,99,0,0,0,0,87,9,0,212,17,0,0,0,0,0,0,0,0,0,0,0,0,0,0,0,0,0,0,0,0,0,0,0,0,0,0,0,0,0,0,0,0.0,0.0,0.07,42.79,0.0,3.67,5.42,1.22,2.7,0.09,0.0,6.03,35.16,0.52,0.0,0.0,1.03,0.0,0.0,0.31,0.0,0.0,0.0,0.0,0.27,0.03,0.0,0.65,0.05,0.0,0.0,0.0,0.0,0.0,0.0,0.0,0.0,0.0,0.0,0.0,0.0,0.0,0.0,0.0,0.0,0.0,0.0,0.0,0.0,0.0,0.0,0.0,0.0,0.0,0.0,0.0,0.0,0.0,0.0,0.0,99.0,1.0,32088,325,32413,4,2,1,1.0,Bin_10,,1.0,1.0,1.0,1.0,Bin_5,Bin_5_Bin_6_Bin_7_Bin_8,4.0,4,Bin_7,Bin_7,Bin_6,Bin_6,Bin_5,Bin_5_Bin_6,Bin_4,Bin_1_Bin_2_Bin_3_Bin_4_Bin_5
25,854779,25854779,0,25,-1,3,38,0,1,10,23,432,1893,2,8,18,38,2,8,18,38,771,2543,5241,9543,4302.0,9543,0,0,0,0,5638,73,0,0,1482,0,0,0,0,955,0,0,0,0,0,0,248,160,732,0,0,0,0,0,225,0,0,0,0,0,0,0,0,0,0,0,0,0,0,0,0,0,0,0,0,30,0,0,0,0,0,0,0,0,0,0,0,0.0,0.0,0.0,59.08,0.76,0.0,0.0,15.53,0.0,0.0,0.0,0.0,10.01,0.0,0.0,0.0,0.0,0.0,0.0,2.6,1.68,7.67,0.0,0.0,0.0,0.0,0.0,2.36,0.0,0.0,0.0,0.0,0.0,0.0,0.0,0.0,0.0,0.0,0.0,0.0,0.0,0.0,0.0,0.0,0.0,0.0,0.0,0.0,0.31,0.0,0.0,0.0,0.0,0.0,0.0,0.0,0.0,0.0,0.0,0.0,97.33,2.67,9288,255,9543,4,2,1,1.0,Bin_10,,1.0,1.0,1.0,1.0,Bin_3,Bin_3,4.0,4,Bin_1,Bin_1_Bin_2_Bin_3_Bin_4,Bin_2,Bin_1_Bin_2,Bin_3,Bin_1_Bin_2_Bin_3_Bin_4,Bin_3,Bin_1_Bin_2_Bin_3_Bin_4_Bin_5
25,851680,25851680,0,25,-1,2,46,0,1,14,43,477,33266,10,28,58,109,33,83,168,295,22685,52413,114642,207021,92379.0,207021,0,-8,0,5220,55709,1446,3209,12617,7406,19411,3059,0,12470,27329,5486,0,8391,727,466,0,5289,4421,301,1174,3180,1879,118,0,335,1438,387,0,0,0,0,7,0,0,0,35,0,64,374,522,0,42,0,0,0,1019,0,23458,0,0,0,0,42,0,0,0,0,0.0,0.0,2.52,26.91,0.7,1.55,6.09,3.58,9.38,1.48,0.0,6.02,13.2,2.65,0.0,4.05,0.35,0.23,0.0,2.55,2.14,0.15,0.57,1.54,0.91,0.06,0.0,0.16,0.69,0.19,0.0,0.0,0.0,0.0,0.0,0.0,0.0,0.0,0.02,0.0,0.03,0.18,0.25,0.0,0.02,0.0,0.0,0.0,0.49,0.0,11.33,0.0,0.0,0.0,0.0,0.02,0.0,0.0,0.0,0.0,85.64,14.36,177302,29719,207021,4,2,1,1.0,Bin_10,,1.0,1.0,1.0,1.0,Bin_9,Bin_9_Bin_10,4.0,4,Bin_7,Bin_7,Bin_7,Bin_7,Bin_7,Bin_7,Bin_7,Bin_7
25,851551,25851551,0,25,-1,2,49,0,1,10,24,422,6934,6,15,27,51,6,18,32,60,4842,11292,19411,34223,14812.0,34223,0,0,0,79,9622,787,2454,4585,1431,1340,1019,0,2301,9667,0,0,0,0,0,0,186,0,14,0,0,0,21,0,591,0,14,0,0,0,0,0,0,0,0,0,0,0,0,114,0,0,0,0,0,0,0,0,0,0,0,0,0,0,0,0,0,0.0,0.0,0.23,28.12,2.3,7.17,13.4,4.18,3.92,2.98,0.0,6.72,28.25,0.0,0.0,0.0,0.0,0.0,0.0,0.54,0.0,0.04,0.0,0.0,0.0,0.06,0.0,1.73,0.0,0.04,0.0,0.0,0.0,0.0,0.0,0.0,0.0,0.0,0.0,0.0,0.0,0.0,0.33,0.0,0.0,0.0,0.0,0.0,0.0,0.0,0.0,0.0,0.0,0.0,0.0,0.0,0.0,0.0,0.0,0.0,97.84,2.16,33484,740,34223,4,2,1,1.0,Bin_10,,1.0,1.0,1.0,1.0,Bin_5,Bin_5_Bin_6_Bin_7_Bin_8,4.0,4,Bin_4,Bin_1_Bin_2_Bin_3_Bin_4,Bin_4,Bin_4_Bin_5,Bin_4,Bin_1_Bin_2_Bin_3_Bin_4,Bin_4,Bin_1_Bin_2_Bin_3_Bin_4_Bin_5
25,853055,25853055,0,25,-1,3,40,0,1,10,25,407,10680,8,21,48,91,8,22,53,116,5390,17152,40125,76213,36088.0,76213,0,0,0,9486,8049,0,6197,27202,0,60,880,0,1847,14172,557,0,0,0,0,0,620,704,0,0,6385,0,0,0,0,0,0,0,0,0,0,0,0,0,0,0,0,0,0,0,0,0,0,0,0,55,0,0,0,0,0,0,0,0,0,0,0,0.0,0.0,12.45,10.56,0.0,8.13,35.69,0.0,0.08,1.15,0.0,2.42,18.6,0.73,0.0,0.0,0.0,0.0,0.0,0.81,0.92,0.0,0.0,8.38,0.0,0.0,0.0,0.0,0.0,0.0,0.0,0.0,0.0,0.0,0.0,0.0,0.0,0.0,0.0,0.0,0.0,0.0,0.0,0.0,0.0,0.0,0.0,0.0,0.07,0.0,0.0,0.0,0.0,0.0,0.0,0.0,0.0,0.0,0.0,0.0,99.93,0.07,76158,55,76213,4,2,1,1.0,Bin_10,,1.0,1.0,1.0,1.0,Bin_6,Bin_5_Bin_6_Bin_7_Bin_8,4.0,4,Bin_5,Bin_5,Bin_6,Bin_6,Bin_6,Bin_5_Bin_6,Bin_6,Bin_6
25,864350,25864350,0,25,-1,2,21,1,1,13,42,469,11906,4,11,37,66,4,11,44,74,1811,5841,29886,48023,18423.0,48023,0,0,0,221,2403,0,27054,485,814,1782,347,0,7898,6790,0,0,0,0,0,0,0,0,0,0,0,0,7,0,0,0,223,0,0,0,0,0,0,0,0,0,0,0,0,0,0,0,0,0,0,0,0,0,0,0,0,0,0,0,0,0,0,0.0,0.0,0.46,5.0,0.0,56.34,1.01,1.7,3.71,0.72,0.0,16.45,14.14,0.0,0.0,0.0,0.0,0.0,0.0,0.0,0.0,0.0,0.0,0.0,0.0,0.01,0.0,0.0,0.0,0.46,0.0,0.0,0.0,0.0,0.0,0.0,0.0,0.0,0.0,0.0,0.0,0.0,0.0,0.0,0.0,0.0,0.0,0.0,0.0,0.0,0.0,0.0,0.0,0.0,0.0,0.0,0.0,0.0,0.0,0.0,99.52,0.48,47794,230,48023,4,2,1,1.0,Bin_10,,1.0,1.0,1.0,1.0,Bin_6,Bin_5_Bin_6_Bin_7_Bin_8,4.0,4,Bin_3,Bin_1_Bin_2_Bin_3_Bin_4,Bin_3,Bin_3,Bin_5,Bin_5_Bin_6,Bin_5,Bin_1_Bin_2_Bin_3_Bin_4_Bin_5
12,863177,12863177,0,12,-1,3,37,1,3,31,61,170,-4199,24,70,142,274,42,109,230,451,14680,51230,90166,184088,93921.0,97700,86388,551,0,4751,94716,261,394,703,33,970,15200,0,12119,13472,2393,1834,220,100,21961,0,43,146,599,464,11660,420,4,0,121,0,0,77,0,0,0,0,0,0,0,0,0,0,167,0,0,12,0,123,91,165,0,0,0,0,0,256,63,0,0,0,0,0.3,0.0,2.58,51.45,0.14,0.21,0.38,0.02,0.53,8.26,0.0,6.58,7.32,1.3,1.0,0.12,0.05,11.93,0.0,0.02,0.08,0.33,0.25,6.33,0.23,0.0,0.0,0.07,0.0,0.0,0.04,0.0,0.0,0.0,0.0,0.0,0.0,0.0,0.0,0.0,0.0,0.09,0.0,0.0,0.01,0.0,0.07,0.05,0.09,0.0,0.0,0.0,0.0,0.0,0.14,0.03,0.0,0.0,0.0,0.0,99.19,0.81,182590,1498,184088,3,2,1,1.0,Bin_4,,1.0,1.0,1.0,1.0,Bin_1,Bin_1,3.0,3,Bin_10,Bin_10,Bin_10,Bin_10,Bin_10,Bin_10,Bin_10,Bin_10
25,864567,25864567,0,25,-1,3,20,1,1,14,43,478,23537,6,17,36,51,12,49,120,150,14327,43727,124945,132847,12410.0,132847,0,0,0,212,27476,2969,21008,22194,14272,8366,2199,0,8345,16332,3415,0,0,37,146,0,438,0,25,0,239,0,279,0,967,1131,238,0,0,0,0,0,0,0,0,0,0,71,67,0,0,0,0,0,384,2038,0,0,0,0,0,0,0,0,0,0,0,0.0,0.0,0.16,20.68,2.23,15.81,16.71,10.74,6.3,1.66,0.0,6.28,12.29,2.57,0.0,0.0,0.03,0.11,0.0,0.33,0.0,0.02,0.0,0.18,0.0,0.21,0.0,0.73,0.85,0.18,0.0,0.0,0.0,0.0,0.0,0.0,0.0,0.0,0.0,0.0,0.05,0.05,0.0,0.0,0.0,0.0,0.0,0.29,1.53,0.0,0.0,0.0,0.0,0.0,0.0,0.0,0.0,0.0,0.0,0.0,96.11,3.89,127673,5174,132847,4,2,1,1.0,Bin_10,,1.0,1.0,1.0,1.0,Bin_8,Bin_5_Bin_6_Bin_7_Bin_8,4.0,4,Bin_4,Bin_1_Bin_2_Bin_3_Bin_4,Bin_5,Bin_4_Bin_5,Bin_5,Bin_5_Bin_6,Bin_4,Bin_1_Bin_2_Bin_3_Bin_4_Bin_5
11,859805,11859805,0,11,-1,2,37,1,3,30,60,93,3381,3,8,19,38,3,9,21,40,1605,4330,8697,16335,7638.0,16335,0,0,0,98,3541,60,0,3534,52,0,90,0,371,6985,790,0,0,0,0,0,66,0,26,0,5,33,68,0,17,74,498,0,0,0,0,0,0,0,0,0,0,0,0,0,0,0,0,0,0,0,0,0,0,0,0,0,27,0,0,0,0,0.0,0.0,0.6,21.68,0.37,0.0,21.63,0.32,0.0,0.55,0.0,2.27,42.76,4.84,0.0,0.0,0.0,0.0,0.0,0.4,0.0,0.16,0.0,0.03,0.2,0.42,0.0,0.1,0.45,3.05,0.0,0.0,0.0,0.0,0.0,0.0,0.0,0.0,0.0,0.0,0.0,0.0,0.0,0.0,0.0,0.0,0.0,0.0,0.0,0.0,0.0,0.0,0.0,0.0,0.0,0.17,0.0,0.0,0.0,0.0,95.61,4.4,15618,718,16335,1,1,1,1.0,Bin_4,,1.0,1.0,1.0,1.0,Bin_3,Bin_3,1.0,"1, 2",Bin_2,Bin_1_Bin_2_Bin_3_Bin_4,Bin_2,Bin_1_Bin_2,Bin_3,Bin_1_Bin_2_Bin_3_Bin_4,Bin_3,Bin_1_Bin_2_Bin_3_Bin_4_Bin_5
16,874599,16874599,0,16,-1,3,20,1,1,14,43,479,6068,4,14,20,22,4,15,23,25,6307,17237,24519,26911,2392.0,26911,0,0,0,495,6662,845,932,2293,584,2068,3340,0,1848,3685,343,0,0,30,0,0,444,102,159,0,71,0,71,0,858,478,432,0,0,0,0,0,0,0,0,0,0,0,0,0,0,0,0,0,0,208,0,0,0,0,541,0,422,0,0,0,0,0.0,0.0,1.84,24.76,3.14,3.46,8.52,2.17,7.68,12.41,0.0,6.87,13.69,1.27,0.0,0.0,0.11,0.0,0.0,1.65,0.38,0.59,0.0,0.26,0.0,0.26,0.0,3.19,1.78,1.61,0.0,0.0,0.0,0.0,0.0,0.0,0.0,0.0,0.0,0.0,0.0,0.0,0.0,0.0,0.0,0.0,0.0,0.0,0.77,0.0,0.0,0.0,0.0,2.01,0.0,1.57,0.0,0.0,0.0,0.0,88.81,11.19,23901,3010,26911,1,1,1,1.0,Bin_8,,1.0,1.0,1.0,1.0,Bin_5,Bin_5_Bin_6_Bin_7_Bin_8,1.0,"1, 2",Bin_3,Bin_1_Bin_2_Bin_3_Bin_4,Bin_4,Bin_4_Bin_5,Bin_3,Bin_1_Bin_2_Bin_3_Bin_4,Bin_2,Bin_1_Bin_2_Bin_3_Bin_4_Bin_5
25,867903,25867903,0,25,-1,3,11,1,3,30,60,100,259,2,6,9,17,2,9,13,33,1806,4171,5865,10398,4533.0,10398,0,0,0,108,1690,414,0,0,6,941,0,0,786,1098,928,0,0,163,55,0,0,91,177,41,3900,0,0,0,0,0,0,0,0,0,0,0,0,0,0,0,0,0,0,0,0,0,0,0,0,0,0,0,0,0,0,0,0,0,0,0,0,0.0,0.0,1.04,16.25,3.98,0.0,0.0,0.06,9.05,0.0,0.0,7.56,10.56,8.92,0.0,0.0,1.57,0.53,0.0,0.0,0.88,1.7,0.39,37.51,0.0,0.0,0.0,0.0,0.0,0.0,0.0,0.0,0.0,0.0,0.0,0.0,0.0,0.0,0.0,0.0,0.0,0.0,0.0,0.0,0.0,0.0,0.0,0.0,0.0,0.0,0.0,0.0,0.0,0.0,0.0,0.0,0.0,0.0,0.0,0.0,100.0,0.0,10398,0,10398,4,2,1,1.0,Bin_10,,1.0,1.0,1.0,1.0,Bin_2,Bin_2,4.0,4,Bin_1,Bin_1_Bin_2_Bin_3_Bin_4,Bin_2,Bin_1_Bin_2,Bin_2,Bin_1_Bin_2_Bin_3_Bin_4,Bin_2,Bin_1_Bin_2_Bin_3_Bin_4_Bin_5
25,864993,25864993,1,25,-1,3,19,1,1,14,43,480,4203,3,16,40,40,5,21,53,53,1917,11470,28686,28686,,28686,0,0,0,150,11453,0,1374,8595,35,916,675,0,506,2268,0,0,0,0,0,0,0,148,0,0,0,167,27,0,39,1612,0,0,0,0,0,0,0,0,0,0,0,0,87,0,0,0,131,0,0,176,0,324,0,0,0,0,0,0,0,0,0,0.0,0.0,0.52,39.93,0.0,4.79,29.96,0.12,3.19,2.35,0.0,1.76,7.91,0.0,0.0,0.0,0.0,0.0,0.0,0.0,0.52,0.0,0.0,0.0,0.58,0.09,0.0,0.14,5.62,0.0,0.0,0.0,0.0,0.0,0.0,0.0,0.0,0.0,0.0,0.0,0.0,0.3,0.0,0.0,0.0,0.46,0.0,0.0,0.61,0.0,1.13,0.0,0.0,0.0,0.0,0.0,0.0,0.0,0.0,0.0,91.06,8.94,26121,2565,28686,4,2,2,2.0,Bin_10,,2.0,2.0,1.0,1.0,Bin_4,Bin_4,4.0,4,Bin_2,Bin_1_Bin_2_Bin_3_Bin_4,Bin_4,Bin_4_Bin_5,Bin_5,Bin_5_Bin_6,Bin_3,Bin_1_Bin_2_Bin_3_Bin_4_Bin_5
13,876299,13876299,0,13,-1,3,19,2,3,31,61,104,1437,4,12,21,37,6,14,25,41,949,2435,4709,9261,4552.0,8874,387,34,0,83,2036,55,22,72,109,1439,55,0,425,2569,135,0,79,126,327,0,18,123,0,148,927,0,39,0,143,0,0,0,0,0,0,7,15,0,0,0,0,0,16,45,0,0,46,8,0,41,0,8,0,0,0,0,0,7,22,65,17,0.37,0.0,0.9,21.98,0.59,0.24,0.78,1.18,15.54,0.59,0.0,4.59,27.74,1.46,0.0,0.85,1.36,3.53,0.0,0.19,1.33,0.0,1.6,10.01,0.0,0.42,0.0,1.54,0.0,0.0,0.0,0.0,0.0,0.0,0.08,0.16,0.0,0.0,0.0,0.0,0.0,0.17,0.49,0.0,0.0,0.5,0.09,0.0,0.44,0.0,0.09,0.0,0.0,0.0,0.0,0.0,0.08,0.24,0.7,0.18,94.82,5.18,8781,480,9261,3,2,1,1.0,Bin_5,,1.0,1.0,1.0,1.0,Bin_2,Bin_2,3.0,3,Bin_3,Bin_1_Bin_2_Bin_3_Bin_4,Bin_3,Bin_3,Bin_3,Bin_1_Bin_2_Bin_3_Bin_4,Bin_3,Bin_1_Bin_2_Bin_3_Bin_4_Bin_5
16,869167,16869167,0,16,-1,3,28,1,1,12,41,396,11287,7,25,42,84,8,26,44,88,16131,34347,74575,117327,42752.0,117327,0,26,0,411,21858,0,3075,59750,23947,42,187,0,214,5944,455,0,0,0,0,0,114,0,13,0,984,0,0,0,58,0,0,0,0,0,0,0,0,0,0,0,0,0,0,0,0,0,0,0,0,248,0,0,0,0,0,0,0,0,0,0,0,0.02,0.0,0.35,18.63,0.0,2.62,50.93,20.41,0.04,0.16,0.0,0.18,5.07,0.39,0.0,0.0,0.0,0.0,0.0,0.1,0.0,0.01,0.0,0.84,0.0,0.0,0.0,0.05,0.0,0.0,0.0,0.0,0.0,0.0,0.0,0.0,0.0,0.0,0.0,0.0,0.0,0.0,0.0,0.0,0.0,0.0,0.0,0.0,0.21,0.0,0.0,0.0,0.0,0.0,0.0,0.0,0.0,0.0,0.0,0.0,99.74,0.26,117021,307,117327,1,1,1,1.0,Bin_8,,1.0,1.0,1.0,1.0,Bin_6,Bin_5_Bin_6_Bin_7_Bin_8,1.0,"1, 2",Bin_5,Bin_5,Bin_6,Bin_6,Bin_6,Bin_5_Bin_6,Bin_6,Bin_6
16,875042,16875042,0,16,-1,2,19,1,1,14,43,478,55371,12,35,73,137,17,43,82,149,44053,103466,185102,266657,82260.0,266657,0,0,0,2562,87245,11279,5397,24508,45538,23266,6156,0,7663,40694,6377,0,13,0,41,0,1556,0,0,193,0,49,375,5,2502,274,871,0,0,0,0,3,0,0,0,0,0,0,31,0,0,0,0,0,0,60,0,0,0,0,0,0,0,0,0,0,0,0.0,0.0,0.96,32.72,4.23,2.02,9.19,17.08,8.73,2.31,0.0,2.87,15.26,2.39,0.0,0.0,0.0,0.02,0.0,0.58,0.0,0.0,0.07,0.0,0.02,0.14,0.0,0.94,0.1,0.33,0.0,0.0,0.0,0.0,0.0,0.0,0.0,0.0,0.0,0.0,0.0,0.01,0.0,0.0,0.0,0.0,0.0,0.0,0.02,0.0,0.0,0.0,0.0,0.0,0.0,0.0,0.0,0.0,0.0,0.0,98.44,1.56,262487,4170,266657,1,1,1,1.0,Bin_8,,1.0,1.0,1.0,1.0,Bin_10,Bin_9_Bin_10,1.0,"1, 2",Bin_8,Bin_8,Bin_8,Bin_8,Bin_8,Bin_8,Bin_8,Bin_8
20,860520,20860520,0,20,-1,3,36,0,1,10,20,418,40986,25,74,131,284,28,78,145,326,18893,49809,85692,177023,91331.0,177023,0,0,0,7633,48375,0,22923,34874,12110,8071,5518,0,6117,24229,1554,0,0,5,0,0,2180,1675,252,136,0,0,143,0,910,0,48,0,0,0,0,0,0,0,0,0,0,0,0,0,0,0,49,0,0,188,0,0,0,0,0,0,35,0,0,0,0,0.0,0.0,4.31,27.33,0.0,12.95,19.7,6.84,4.56,3.12,0.0,3.46,13.69,0.88,0.0,0.0,0.0,0.0,0.0,1.23,0.95,0.14,0.08,0.0,0.0,0.08,0.0,0.51,0.0,0.03,0.0,0.0,0.0,0.0,0.0,0.0,0.0,0.0,0.0,0.0,0.0,0.0,0.0,0.0,0.0,0.03,0.0,0.0,0.11,0.0,0.0,0.0,0.0,0.0,0.0,0.02,0.0,0.0,0.0,0.0,99.22,0.78,175651,1372,177023,1,1,1,1.0,Bin_9,,1.0,1.0,1.0,1.0,Bin_9,Bin_9_Bin_10,1.0,"1, 2",Bin_10,Bin_10,Bin_10,Bin_10,Bin_10,Bin_10,Bin_10,Bin_10
25,868165,25868165,0,25,-1,2,10,1,1,14,43,478,9923,11,28,47,49,24,42,70,74,22650,38668,51378,52510,1132.0,52510,0,0,0,964,18043,1413,1845,1077,4341,1637,331,0,3544,15222,2265,0,63,0,0,0,0,84,0,0,0,0,23,0,219,389,161,0,0,0,0,795,0,0,0,0,0,0,94,0,0,0,0,0,0,0,0,0,0,0,0,0,0,0,0,0,0,0.0,0.0,1.84,34.36,2.69,3.51,2.05,8.27,3.12,0.63,0.0,6.75,28.99,4.31,0.0,0.12,0.0,0.0,0.0,0.0,0.16,0.0,0.0,0.0,0.0,0.04,0.0,0.42,0.74,0.31,0.0,0.0,0.0,0.0,1.51,0.0,0.0,0.0,0.0,0.0,0.0,0.18,0.0,0.0,0.0,0.0,0.0,0.0,0.0,0.0,0.0,0.0,0.0,0.0,0.0,0.0,0.0,0.0,0.0,0.0,96.8,3.2,50829,1681,52510,4,2,1,1.0,Bin_10,,1.0,1.0,1.0,1.0,Bin_6,Bin_5_Bin_6_Bin_7_Bin_8,4.0,4,Bin_7,Bin_7,Bin_7,Bin_7,Bin_6,Bin_5_Bin_6,Bin_4,Bin_1_Bin_2_Bin_3_Bin_4_Bin_5
16,869764,16869764,0,16,-1,3,27,1,1,14,43,478,45472,14,34,69,139,17,42,79,163,41336,78043,131573,272801,141229.0,272574,228,0,0,2536,53774,5367,31481,34636,63168,9715,909,0,10907,31902,331,0,6422,763,0,0,590,0,0,124,86,0,12,0,3826,355,6195,9527,0,0,0,0,0,0,0,0,0,0,0,0,0,0,0,0,176,0,0,0,0,0,0,0,0,0,0,0,0,0.0,0.0,0.93,19.71,1.97,11.54,12.7,23.16,3.56,0.33,0.0,4.0,11.69,0.12,0.0,2.35,0.28,0.0,0.0,0.22,0.0,0.0,0.05,0.03,0.0,0.0,0.0,1.4,0.13,2.27,3.49,0.0,0.0,0.0,0.0,0.0,0.0,0.0,0.0,0.0,0.0,0.0,0.0,0.0,0.0,0.0,0.0,0.06,0.0,0.0,0.0,0.0,0.0,0.0,0.0,0.0,0.0,0.0,0.0,0.0,92.64,7.36,252711,20090,272801,1,1,1,1.0,Bin_8,,1.0,1.0,1.0,1.0,Bin_10,Bin_9_Bin_10,1.0,"1, 2",Bin_8,Bin_8,Bin_8,Bin_8,Bin_8,Bin_8,Bin_8,Bin_8
12,868546,12868546,0,12,-1,3,35,1,3,30,60,100,2306,2,9,27,46,4,12,35,57,654,3237,8946,14734,5789.0,14194,541,0,0,203,3357,341,973,1326,466,297,1658,0,476,1600,352,0,230,216,281,0,211,240,247,71,1136,124,110,0,33,93,0,0,0,541,0,40,0,11,0,0,0,0,35,0,0,18,0,0,0,30,0,16,0,0,0,0,0,0,0,0,0,0.0,0.0,1.38,22.78,2.31,6.6,9.0,3.16,2.02,11.25,0.0,3.23,10.86,2.39,0.0,1.56,1.47,1.91,0.0,1.43,1.63,1.68,0.48,7.71,0.84,0.75,0.0,0.22,0.63,0.0,0.0,0.0,3.67,0.0,0.27,0.0,0.07,0.0,0.0,0.0,0.0,0.24,0.0,0.0,0.12,0.0,0.0,0.0,0.2,0.0,0.11,0.0,0.0,0.0,0.0,0.0,0.0,0.0,0.0,0.0,92.85,7.15,13681,1054,14734,3,2,1,1.0,Bin_4,,1.0,1.0,1.0,1.0,Bin_3,Bin_3,3.0,3,Bin_1,Bin_1_Bin_2_Bin_3_Bin_4,Bin_2,Bin_1_Bin_2,Bin_4,Bin_1_Bin_2_Bin_3_Bin_4,Bin_4,Bin_1_Bin_2_Bin_3_Bin_4_Bin_5
25,865344,25865344,0,25,-1,3,18,1,1,10,20,418,16692,9,28,56,107,9,34,74,156,11230,27739,56815,95435,38619.0,95435,0,0,0,1200,25909,1137,12588,21113,7467,2016,254,0,568,12297,162,0,3769,197,0,0,2443,61,2361,0,10,0,41,0,300,85,1383,0,0,0,0,0,0,0,0,0,0,0,0,0,0,0,0,0,0,73,0,0,0,0,0,0,0,0,0,0,0,0.0,0.0,1.26,27.15,1.19,13.19,22.12,7.82,2.11,0.27,0.0,0.6,12.89,0.17,0.0,3.95,0.21,0.0,0.0,2.56,0.06,2.47,0.0,0.01,0.0,0.04,0.0,0.31,0.09,1.45,0.0,0.0,0.0,0.0,0.0,0.0,0.0,0.0,0.0,0.0,0.0,0.0,0.0,0.0,0.0,0.0,0.0,0.0,0.08,0.0,0.0,0.0,0.0,0.0,0.0,0.0,0.0,0.0,0.0,0.0,98.03,1.97,93552,1882,95435,4,2,1,1.0,Bin_10,,1.0,1.0,1.0,1.0,Bin_7,Bin_5_Bin_6_Bin_7_Bin_8,4.0,4,Bin_6,Bin_6,Bin_7,Bin_7,Bin_7,Bin_7,Bin_7,Bin_7
25,862085,25862085,0,25,-1,2,26,1,1,14,43,479,16603,6,17,33,64,7,20,38,79,12125,24043,40036,72365,32329.0,72365,0,0,0,147,1143,0,2817,22287,6479,193,15,0,147,7097,63,0,780,0,0,0,12338,9857,2207,0,0,232,160,0,445,3010,621,38,0,0,0,0,0,0,0,0,0,0,1432,334,0,156,214,27,0,126,0,0,0,0,0,0,0,0,0,0,0,0.0,0.0,0.2,1.58,0.0,3.89,30.8,8.95,0.27,0.02,0.0,0.2,9.81,0.09,0.0,1.08,0.0,0.0,0.0,17.05,13.62,3.05,0.0,0.0,0.32,0.22,0.0,0.61,4.16,0.86,0.05,0.0,0.0,0.0,0.0,0.0,0.0,0.0,0.0,0.0,0.0,1.98,0.46,0.0,0.22,0.3,0.04,0.0,0.17,0.0,0.0,0.0,0.0,0.0,0.0,0.0,0.0,0.0,0.0,0.0,90.61,9.39,65571,6794,72365,4,2,1,1.0,Bin_10,,1.0,1.0,1.0,1.0,Bin_7,Bin_5_Bin_6_Bin_7_Bin_8,4.0,4,Bin_4,Bin_1_Bin_2_Bin_3_Bin_4,Bin_5,Bin_4_Bin_5,Bin_4,Bin_1_Bin_2_Bin_3_Bin_4,Bin_5,Bin_1_Bin_2_Bin_3_Bin_4_Bin_5
10,876587,10876587,0,10,-1,3,35,0,1,14,43,477,35488,13,40,66,128,33,73,111,208,23653,62760,116941,198815,82906.0,1827,196988,0,0,1112,40826,1025,15930,26998,16186,18847,16017,0,9125,21249,205,0,10224,103,551,0,1414,2362,636,2922,10045,0,641,0,233,2120,0,0,0,0,0,0,0,0,0,0,0,0,45,0,0,0,0,0,0,0,0,0,0,0,0,0,0,0,0,0,0,0.0,0.0,0.56,20.53,0.52,8.01,13.58,8.14,9.48,8.06,0.0,4.59,10.69,0.1,0.0,5.14,0.05,0.28,0.0,0.71,1.19,0.32,1.47,5.05,0.0,0.32,0.0,0.12,1.07,0.0,0.0,0.0,0.0,0.0,0.0,0.0,0.0,0.0,0.0,0.0,0.0,0.02,0.0,0.0,0.0,0.0,0.0,0.0,0.0,0.0,0.0,0.0,0.0,0.0,0.0,0.0,0.0,0.0,0.0,0.0,98.47,1.53,195775,3039,198815,3,2,1,1.0,Bin_3,,1.0,1.0,1.0,1.0,Bin_9,Bin_9_Bin_10,3.0,3,Bin_8,Bin_8,Bin_8,Bin_8,Bin_8,Bin_8,Bin_8,Bin_8
12,869182,12869182,0,12,-1,1,35,1,1,10,25,407,2199,2,5,12,23,2,6,13,24,1342,3476,6570,11995,5425.0,11995,0,0,0,0,1986,0,350,1990,270,245,53,0,686,1092,263,0,3386,556,36,0,117,261,25,53,18,291,53,17,0,131,0,0,0,0,0,0,0,0,0,0,0,0,0,0,0,0,0,39,0,64,0,0,0,0,0,0,0,0,17,0,0,0.0,0.0,0.0,16.56,0.0,2.92,16.59,2.25,2.04,0.44,0.0,5.72,9.1,2.19,0.0,28.23,4.64,0.3,0.0,0.98,2.18,0.21,0.44,0.15,2.43,0.44,0.14,0.0,1.09,0.0,0.0,0.0,0.0,0.0,0.0,0.0,0.0,0.0,0.0,0.0,0.0,0.0,0.0,0.0,0.0,0.0,0.33,0.0,0.53,0.0,0.0,0.0,0.0,0.0,0.0,0.0,0.0,0.14,0.0,0.0,94.91,5.09,11384,611,11995,3,2,1,1.0,Bin_4,,1.0,1.0,1.0,1.0,Bin_3,Bin_3,3.0,3,Bin_1,Bin_1_Bin_2_Bin_3_Bin_4,Bin_1,Bin_1_Bin_2,Bin_2,Bin_1_Bin_2_Bin_3_Bin_4,Bin_2,Bin_1_Bin_2_Bin_3_Bin_4_Bin_5
10,876891,10876891,0,10,-1,2,35,0,1,11,40,455,21327,7,15,30,63,9,20,37,78,21483,41599,84572,174805,90233.0,0,174805,0,0,0,8010,0,0,69543,72888,37,177,0,11655,8799,3637,0,0,0,0,0,0,0,0,0,59,0,0,0,0,0,0,0,0,0,0,0,0,0,0,0,0,0,0,0,0,0,0,0,0,0,0,0,0,0,0,0,0,0,0,0,0,0.0,0.0,0.0,4.58,0.0,0.0,39.78,41.7,0.02,0.1,0.0,6.67,5.03,2.08,0.0,0.0,0.0,0.0,0.0,0.0,0.0,0.0,0.0,0.03,0.0,0.0,0.0,0.0,0.0,0.0,0.0,0.0,0.0,0.0,0.0,0.0,0.0,0.0,0.0,0.0,0.0,0.0,0.0,0.0,0.0,0.0,0.0,0.0,0.0,0.0,0.0,0.0,0.0,0.0,0.0,0.0,0.0,0.0,0.0,0.0,100.0,0.0,174805,0,174805,3,2,1,1.0,Bin_3,,1.0,1.0,1.0,1.0,Bin_8,Bin_5_Bin_6_Bin_7_Bin_8,3.0,3,Bin_5,Bin_5,Bin_4,Bin_4_Bin_5,Bin_4,Bin_1_Bin_2_Bin_3_Bin_4,Bin_5,Bin_1_Bin_2_Bin_3_Bin_4_Bin_5
10,877916,10877916,0,10,-1,2,34,0,1,10,25,407,25470,13,39,88,164,18,58,128,241,10194,31598,66755,118996,52241.0,8045,110951,0,0,1211,23549,2757,8397,34981,5161,1579,168,0,5033,16248,216,0,5152,123,16,0,3463,3010,490,20,109,0,380,53,3174,2064,1112,0,0,0,0,0,0,0,0,0,54,0,276,0,0,0,130,28,0,0,0,0,0,0,0,0,43,0,0,0,0,0.0,0.0,1.02,19.79,2.32,7.06,29.4,4.34,1.33,0.14,0.0,4.23,13.65,0.18,0.0,4.33,0.1,0.01,0.0,2.91,2.53,0.41,0.02,0.09,0.0,0.32,0.04,2.67,1.73,0.93,0.0,0.0,0.0,0.0,0.0,0.0,0.0,0.0,0.0,0.05,0.0,0.23,0.0,0.0,0.0,0.11,0.02,0.0,0.0,0.0,0.0,0.0,0.0,0.0,0.0,0.04,0.0,0.0,0.0,0.0,93.85,6.15,111682,7314,118996,3,2,1,1.0,Bin_3,,1.0,1.0,1.0,1.0,Bin_8,Bin_5_Bin_6_Bin_7_Bin_8,3.0,3,Bin_8,Bin_8,Bin_8,Bin_8,Bin_9,Bin_9,Bin_9,Bin_9
10,873289,10873289,0,10,-1,4,42,0,1,12,41,387,12382,11,31,63,135,17,45,96,197,7058,16744,31079,62393,31650.0,696,61697,0,0,1181,24858,142,331,6853,7062,468,818,0,3273,11118,3714,0,0,245,0,0,0,129,0,186,0,0,195,0,919,249,652,0,0,0,0,0,0,0,0,0,0,0,0,0,0,0,0,0,0,0,0,0,0,0,0,0,0,0,0,0,0,0.0,0.0,1.89,39.84,0.23,0.53,10.98,11.32,0.75,1.31,0.0,5.25,17.82,5.95,0.0,0.0,0.39,0.0,0.0,0.0,0.21,0.0,0.3,0.0,0.0,0.31,0.0,1.47,0.4,1.04,0.0,0.0,0.0,0.0,0.0,0.0,0.0,0.0,0.0,0.0,0.0,0.0,0.0,0.0,0.0,0.0,0.0,0.0,0.0,0.0,0.0,0.0,0.0,0.0,0.0,0.0,0.0,0.0,0.0,0.0,96.77,3.23,60378,2015,62393,3,2,1,1.0,Bin_3,,1.0,1.0,1.0,1.0,Bin_7,Bin_5_Bin_6_Bin_7_Bin_8,3.0,3,Bin_7,Bin_7,Bin_7,Bin_7,Bin_7,Bin_7,Bin_8,Bin_8
10,878628,10878628,0,10,-1,3,34,1,1,13,42,469,9547,8,25,49,106,9,28,53,128,2259,10330,23921,55943,32022.0,0,55943,50,0,90,13550,55,5127,13784,6977,1024,2369,0,2265,8233,941,0,0,19,325,0,422,385,114,115,33,0,0,0,0,62,0,0,0,0,0,0,0,0,0,0,0,0,3,0,0,0,0,0,0,0,0,0,0,0,0,0,0,0,0,0,0,0.09,0.0,0.16,24.22,0.1,9.16,24.64,12.47,1.83,4.23,0.0,4.05,14.72,1.68,0.0,0.0,0.03,0.58,0.0,0.75,0.69,0.2,0.21,0.06,0.0,0.0,0.0,0.0,0.11,0.0,0.0,0.0,0.0,0.0,0.0,0.0,0.0,0.0,0.0,0.0,0.0,0.01,0.0,0.0,0.0,0.0,0.0,0.0,0.0,0.0,0.0,0.0,0.0,0.0,0.0,0.0,0.0,0.0,0.0,0.0,99.88,0.12,55878,65,55943,3,2,1,1.0,Bin_3,,1.0,1.0,1.0,1.0,Bin_6,Bin_5_Bin_6_Bin_7_Bin_8,3.0,3,Bin_5,Bin_5,Bin_6,Bin_6,Bin_6,Bin_5_Bin_6,Bin_7,Bin_7
25,858249,25858249,0,25,-1,2,34,0,1,14,43,476,22796,9,26,52,103,23,70,158,307,11910,31037,67258,126543,59285.0,126543,0,0,0,81,37372,0,4984,21429,28,13094,2278,0,8271,27647,2887,0,96,925,0,0,444,701,939,0,50,1512,252,0,395,754,1158,0,0,199,0,0,0,0,0,26,0,0,24,0,0,0,38,0,0,0,0,378,0,0,0,0,579,0,0,0,0,0.0,0.0,0.06,29.53,0.0,3.94,16.93,0.02,10.35,1.8,0.0,6.54,21.85,2.28,0.0,0.08,0.73,0.0,0.0,0.35,0.55,0.74,0.0,0.04,1.19,0.2,0.0,0.31,0.6,0.92,0.0,0.0,0.16,0.0,0.0,0.0,0.0,0.0,0.02,0.0,0.0,0.02,0.0,0.0,0.0,0.03,0.0,0.0,0.0,0.0,0.3,0.0,0.0,0.0,0.0,0.46,0.0,0.0,0.0,0.0,95.8,4.2,121229,5314,126543,4,2,1,1.0,Bin_10,,1.0,1.0,1.0,1.0,Bin_8,Bin_5_Bin_6_Bin_7_Bin_8,4.0,4,Bin_6,Bin_6,Bin_6,Bin_6,Bin_6,Bin_5_Bin_6,Bin_7,Bin_7
12,871070,12871070,0,12,-1,2,34,2,3,35,65,111,-147637,8,22,53,116,17,39,96,212,113263,289373,887607,1701800,814192.0,1701608,192,0,0,0,0,8,0,153,53,0,7,0,0,47636,53697,0,153,180,109,0,78,198,455,3440,1595106,0,0,9,31,44,0,416,0,0,0,0,0,11,0,0,0,0,0,0,0,0,0,11,0,2,0,0,0,0,0,0,0,0,0,0,0,0.0,0.0,0.0,0.0,0.0,0.0,0.01,0.0,0.0,0.0,0.0,0.0,2.8,3.16,0.0,0.01,0.01,0.01,0.0,0.0,0.01,0.03,0.2,93.73,0.0,0.0,0.0,0.0,0.0,0.0,0.02,0.0,0.0,0.0,0.0,0.0,0.0,0.0,0.0,0.0,0.0,0.0,0.0,0.0,0.0,0.0,0.0,0.0,0.0,0.0,0.0,0.0,0.0,0.0,0.0,0.0,0.0,0.0,0.0,0.0,99.97,0.03,1701275,525,1701800,3,2,1,1.0,Bin_4,,1.0,1.0,1.0,1.0,Bin_1,Bin_1,3.0,3,Bin_5,Bin_5,Bin_6,Bin_6,Bin_7,Bin_7,Bin_7,Bin_7
10,873516,10873516,0,10,-1,3,42,0,1,10,29,411,13028,14,32,59,105,16,36,69,126,8844,21086,36721,66262,29541.0,0,66262,0,0,4976,31308,679,1326,8938,252,6453,140,0,681,9500,785,0,0,0,0,0,40,67,11,1093,0,0,0,0,12,0,0,0,0,0,0,0,0,0,0,0,0,0,0,0,0,0,0,0,0,0,0,0,0,0,0,0,0,0,0,0,0,0.0,0.0,7.51,47.25,1.02,2.0,13.49,0.38,9.74,0.21,0.0,1.03,14.34,1.18,0.0,0.0,0.0,0.0,0.0,0.06,0.1,0.02,1.65,0.0,0.0,0.0,0.0,0.02,0.0,0.0,0.0,0.0,0.0,0.0,0.0,0.0,0.0,0.0,0.0,0.0,0.0,0.0,0.0,0.0,0.0,0.0,0.0,0.0,0.0,0.0,0.0,0.0,0.0,0.0,0.0,0.0,0.0,0.0,0.0,0.0,99.98,0.02,66249,12,66262,3,2,1,1.0,Bin_3,,1.0,1.0,1.0,1.0,Bin_7,Bin_5_Bin_6_Bin_7_Bin_8,3.0,3,Bin_8,Bin_8,Bin_7,Bin_7,Bin_7,Bin_7,Bin_7,Bin_7
10,864349,10864349,1,10,-1,2,50,1,1,10,29,411,18875,17,50,92,207,22,75,138,331,5479,18971,38625,95519,56894.0,321,95198,25,0,76,27084,158,1523,14632,5434,1235,772,0,2852,23166,2159,0,363,891,0,0,4358,7749,1674,136,242,0,0,0,262,141,137,0,0,0,0,0,0,0,0,0,0,0,436,13,0,0,0,0,0,0,0,0,0,0,0,0,0,0,0,0,0,0.03,0.0,0.08,28.35,0.17,1.59,15.32,5.69,1.29,0.81,0.0,2.99,24.25,2.26,0.0,0.38,0.93,0.0,0.0,4.56,8.11,1.75,0.14,0.25,0.0,0.0,0.0,0.27,0.15,0.14,0.0,0.0,0.0,0.0,0.0,0.0,0.0,0.0,0.0,0.0,0.0,0.46,0.01,0.0,0.0,0.0,0.0,0.0,0.0,0.0,0.0,0.0,0.0,0.0,0.0,0.0,0.0,0.0,0.0,0.0,98.96,1.04,94529,990,95519,3,2,2,2.0,Bin_3,,2.0,2.0,1.0,1.0,Bin_8,Bin_5_Bin_6_Bin_7_Bin_8,3.0,3,Bin_9,Bin_9,Bin_9,Bin_9,Bin_9,Bin_9,Bin_9,Bin_9
25,866179,25866179,0,25,-1,3,16,1,1,12,41,387,38954,5,13,27,56,13,41,86,182,27296,79483,160104,323979,163875.0,323979,0,0,0,138,39831,0,0,82591,453,97629,12784,0,40356,17137,282,0,0,0,0,0,1203,5681,3569,483,20953,0,36,0,482,0,0,0,0,0,0,0,0,0,0,0,0,0,357,0,0,13,0,0,0,0,0,0,0,0,0,0,0,0,0,0,0,0.0,0.0,0.04,12.29,0.0,0.0,25.49,0.14,30.13,3.95,0.0,12.46,5.29,0.09,0.0,0.0,0.0,0.0,0.0,0.37,1.75,1.1,0.15,6.47,0.0,0.01,0.0,0.15,0.0,0.0,0.0,0.0,0.0,0.0,0.0,0.0,0.0,0.0,0.0,0.0,0.0,0.11,0.0,0.0,0.0,0.0,0.0,0.0,0.0,0.0,0.0,0.0,0.0,0.0,0.0,0.0,0.0,0.0,0.0,0.0,99.73,0.27,323091,888,323979,4,2,1,1.0,Bin_10,,1.0,1.0,1.0,1.0,Bin_9,Bin_9_Bin_10,4.0,4,Bin_3,Bin_1_Bin_2_Bin_3_Bin_4,Bin_4,Bin_4_Bin_5,Bin_4,Bin_1_Bin_2_Bin_3_Bin_4,Bin_4,Bin_1_Bin_2_Bin_3_Bin_4_Bin_5
25,858980,25858980,0,25,-1,3,33,1,1,15,48,381,4675,5,15,35,62,5,16,40,73,1895,5567,12919,22894,9975.0,22894,0,0,0,2267,9675,0,498,0,0,3361,2247,0,363,1530,155,0,74,0,104,0,209,276,254,103,1121,0,0,0,0,46,0,0,0,0,0,0,0,0,0,0,0,0,0,0,0,13,78,0,0,351,0,170,0,0,0,0,0,0,0,0,0,0.0,0.0,9.9,42.26,0.0,2.18,0.0,0.0,14.68,9.81,0.0,1.59,6.68,0.68,0.0,0.32,0.0,0.45,0.0,0.91,1.21,1.11,0.45,4.9,0.0,0.0,0.0,0.0,0.2,0.0,0.0,0.0,0.0,0.0,0.0,0.0,0.0,0.0,0.0,0.0,0.0,0.0,0.0,0.0,0.06,0.34,0.0,0.0,1.53,0.0,0.74,0.0,0.0,0.0,0.0,0.0,0.0,0.0,0.0,0.0,97.13,2.87,22236,658,22894,4,2,1,1.0,Bin_10,,1.0,1.0,1.0,1.0,Bin_4,Bin_4,4.0,4,Bin_3,Bin_1_Bin_2_Bin_3_Bin_4,Bin_4,Bin_4_Bin_5,Bin_5,Bin_5_Bin_6,Bin_5,Bin_1_Bin_2_Bin_3_Bin_4_Bin_5
10,873734,10873734,0,10,-1,2,41,1,3,34,64,103,12239,25,80,156,288,118,384,724,1038,35668,121016,192205,234194,42894.0,233350,844,339,25,229,29689,23827,406,26,53,2459,10910,0,746,3433,86351,142,1355,1231,4531,0,1584,163,722,3775,56097,694,399,25,25,220,0,0,0,0,0,253,0,0,23,121,0,105,101,0,0,0,256,202,0,968,0,1395,156,0,0,350,181,65,488,73,0,0.14,0.01,0.1,12.68,10.17,0.17,0.01,0.02,1.05,4.66,0.0,0.32,1.47,36.87,0.06,0.58,0.53,1.93,0.0,0.68,0.07,0.31,1.61,23.95,0.3,0.17,0.01,0.01,0.09,0.0,0.0,0.0,0.0,0.0,0.11,0.0,0.0,0.01,0.05,0.0,0.04,0.04,0.0,0.0,0.0,0.11,0.09,0.0,0.41,0.0,0.6,0.07,0.0,0.0,0.15,0.08,0.03,0.21,0.03,0.0,97.39,2.61,228070,6124,234194,3,2,1,1.0,Bin_3,,1.0,1.0,1.0,1.0,Bin_7,Bin_5_Bin_6_Bin_7_Bin_8,3.0,3,Bin_10,Bin_10,Bin_10,Bin_10,Bin_10,Bin_10,Bin_10,Bin_10
10,874001,10874001,0,10,-1,3,40,1,1,10,25,407,12554,13,43,95,191,14,58,112,222,5629,17973,37913,68949,31036.0,182,68767,0,0,629,15272,45,9719,6334,3671,5732,81,0,4531,18711,44,0,0,232,0,0,248,480,2746,0,412,0,0,0,0,0,0,0,0,0,0,0,0,0,0,0,0,0,63,0,0,0,0,0,0,0,0,0,0,0,0,0,0,0,0,0,0,0.0,0.0,0.91,22.15,0.07,14.1,9.19,5.32,8.31,0.12,0.0,6.57,27.14,0.06,0.0,0.0,0.34,0.0,0.0,0.36,0.7,3.98,0.0,0.6,0.0,0.0,0.0,0.0,0.0,0.0,0.0,0.0,0.0,0.0,0.0,0.0,0.0,0.0,0.0,0.0,0.0,0.09,0.0,0.0,0.0,0.0,0.0,0.0,0.0,0.0,0.0,0.0,0.0,0.0,0.0,0.0,0.0,0.0,0.0,0.0,99.91,0.09,68886,63,68949,3,2,1,1.0,Bin_3,,1.0,1.0,1.0,1.0,Bin_7,Bin_5_Bin_6_Bin_7_Bin_8,3.0,3,Bin_8,Bin_8,Bin_9,Bin_9,Bin_9,Bin_9,Bin_9,Bin_9
10,874454,10874454,1,10,-1,3,40,2,1,10,20,418,3136,20,26,26,26,23,32,32,32,13597,17913,17913,17913,,17913,0,16,0,71,2192,0,1483,6474,982,65,32,0,137,2754,143,0,0,0,155,0,2394,180,103,0,648,0,0,0,0,0,0,0,0,0,0,0,0,0,0,0,0,0,13,0,0,0,0,10,0,62,0,0,0,0,0,0,0,0,0,0,0,0.09,0.0,0.4,12.24,0.0,8.28,36.14,5.48,0.36,0.18,0.0,0.76,15.37,0.8,0.0,0.0,0.0,0.87,0.0,13.36,1.0,0.58,0.0,3.62,0.0,0.0,0.0,0.0,0.0,0.0,0.0,0.0,0.0,0.0,0.0,0.0,0.0,0.0,0.0,0.0,0.0,0.07,0.0,0.0,0.0,0.0,0.06,0.0,0.35,0.0,0.0,0.0,0.0,0.0,0.0,0.0,0.0,0.0,0.0,0.0,99.53,0.47,17828,85,17913,3,2,2,2.0,Bin_3,,2.0,2.0,1.0,1.0,Bin_3,Bin_3,3.0,3,Bin_10,Bin_10,Bin_6,Bin_6,Bin_4,Bin_1_Bin_2_Bin_3_Bin_4,Bin_2,Bin_1_Bin_2_Bin_3_Bin_4_Bin_5
25,859250,25859250,0,25,-1,3,32,1,1,10,29,411,26890,13,41,74,139,17,53,114,217,16167,42131,73997,122836,48839.0,122836,0,0,0,2602,21801,1884,18387,4742,17812,5381,7452,0,7695,23463,3811,0,79,392,0,0,2551,1395,264,257,309,49,30,0,152,0,1980,0,0,0,0,10,0,0,0,0,0,0,204,20,0,31,81,0,0,2,0,0,0,0,0,0,0,0,0,0,0,0.0,0.0,2.12,17.75,1.53,14.97,3.86,14.5,4.38,6.07,0.0,6.26,19.1,3.1,0.0,0.06,0.32,0.0,0.0,2.08,1.14,0.21,0.21,0.25,0.04,0.02,0.0,0.12,0.0,1.61,0.0,0.0,0.0,0.0,0.01,0.0,0.0,0.0,0.0,0.0,0.0,0.17,0.02,0.0,0.03,0.07,0.0,0.0,0.0,0.0,0.0,0.0,0.0,0.0,0.0,0.0,0.0,0.0,0.0,0.0,97.92,2.08,120278,2559,122836,4,2,1,1.0,Bin_10,,1.0,1.0,1.0,1.0,Bin_9,Bin_9_Bin_10,4.0,4,Bin_8,Bin_8,Bin_9,Bin_9,Bin_8,Bin_8,Bin_8,Bin_8
16,871944,16871944,0,16,-1,9,23,1,1,12,41,387,547,1,7,11,15,1,7,11,15,30,1905,2406,3212,806.0,3212,0,0,0,4,358,169,29,289,266,92,16,0,591,942,122,0,0,0,0,0,0,0,0,12,323,0,0,0,0,0,0,0,0,0,0,0,0,0,0,0,0,0,0,0,0,0,0,0,0,0,0,0,0,0,0,0,0,0,0,0,0,0.0,0.0,0.12,11.15,5.26,0.9,9.0,8.28,2.86,0.5,0.0,18.4,29.33,3.8,0.0,0.0,0.0,0.0,0.0,0.0,0.0,0.0,0.37,10.06,0.0,0.0,0.0,0.0,0.0,0.0,0.0,0.0,0.0,0.0,0.0,0.0,0.0,0.0,0.0,0.0,0.0,0.0,0.0,0.0,0.0,0.0,0.0,0.0,0.0,0.0,0.0,0.0,0.0,0.0,0.0,0.0,0.0,0.0,0.0,0.0,100.0,0.0,3212,0,3212,1,1,1,1.0,Bin_8,,1.0,1.0,1.0,1.0,Bin_2,Bin_2,1.0,"1, 2",Bin_1,Bin_1_Bin_2_Bin_3_Bin_4,Bin_2,Bin_1_Bin_2,Bin_2,Bin_1_Bin_2_Bin_3_Bin_4,Bin_2,Bin_1_Bin_2_Bin_3_Bin_4_Bin_5
10,867743,10867743,0,10,-1,2,48,4,3,35,65,113,-17857,8,21,45,73,8,24,52,87,13169,33073,72632,115092,42460.0,115092,0,0,0,5,0,0,0,0,0,0,0,0,0,0,0,0,52,0,48424,0,0,0,17,118,66164,0,0,0,0,0,0,0,0,0,0,0,0,0,0,0,0,0,0,0,0,86,0,0,0,226,0,0,0,0,0,0,0,0,0,0,0,0.0,0.0,0.0,0.0,0.0,0.0,0.0,0.0,0.0,0.0,0.0,0.0,0.0,0.0,0.0,0.05,0.0,42.07,0.0,0.0,0.0,0.01,0.1,57.49,0.0,0.0,0.0,0.0,0.0,0.0,0.0,0.0,0.0,0.0,0.0,0.0,0.0,0.0,0.0,0.0,0.0,0.0,0.0,0.0,0.07,0.0,0.0,0.0,0.2,0.0,0.0,0.0,0.0,0.0,0.0,0.0,0.0,0.0,0.0,0.0,99.73,0.27,114781,311,115092,3,2,1,1.0,Bin_3,,1.0,1.0,1.0,1.0,Bin_1,Bin_1,3.0,3,Bin_5,Bin_5,Bin_6,Bin_6,Bin_6,Bin_5_Bin_6,Bin_5,Bin_1_Bin_2_Bin_3_Bin_4_Bin_5
25,863516,25863516,0,25,-1,3,23,1,1,14,43,477,6066,3,9,23,43,9,18,51,81,3197,7223,18129,27151,9022.0,26093,1058,20,0,98,9546,372,1828,1144,2213,258,1236,0,1131,5392,138,0,0,75,0,0,355,252,235,0,0,0,102,0,1108,1042,0,0,0,0,0,0,0,0,0,0,450,0,0,0,0,0,0,0,0,157,0,0,0,0,0,0,0,0,0,0,0,0.07,0.0,0.36,35.16,1.37,6.73,4.21,8.15,0.95,4.55,0.0,4.17,19.86,0.51,0.0,0.0,0.28,0.0,0.0,1.31,0.93,0.87,0.0,0.0,0.0,0.38,0.0,4.08,3.84,0.0,0.0,0.0,0.0,0.0,0.0,0.0,0.0,0.0,0.0,1.66,0.0,0.0,0.0,0.0,0.0,0.0,0.0,0.0,0.58,0.0,0.0,0.0,0.0,0.0,0.0,0.0,0.0,0.0,0.0,0.0,89.47,10.53,24293,2858,27151,4,2,1,1.0,Bin_10,,1.0,1.0,1.0,1.0,Bin_5,Bin_5_Bin_6_Bin_7_Bin_8,4.0,4,Bin_2,Bin_1_Bin_2_Bin_3_Bin_4,Bin_2,Bin_1_Bin_2,Bin_3,Bin_1_Bin_2_Bin_3_Bin_4,Bin_3,Bin_1_Bin_2_Bin_3_Bin_4_Bin_5
16,872348,16872348,0,16,-1,2,23,2,1,14,43,479,17183,6,14,26,48,6,14,27,50,9532,18778,39083,68260,29177.0,68260,0,0,0,174,19522,286,1815,10764,1550,2467,3194,0,877,14497,1068,0,0,0,0,0,2436,5489,2477,341,0,0,0,0,412,48,176,0,136,0,0,0,0,0,0,0,0,0,0,64,0,0,0,0,0,327,0,100,0,0,0,0,41,0,0,0,0,0.0,0.0,0.25,28.6,0.42,2.66,15.77,2.27,3.61,4.68,0.0,1.28,21.24,1.56,0.0,0.0,0.0,0.0,0.0,3.57,8.04,3.63,0.5,0.0,0.0,0.0,0.0,0.6,0.07,0.26,0.0,0.2,0.0,0.0,0.0,0.0,0.0,0.0,0.0,0.0,0.0,0.0,0.09,0.0,0.0,0.0,0.0,0.0,0.48,0.0,0.15,0.0,0.0,0.0,0.0,0.06,0.0,0.0,0.0,0.0,98.09,1.91,66956,1304,68260,1,1,1,1.0,Bin_8,,1.0,1.0,1.0,1.0,Bin_8,Bin_5_Bin_6_Bin_7_Bin_8,1.0,"1, 2",Bin_4,Bin_1_Bin_2_Bin_3_Bin_4,Bin_4,Bin_4_Bin_5,Bin_4,Bin_1_Bin_2_Bin_3_Bin_4,Bin_4,Bin_1_Bin_2_Bin_3_Bin_4_Bin_5
16,872656,16872656,0,16,-1,3,23,1,1,10,25,407,14749,5,11,24,52,12,26,59,120,5747,14173,27871,58991,31120.0,58991,0,0,0,1080,2491,71,5376,8803,1861,2421,13786,0,1294,9577,341,0,127,49,0,0,3392,185,68,323,4131,228,101,0,831,278,1070,0,0,0,0,0,0,0,0,0,0,0,93,244,0,42,61,0,0,460,0,0,0,0,0,0,204,0,0,0,0,0.0,0.0,1.83,4.22,0.12,9.11,14.92,3.15,4.1,23.37,0.0,2.19,16.23,0.58,0.0,0.22,0.08,0.0,0.0,5.75,0.31,0.12,0.55,7.0,0.39,0.17,0.0,1.41,0.47,1.81,0.0,0.0,0.0,0.0,0.0,0.0,0.0,0.0,0.0,0.0,0.0,0.16,0.41,0.0,0.07,0.1,0.0,0.0,0.78,0.0,0.0,0.0,0.0,0.0,0.0,0.35,0.0,0.0,0.0,0.0,93.88,6.12,55378,3613,58991,1,1,1,1.0,Bin_8,,1.0,1.0,1.0,1.0,Bin_7,Bin_5_Bin_6_Bin_7_Bin_8,1.0,"1, 2",Bin_3,Bin_1_Bin_2_Bin_3_Bin_4,Bin_3,Bin_3,Bin_3,Bin_1_Bin_2_Bin_3_Bin_4,Bin_4,Bin_1_Bin_2_Bin_3_Bin_4_Bin_5
25,859997,25859997,0,25,-1,2,31,1,1,10,25,407,26295,12,38,77,156,30,91,178,359,29599,62299,107282,187842,81658.0,187842,0,0,0,13401,80267,1482,1070,0,6992,39569,225,0,20085,19453,2354,0,0,543,0,0,15,21,29,0,0,0,0,0,441,0,836,0,0,0,0,36,0,0,0,0,0,0,0,388,0,0,0,0,0,45,0,589,0,0,0,0,0,0,0,0,0,0.0,0.0,7.13,42.73,0.79,0.57,0.0,3.72,21.07,0.12,0.0,10.69,10.36,1.25,0.0,0.0,0.29,0.0,0.0,0.01,0.01,0.02,0.0,0.0,0.0,0.0,0.0,0.23,0.0,0.45,0.0,0.0,0.0,0.0,0.02,0.0,0.0,0.0,0.0,0.0,0.0,0.0,0.21,0.0,0.0,0.0,0.0,0.0,0.02,0.0,0.31,0.0,0.0,0.0,0.0,0.0,0.0,0.0,0.0,0.0,98.76,1.24,185506,2335,187842,4,2,1,1.0,Bin_10,,1.0,1.0,1.0,1.0,Bin_8,Bin_5_Bin_6_Bin_7_Bin_8,4.0,4,Bin_8,Bin_8,Bin_8,Bin_8,Bin_8,Bin_8,Bin_9,Bin_9
16,872817,16872817,0,16,-1,9,22,1,1,12,41,387,49901,11,32,61,116,11,32,62,119,14097,43124,78995,167746,88751.0,167746,0,0,0,7257,30823,0,38,41252,1685,11667,13053,0,22575,7851,22121,0,0,0,0,0,0,0,0,4270,5153,0,0,0,0,0,0,0,0,0,0,0,0,0,0,0,0,0,0,0,0,0,0,0,0,0,0,0,0,0,0,0,0,0,0,0,0,0.0,0.0,4.33,18.37,0.0,0.02,24.59,1.0,6.96,7.78,0.0,13.46,4.68,13.19,0.0,0.0,0.0,0.0,0.0,0.0,0.0,0.0,2.55,3.07,0.0,0.0,0.0,0.0,0.0,0.0,0.0,0.0,0.0,0.0,0.0,0.0,0.0,0.0,0.0,0.0,0.0,0.0,0.0,0.0,0.0,0.0,0.0,0.0,0.0,0.0,0.0,0.0,0.0,0.0,0.0,0.0,0.0,0.0,0.0,0.0,100.0,0.0,167746,0,167746,1,1,1,1.0,Bin_8,,1.0,1.0,1.0,1.0,Bin_10,Bin_9_Bin_10,1.0,"1, 2",Bin_7,Bin_7,Bin_7,Bin_7,Bin_7,Bin_7,Bin_7,Bin_7
16,872779,16872779,0,16,-1,9,22,4,1,12,41,387,97124,13,38,75,152,14,40,82,162,21832,53603,131373,275847,144474.0,275847,0,0,0,13160,47045,0,39,46671,2309,23844,26674,0,64278,5633,13493,0,0,0,0,0,0,0,0,2868,29834,0,0,0,0,0,0,0,0,0,0,0,0,0,0,0,0,0,0,0,0,0,0,0,0,0,0,0,0,0,0,0,0,0,0,0,0,0.0,0.0,4.77,17.05,0.0,0.01,16.92,0.84,8.64,9.67,0.0,23.3,2.04,4.89,0.0,0.0,0.0,0.0,0.0,0.0,0.0,0.0,1.04,10.82,0.0,0.0,0.0,0.0,0.0,0.0,0.0,0.0,0.0,0.0,0.0,0.0,0.0,0.0,0.0,0.0,0.0,0.0,0.0,0.0,0.0,0.0,0.0,0.0,0.0,0.0,0.0,0.0,0.0,0.0,0.0,0.0,0.0,0.0,0.0,0.0,100.0,0.0,275847,0,275847,1,1,1,1.0,Bin_8,,1.0,1.0,1.0,1.0,Bin_10,Bin_9_Bin_10,1.0,"1, 2",Bin_8,Bin_8,Bin_8,Bin_8,Bin_8,Bin_8,Bin_9,Bin_9
16,872818,16872818,0,16,-1,9,22,1,1,12,41,387,100663,12,21,34,53,13,22,37,60,2635,9524,24303,307285,283612.0,307285,0,0,0,16765,27365,0,1436,45084,0,19407,13457,0,84228,10393,44144,0,0,0,0,0,0,0,0,6193,38814,0,0,0,0,0,0,0,0,0,0,0,0,0,0,0,0,0,0,0,0,0,0,0,0,0,0,0,0,0,0,0,0,0,0,0,0,0.0,0.0,5.46,8.91,0.0,0.47,14.67,0.0,6.32,4.38,0.0,27.41,3.38,14.37,0.0,0.0,0.0,0.0,0.0,0.0,0.0,0.0,2.02,12.63,0.0,0.0,0.0,0.0,0.0,0.0,0.0,0.0,0.0,0.0,0.0,0.0,0.0,0.0,0.0,0.0,0.0,0.0,0.0,0.0,0.0,0.0,0.0,0.0,0.0,0.0,0.0,0.0,0.0,0.0,0.0,0.0,0.0,0.0,0.0,0.0,100.0,0.0,307285,0,307285,1,1,1,1.0,Bin_8,,1.0,1.0,1.0,1.0,Bin_10,Bin_9_Bin_10,1.0,"1, 2",Bin_8,Bin_8,Bin_6,Bin_6,Bin_5,Bin_5_Bin_6,Bin_4,Bin_1_Bin_2_Bin_3_Bin_4_Bin_5
16,872902,16872902,0,16,-1,9,22,1,1,12,41,387,49371,5,9,20,49,5,9,21,60,22602,31588,68196,157420,89224.0,157420,0,0,0,7402,18407,0,123,29652,0,8444,9889,0,31487,5876,20086,0,0,0,0,0,0,0,0,464,25592,0,0,0,0,0,0,0,0,0,0,0,0,0,0,0,0,0,0,0,0,0,0,0,0,0,0,0,0,0,0,0,0,0,0,0,0,0.0,0.0,4.7,11.69,0.0,0.08,18.84,0.0,5.36,6.28,0.0,20.0,3.73,12.76,0.0,0.0,0.0,0.0,0.0,0.0,0.0,0.0,0.29,16.26,0.0,0.0,0.0,0.0,0.0,0.0,0.0,0.0,0.0,0.0,0.0,0.0,0.0,0.0,0.0,0.0,0.0,0.0,0.0,0.0,0.0,0.0,0.0,0.0,0.0,0.0,0.0,0.0,0.0,0.0,0.0,0.0,0.0,0.0,0.0,0.0,100.0,0.0,157420,0,157420,1,1,1,1.0,Bin_8,,1.0,1.0,1.0,1.0,Bin_10,Bin_9_Bin_10,1.0,"1, 2",Bin_3,Bin_1_Bin_2_Bin_3_Bin_4,Bin_2,Bin_1_Bin_2,Bin_3,Bin_1_Bin_2_Bin_3_Bin_4,Bin_4,Bin_1_Bin_2_Bin_3_Bin_4_Bin_5
16,872740,16872740,0,16,-1,9,22,1,1,12,41,387,17806,4,5,10,31,4,5,10,31,6600,8313,14991,53370,38379.0,53370,0,0,0,1051,2748,0,32,4705,0,1178,1045,0,19466,737,13709,0,0,0,0,0,0,0,0,186,8514,0,0,0,0,0,0,0,0,0,0,0,0,0,0,0,0,0,0,0,0,0,0,0,0,0,0,0,0,0,0,0,0,0,0,0,0,0.0,0.0,1.97,5.15,0.0,0.06,8.82,0.0,2.21,1.96,0.0,36.47,1.38,25.69,0.0,0.0,0.0,0.0,0.0,0.0,0.0,0.0,0.35,15.95,0.0,0.0,0.0,0.0,0.0,0.0,0.0,0.0,0.0,0.0,0.0,0.0,0.0,0.0,0.0,0.0,0.0,0.0,0.0,0.0,0.0,0.0,0.0,0.0,0.0,0.0,0.0,0.0,0.0,0.0,0.0,0.0,0.0,0.0,0.0,0.0,100.0,0.0,53370,0,53370,1,1,1,1.0,Bin_8,,1.0,1.0,1.0,1.0,Bin_8,Bin_5_Bin_6_Bin_7_Bin_8,1.0,"1, 2",Bin_3,Bin_1_Bin_2_Bin_3_Bin_4,Bin_1,Bin_1_Bin_2,Bin_2,Bin_1_Bin_2_Bin_3_Bin_4,Bin_3,Bin_1_Bin_2_Bin_3_Bin_4_Bin_5
16,872750,16872750,0,16,-1,9,22,1,1,12,41,387,14241,3,5,11,11,3,5,12,12,7686,9785,44021,44021,,44021,0,0,0,2136,4887,0,87,7344,0,3384,2620,0,10197,734,5987,0,0,0,0,0,0,0,0,32,6613,0,0,0,0,0,0,0,0,0,0,0,0,0,0,0,0,0,0,0,0,0,0,0,0,0,0,0,0,0,0,0,0,0,0,0,0,0.0,0.0,4.85,11.1,0.0,0.2,16.68,0.0,7.69,5.95,0.0,23.16,1.67,13.6,0.0,0.0,0.0,0.0,0.0,0.0,0.0,0.0,0.07,15.02,0.0,0.0,0.0,0.0,0.0,0.0,0.0,0.0,0.0,0.0,0.0,0.0,0.0,0.0,0.0,0.0,0.0,0.0,0.0,0.0,0.0,0.0,0.0,0.0,0.0,0.0,0.0,0.0,0.0,0.0,0.0,0.0,0.0,0.0,0.0,0.0,100.0,0.0,44021,0,44021,1,1,1,1.0,Bin_8,,1.0,1.0,1.0,1.0,Bin_7,Bin_5_Bin_6_Bin_7_Bin_8,1.0,"1, 2",Bin_2,Bin_1_Bin_2_Bin_3_Bin_4,Bin_1,Bin_1_Bin_2,Bin_2,Bin_1_Bin_2_Bin_3_Bin_4,Bin_1,Bin_1_Bin_2_Bin_3_Bin_4_Bin_5
25,863889,25863889,0,25,-1,9,22,1,1,12,41,387,31486,4,13,28,38,4,13,33,46,13553,33185,72804,102246,29442.0,29016,73230,8,0,6218,4929,737,77,19976,0,2997,6557,0,21264,2624,18638,0,0,0,0,0,0,0,0,1592,16630,0,0,0,0,0,0,0,0,0,0,0,0,0,0,0,0,0,0,0,0,0,0,0,0,0,0,0,0,0,0,0,0,0,0,0,0,0.01,0.0,6.08,4.82,0.72,0.08,19.54,0.0,2.93,6.41,0.0,20.8,2.57,18.23,0.0,0.0,0.0,0.0,0.0,0.0,0.0,0.0,1.56,16.26,0.0,0.0,0.0,0.0,0.0,0.0,0.0,0.0,0.0,0.0,0.0,0.0,0.0,0.0,0.0,0.0,0.0,0.0,0.0,0.0,0.0,0.0,0.0,0.0,0.0,0.0,0.0,0.0,0.0,0.0,0.0,0.0,0.0,0.0,0.0,0.0,100.0,0.0,102246,0,102246,4,2,1,1.0,Bin_10,,1.0,1.0,1.0,1.0,Bin_9,Bin_9_Bin_10,4.0,4,Bin_3,Bin_1_Bin_2_Bin_3_Bin_4,Bin_4,Bin_4_Bin_5,Bin_4,Bin_1_Bin_2_Bin_3_Bin_4,Bin_3,Bin_1_Bin_2_Bin_3_Bin_4_Bin_5
25,863922,25863922,0,25,-1,10,22,1,1,12,41,387,54980,16,36,67,129,35,85,158,297,29597,58457,107355,191287,84868.0,190791,496,0,0,5823,22793,0,360,54895,3593,8444,17745,0,15186,7888,30785,0,0,0,0,0,0,0,0,860,22916,0,0,0,0,0,0,0,0,0,0,0,0,0,0,0,0,0,0,0,0,0,0,0,0,0,0,0,0,0,0,0,0,0,0,0,0,0.0,0.0,3.04,11.92,0.0,0.19,28.7,1.88,4.41,9.28,0.0,7.94,4.12,16.09,0.0,0.0,0.0,0.0,0.0,0.0,0.0,0.0,0.45,11.98,0.0,0.0,0.0,0.0,0.0,0.0,0.0,0.0,0.0,0.0,0.0,0.0,0.0,0.0,0.0,0.0,0.0,0.0,0.0,0.0,0.0,0.0,0.0,0.0,0.0,0.0,0.0,0.0,0.0,0.0,0.0,0.0,0.0,0.0,0.0,0.0,100.0,0.0,191287,0,191287,4,2,1,1.0,Bin_10,,1.0,1.0,1.0,1.0,Bin_10,Bin_9_Bin_10,4.0,4,Bin_9,Bin_9,Bin_8,Bin_8,Bin_8,Bin_8,Bin_8,Bin_8
25,863841,25863841,0,25,-1,9,22,1,1,12,41,387,4403,5,9,16,19,10,14,23,26,3793,8550,16087,17250,1163.0,17250,0,0,0,863,950,0,0,2802,124,105,1672,0,5203,381,2948,0,0,0,0,0,0,0,0,23,2178,0,0,0,0,0,0,0,0,0,0,0,0,0,0,0,0,0,0,0,0,0,0,0,0,0,0,0,0,0,0,0,0,0,0,0,0,0.0,0.0,5.0,5.51,0.0,0.0,16.24,0.72,0.61,9.69,0.0,30.16,2.21,17.09,0.0,0.0,0.0,0.0,0.0,0.0,0.0,0.0,0.13,12.63,0.0,0.0,0.0,0.0,0.0,0.0,0.0,0.0,0.0,0.0,0.0,0.0,0.0,0.0,0.0,0.0,0.0,0.0,0.0,0.0,0.0,0.0,0.0,0.0,0.0,0.0,0.0,0.0,0.0,0.0,0.0,0.0,0.0,0.0,0.0,0.0,100.0,0.0,17250,0,17250,4,2,1,1.0,Bin_10,,1.0,1.0,1.0,1.0,Bin_4,Bin_4,4.0,4,Bin_3,Bin_1_Bin_2_Bin_3_Bin_4,Bin_2,Bin_1_Bin_2,Bin_2,Bin_1_Bin_2_Bin_3_Bin_4,Bin_2,Bin_1_Bin_2_Bin_3_Bin_4_Bin_5
25,863891,25863891,0,25,-1,10,22,1,1,12,41,387,172005,18,51,101,196,44,101,184,361,45856,124786,284277,612553,328276.0,612553,0,0,0,22878,108385,1126,2378,197830,11207,48116,64127,0,10525,24517,61897,0,0,0,0,0,0,0,0,6197,53371,0,0,0,0,0,0,0,0,0,0,0,0,0,0,0,0,0,0,0,0,0,0,0,0,0,0,0,0,0,0,0,0,0,0,0,0,0.0,0.0,3.73,17.69,0.18,0.39,32.3,1.83,7.85,10.47,0.0,1.72,4.0,10.1,0.0,0.0,0.0,0.0,0.0,0.0,0.0,0.0,1.01,8.71,0.0,0.0,0.0,0.0,0.0,0.0,0.0,0.0,0.0,0.0,0.0,0.0,0.0,0.0,0.0,0.0,0.0,0.0,0.0,0.0,0.0,0.0,0.0,0.0,0.0,0.0,0.0,0.0,0.0,0.0,0.0,0.0,0.0,0.0,0.0,0.0,100.0,0.0,612553,0,612553,4,2,1,1.0,Bin_10,,1.0,1.0,1.0,1.0,Bin_10,Bin_9_Bin_10,4.0,4,Bin_9,Bin_9,Bin_9,Bin_9,Bin_9,Bin_9,Bin_9,Bin_9
10,870113,10870113,0,10,-1,2,47,4,1,11,40,455,31353,16,46,80,170,23,67,124,300,9181,33597,73683,193439,119756.0,0,193439,25,0,775,23039,0,15270,39022,84467,3503,114,0,4597,13323,572,0,302,0,0,0,3769,627,2344,110,1572,0,0,0,0,0,0,0,0,0,0,0,0,0,0,0,0,0,7,0,0,0,0,0,0,0,0,0,0,0,0,0,0,0,0,0,0,0.01,0.0,0.4,11.91,0.0,7.89,20.17,43.67,1.81,0.06,0.0,2.38,6.89,0.3,0.0,0.16,0.0,0.0,0.0,1.95,0.32,1.21,0.06,0.81,0.0,0.0,0.0,0.0,0.0,0.0,0.0,0.0,0.0,0.0,0.0,0.0,0.0,0.0,0.0,0.0,0.0,0.0,0.0,0.0,0.0,0.0,0.0,0.0,0.0,0.0,0.0,0.0,0.0,0.0,0.0,0.0,0.0,0.0,0.0,0.0,100.0,0.0,193432,7,193439,3,2,1,1.0,Bin_3,,1.0,1.0,1.0,1.0,Bin_9,Bin_9_Bin_10,3.0,3,Bin_9,Bin_9,Bin_9,Bin_9,Bin_8,Bin_8,Bin_9,Bin_9
10,858160,10858160,0,10,-1,2,55,1,1,10,25,407,7896,12,35,67,120,14,42,88,156,3552,10937,28445,48577,20509.0,0,48577,25,0,0,18432,0,309,0,0,0,1387,0,2200,23695,583,0,725,0,0,0,443,259,0,0,370,0,0,0,0,0,0,0,0,0,0,0,0,0,0,0,0,0,62,0,0,0,0,0,0,87,0,0,0,0,0,0,0,0,0,0,0,0.05,0.0,0.0,37.94,0.0,0.64,0.0,0.0,0.0,2.86,0.0,4.53,48.78,1.2,0.0,1.49,0.0,0.0,0.0,0.91,0.53,0.0,0.0,0.76,0.0,0.0,0.0,0.0,0.0,0.0,0.0,0.0,0.0,0.0,0.0,0.0,0.0,0.0,0.0,0.0,0.0,0.13,0.0,0.0,0.0,0.0,0.0,0.0,0.18,0.0,0.0,0.0,0.0,0.0,0.0,0.0,0.0,0.0,0.0,0.0,99.7,0.31,48429,149,48577,3,2,1,1.0,Bin_3,,1.0,1.0,1.0,1.0,Bin_5,Bin_5_Bin_6_Bin_7_Bin_8,3.0,3,Bin_8,Bin_8,Bin_8,Bin_8,Bin_8,Bin_8,Bin_7,Bin_7
10,858659,10858659,0,10,-1,10,55,0,1,10,25,407,9334,6,20,38,69,6,23,43,78,5575,13198,25343,43738,18395.0,0,43738,0,0,1505,10923,29,2000,8182,1157,4029,9913,0,2483,2611,734,0,0,50,0,0,11,0,0,52,57,0,0,0,0,0,0,0,0,0,0,0,0,0,0,0,0,0,0,0,0,0,0,0,0,0,0,0,0,0,0,0,0,0,0,0,0,0.0,0.0,3.44,24.97,0.07,4.57,18.71,2.65,9.21,22.66,0.0,5.68,5.97,1.68,0.0,0.0,0.11,0.0,0.0,0.03,0.0,0.0,0.12,0.13,0.0,0.0,0.0,0.0,0.0,0.0,0.0,0.0,0.0,0.0,0.0,0.0,0.0,0.0,0.0,0.0,0.0,0.0,0.0,0.0,0.0,0.0,0.0,0.0,0.0,0.0,0.0,0.0,0.0,0.0,0.0,0.0,0.0,0.0,0.0,0.0,100.0,0.0,43738,0,43738,3,2,1,1.0,Bin_3,,1.0,1.0,1.0,1.0,Bin_6,Bin_5_Bin_6_Bin_7_Bin_8,3.0,3,Bin_4,Bin_1_Bin_2_Bin_3_Bin_4,Bin_5,Bin_4_Bin_5,Bin_5,Bin_5_Bin_6,Bin_5,Bin_1_Bin_2_Bin_3_Bin_4_Bin_5
25,860348,25860348,0,25,-1,3,30,1,1,14,43,477,4049,4,9,11,12,4,12,15,16,6621,11579,13471,13877,406.0,13877,0,0,0,118,346,1301,2566,2531,2303,738,777,0,320,696,707,0,0,1122,0,0,152,51,0,0,0,0,0,0,0,0,0,0,0,53,0,0,0,0,0,0,0,0,0,54,0,0,41,0,0,0,0,0,0,0,0,0,0,0,0,0,0,0.0,0.0,0.85,2.49,9.38,18.49,18.24,16.6,5.32,5.6,0.0,2.31,5.02,5.09,0.0,0.0,8.09,0.0,0.0,1.1,0.37,0.0,0.0,0.0,0.0,0.0,0.0,0.0,0.0,0.0,0.0,0.0,0.38,0.0,0.0,0.0,0.0,0.0,0.0,0.0,0.0,0.0,0.39,0.0,0.0,0.3,0.0,0.0,0.0,0.0,0.0,0.0,0.0,0.0,0.0,0.0,0.0,0.0,0.0,0.0,98.93,1.06,13729,147,13877,4,2,1,1.0,Bin_10,,1.0,1.0,1.0,1.0,Bin_4,Bin_4,4.0,4,Bin_3,Bin_1_Bin_2_Bin_3_Bin_4,Bin_2,Bin_1_Bin_2,Bin_2,Bin_1_Bin_2_Bin_3_Bin_4,Bin_1,Bin_1_Bin_2_Bin_3_Bin_4_Bin_5
14,305816,14305816,0,14,-1,2,130,1,1,14,43,477,18877,5,29,60,61,17,66,130,131,3570,69511,132050,132468,419.0,132468,0,50,0,1768,2629,559,13325,73548,14754,847,990,0,2441,10485,338,0,0,0,0,0,9,102,0,52,0,3933,136,0,85,3967,0,0,0,1453,0,0,0,0,0,124,416,0,119,0,0,0,0,0,0,75,0,0,0,0,265,0,0,0,0,0,0,0.04,0.0,1.33,1.98,0.42,10.06,55.52,11.14,0.64,0.75,0.0,1.84,7.92,0.26,0.0,0.0,0.0,0.0,0.0,0.01,0.08,0.0,0.04,0.0,2.97,0.1,0.0,0.06,2.99,0.0,0.0,0.0,1.1,0.0,0.0,0.0,0.0,0.0,0.09,0.31,0.0,0.09,0.0,0.0,0.0,0.0,0.0,0.0,0.06,0.0,0.0,0.0,0.0,0.2,0.0,0.0,0.0,0.0,0.0,0.0,92.02,7.98,121897,10571,132468,2,1,1,1.0,Bin_6,,1.0,1.0,1.0,1.0,Bin_8,Bin_5_Bin_6_Bin_7_Bin_8,2.0,"1, 2",Bin_3,Bin_1_Bin_2_Bin_3_Bin_4,Bin_7,Bin_7,Bin_7,Bin_7,Bin_5,Bin_1_Bin_2_Bin_3_Bin_4_Bin_5
10,303720,10303720,0,10,-1,3,96,1,1,14,43,477,71,2,2,2,2,2,2,2,2,341,341,341,341,,0,341,0,0,0,0,0,0,0,321,0,0,0,0,0,0,0,0,0,0,0,20,0,0,0,0,0,0,0,0,0,0,0,0,0,0,0,0,0,0,0,0,0,0,0,0,0,0,0,0,0,0,0,0,0,0,0,0,0,0,0,0,0.0,0.0,0.0,0.0,0.0,0.0,0.0,94.13,0.0,0.0,0.0,0.0,0.0,0.0,0.0,0.0,0.0,0.0,0.0,5.87,0.0,0.0,0.0,0.0,0.0,0.0,0.0,0.0,0.0,0.0,0.0,0.0,0.0,0.0,0.0,0.0,0.0,0.0,0.0,0.0,0.0,0.0,0.0,0.0,0.0,0.0,0.0,0.0,0.0,0.0,0.0,0.0,0.0,0.0,0.0,0.0,0.0,0.0,0.0,0.0,100.0,0.0,341,0,341,3,2,1,1.0,Bin_2,1.0,1.0,1.0,1.0,1.0,Bin_1,Bin_1,3.0,3,Bin_1,Bin_1_Bin_2_Bin_3_Bin_4,Bin_1,Bin_1_Bin_2,Bin_1,Bin_1_Bin_2_Bin_3_Bin_4,Bin_1,Bin_1_Bin_2_Bin_3_Bin_4_Bin_5
16,27180,16027180,0,16,-1,3,113,1,1,10,20,418,9664,2,19,47,47,3,21,53,53,773,12639,37045,37045,,37045,0,0,0,478,5669,91,3974,610,3035,1425,416,0,2431,14506,298,0,23,76,0,0,437,242,73,0,0,53,63,13,461,280,1318,0,0,0,0,0,0,0,0,0,0,0,151,25,0,143,0,0,0,89,0,9,0,0,0,0,658,0,0,0,0,0.0,0.0,1.29,15.3,0.25,10.73,1.65,8.19,3.85,1.12,0.0,6.56,39.16,0.8,0.0,0.06,0.21,0.0,0.0,1.18,0.65,0.2,0.0,0.0,0.14,0.17,0.04,1.24,0.76,3.56,0.0,0.0,0.0,0.0,0.0,0.0,0.0,0.0,0.0,0.0,0.0,0.41,0.07,0.0,0.39,0.0,0.0,0.0,0.24,0.0,0.02,0.0,0.0,0.0,0.0,1.78,0.0,0.0,0.0,0.0,91.19,8.81,33782,3262,37045,1,1,1,1.0,Bin_8,,1.0,1.0,1.0,1.0,Bin_6,Bin_5_Bin_6_Bin_7_Bin_8,1.0,"1, 2",Bin_1,Bin_1_Bin_2_Bin_3_Bin_4,Bin_5,Bin_4_Bin_5,Bin_6,Bin_5_Bin_6,Bin_4,Bin_1_Bin_2_Bin_3_Bin_4_Bin_5
12,501124,12501124,0,12,-1,3,121,1,1,13,42,467,4911,2,7,11,64,2,7,13,76,2165,4301,6335,23213,16878.0,0,23213,200,0,1208,4546,0,0,0,8069,0,0,0,2340,963,3030,0,0,0,0,0,0,0,0,0,0,0,0,0,0,0,2858,0,0,0,0,0,0,0,0,0,0,0,0,0,0,0,0,0,0,0,0,0,0,0,0,0,0,0,0,0,0,0.86,0.0,5.2,19.58,0.0,0.0,0.0,34.76,0.0,0.0,0.0,10.08,4.15,13.05,0.0,0.0,0.0,0.0,0.0,0.0,0.0,0.0,0.0,0.0,0.0,0.0,0.0,0.0,0.0,12.31,0.0,0.0,0.0,0.0,0.0,0.0,0.0,0.0,0.0,0.0,0.0,0.0,0.0,0.0,0.0,0.0,0.0,0.0,0.0,0.0,0.0,0.0,0.0,0.0,0.0,0.0,0.0,0.0,0.0,0.0,87.69,12.31,20355,2858,23213,3,2,1,1.0,Bin_4,,1.0,1.0,1.0,1.0,Bin_4,Bin_4,3.0,3,Bin_1,Bin_1_Bin_2_Bin_3_Bin_4,Bin_2,Bin_1_Bin_2,Bin_2,Bin_1_Bin_2_Bin_3_Bin_4,Bin_5,Bin_1_Bin_2_Bin_3_Bin_4_Bin_5
10,207683,10207683,0,10,-1,9,255,4,1,12,41,387,2008,9,11,16,25,16,18,24,34,6554,7177,8862,11507,2645.0,281,11226,0,0,259,1269,162,991,943,18,2199,1437,0,129,602,705,0,528,82,60,0,216,0,0,207,1559,0,0,0,0,102,35,0,0,0,0,0,0,0,0,0,0,0,0,0,0,0,5,0,0,0,0,0,0,0,0,0,0,0,0,0,0,0.0,0.0,2.25,11.03,1.41,8.61,8.2,0.16,19.11,12.49,0.0,1.12,5.23,6.13,0.0,4.59,0.71,0.52,0.0,1.88,0.0,0.0,1.8,13.55,0.0,0.0,0.0,0.0,0.89,0.3,0.0,0.0,0.0,0.0,0.0,0.0,0.0,0.0,0.0,0.0,0.0,0.0,0.0,0.0,0.0,0.04,0.0,0.0,0.0,0.0,0.0,0.0,0.0,0.0,0.0,0.0,0.0,0.0,0.0,0.0,98.77,1.23,11365,142,11507,3,2,1,1.0,Bin_1,1.0,1.0,1.0,1.0,1.0,Bin_3,Bin_3,3.0,3,Bin_6,Bin_6,Bin_3,Bin_3,Bin_2,Bin_1_Bin_2_Bin_3_Bin_4,Bin_2,Bin_1_Bin_2_Bin_3_Bin_4_Bin_5
25,39638,25039638,0,25,-1,4,87,2,1,11,40,448,724,1,5,8,13,1,5,8,13,-113,1952,3110,4063,952.0,2111,1952,0,0,21,103,8,0,1275,0,5,28,0,344,1654,66,0,75,0,25,0,51,162,213,0,31,0,0,0,0,0,0,0,0,0,0,0,0,0,0,0,0,0,0,0,0,0,0,0,0,0,0,0,0,0,0,0,0,0,0,0,0,0.0,0.0,0.52,2.54,0.2,0.0,31.38,0.0,0.12,0.69,0.0,8.47,40.71,1.62,0.0,1.85,0.0,0.62,0.0,1.26,3.99,5.24,0.0,0.76,0.0,0.0,0.0,0.0,0.0,0.0,0.0,0.0,0.0,0.0,0.0,0.0,0.0,0.0,0.0,0.0,0.0,0.0,0.0,0.0,0.0,0.0,0.0,0.0,0.0,0.0,0.0,0.0,0.0,0.0,0.0,0.0,0.0,0.0,0.0,0.0,100.0,0.0,4063,0,4063,4,2,1,1.0,Bin_10,,1.0,1.0,1.0,1.0,Bin_2,Bin_2,4.0,4,Bin_1,Bin_1_Bin_2_Bin_3_Bin_4,Bin_1,Bin_1_Bin_2,Bin_1,Bin_1_Bin_2_Bin_3_Bin_4,Bin_1,Bin_1_Bin_2_Bin_3_Bin_4_Bin_5
15,109801,15109801,0,15,-1,9,120,1,1,12,41,387,314871,1,28,83,83,2,202,667,667,4916,245043,876266,876266,,876266,0,0,0,63713,120491,48129,104085,207206,21276,39440,147579,0,41488,51199,12504,0,0,136,0,0,0,0,0,4282,9823,0,0,0,0,0,0,0,0,4916,0,0,0,0,0,0,0,0,0,0,0,0,0,0,0,0,0,0,0,0,0,0,0,0,0,0,0,0.0,0.0,7.27,13.75,5.49,11.88,23.65,2.43,4.5,16.84,0.0,4.73,5.84,1.43,0.0,0.0,0.02,0.0,0.0,0.0,0.0,0.0,0.49,1.12,0.0,0.0,0.0,0.0,0.0,0.0,0.0,0.0,0.56,0.0,0.0,0.0,0.0,0.0,0.0,0.0,0.0,0.0,0.0,0.0,0.0,0.0,0.0,0.0,0.0,0.0,0.0,0.0,0.0,0.0,0.0,0.0,0.0,0.0,0.0,0.0,99.44,0.56,871351,4916,876266,2,1,1,1.0,Bin_7,,1.0,1.0,1.0,1.0,Bin_10,Bin_9_Bin_10,2.0,"1, 2",Bin_1,Bin_1_Bin_2_Bin_3_Bin_4,Bin_7,Bin_7,Bin_9,Bin_9,Bin_6,Bin_6
13,58658,13058658,0,13,-1,10,102,1,7,70,83,463,608,1,2,3,8,1,2,4,11,805,889,985,4577,3592.0,426,4150,0,0,66,379,125,70,1011,0,256,334,0,115,969,156,0,162,0,0,0,229,0,26,84,586,0,9,0,0,0,0,0,0,0,0,0,0,0,0,0,0,0,0,0,0,0,0,0,0,0,0,0,0,0,0,0,0,0,0,0,0,0.0,0.0,1.44,8.28,2.73,1.53,22.09,0.0,5.59,7.3,0.0,2.51,21.17,3.41,0.0,3.54,0.0,0.0,0.0,5.0,0.0,0.57,1.84,12.8,0.0,0.2,0.0,0.0,0.0,0.0,0.0,0.0,0.0,0.0,0.0,0.0,0.0,0.0,0.0,0.0,0.0,0.0,0.0,0.0,0.0,0.0,0.0,0.0,0.0,0.0,0.0,0.0,0.0,0.0,0.0,0.0,0.0,0.0,0.0,0.0,99.8,0.2,4568,9,4577,3,2,1,1.0,Bin_4,,1.0,1.0,1.0,1.0,Bin_2,Bin_2,3.0,3,Bin_1,Bin_1_Bin_2_Bin_3_Bin_4,Bin_1,Bin_1_Bin_2,Bin_1,Bin_1_Bin_2_Bin_3_Bin_4,Bin_1,Bin_1_Bin_2_Bin_3_Bin_4_Bin_5
15,106761,15106761,0,15,-1,3,152,1,1,14,43,487,9493,9,22,38,38,11,30,55,55,7220,20671,39101,39101,,39101,0,0,0,2160,1009,371,139,5209,24332,3252,247,0,203,2024,13,0,0,0,0,0,22,0,0,0,0,104,0,0,0,0,0,0,0,0,0,0,0,0,0,0,0,0,0,0,0,0,0,0,0,16,0,0,0,0,0,0,0,0,0,0,0,0.0,0.0,5.52,2.58,0.95,0.36,13.32,62.23,8.32,0.63,0.0,0.52,5.18,0.03,0.0,0.0,0.0,0.0,0.0,0.06,0.0,0.0,0.0,0.0,0.27,0.0,0.0,0.0,0.0,0.0,0.0,0.0,0.0,0.0,0.0,0.0,0.0,0.0,0.0,0.0,0.0,0.0,0.0,0.0,0.0,0.0,0.0,0.0,0.04,0.0,0.0,0.0,0.0,0.0,0.0,0.0,0.0,0.0,0.0,0.0,99.69,0.31,38981,120,39101,2,1,1,1.0,Bin_7,,1.0,1.0,1.0,1.0,Bin_6,Bin_5_Bin_6_Bin_7_Bin_8,2.0,"1, 2",Bin_6,Bin_6,Bin_6,Bin_6,Bin_5,Bin_5_Bin_6,Bin_3,Bin_1_Bin_2_Bin_3_Bin_4_Bin_5
21,50364,21050364,0,21,-1,3,110,1,1,13,42,471,359,4,14,14,14,8,24,24,24,704,2152,2152,2152,,2152,0,25,0,0,451,0,0,0,0,0,850,0,0,125,0,0,0,0,0,0,17,372,0,0,0,116,0,0,0,0,0,0,0,0,0,0,0,0,0,0,0,0,15,0,0,26,0,0,0,136,0,0,0,0,0,0,19,0,0,0,0,1.16,0.0,0.0,20.96,0.0,0.0,0.0,0.0,0.0,39.5,0.0,0.0,5.81,0.0,0.0,0.0,0.0,0.0,0.0,0.79,17.29,0.0,0.0,0.0,5.39,0.0,0.0,0.0,0.0,0.0,0.0,0.0,0.0,0.0,0.0,0.0,0.0,0.0,0.0,0.0,0.0,0.7,0.0,0.0,1.21,0.0,0.0,0.0,6.32,0.0,0.0,0.0,0.0,0.0,0.0,0.88,0.0,0.0,0.0,0.0,85.5,14.45,1840,311,2152,1,1,1,1.0,Bin_9,,1.0,1.0,1.0,1.0,Bin_2,Bin_2,1.0,"1, 2",Bin_3,Bin_1_Bin_2_Bin_3_Bin_4,Bin_4,Bin_4_Bin_5,Bin_2,Bin_1_Bin_2_Bin_3_Bin_4,Bin_2,Bin_1_Bin_2_Bin_3_Bin_4_Bin_5
13,20223,13020223,0,13,-1,2,177,1,1,10,20,418,89,1,3,3,3,1,3,3,3,227,1727,1727,1727,,0,1727,0,0,0,0,0,0,1708,0,0,0,0,0,0,0,0,0,0,0,0,0,0,0,0,2,0,0,0,0,0,0,0,0,0,0,0,0,0,0,0,0,0,0,0,0,0,0,0,0,0,0,0,0,0,0,0,0,0,17,0,0,0.0,0.0,0.0,0.0,0.0,0.0,98.9,0.0,0.0,0.0,0.0,0.0,0.0,0.0,0.0,0.0,0.0,0.0,0.0,0.0,0.0,0.0,0.0,0.12,0.0,0.0,0.0,0.0,0.0,0.0,0.0,0.0,0.0,0.0,0.0,0.0,0.0,0.0,0.0,0.0,0.0,0.0,0.0,0.0,0.0,0.0,0.0,0.0,0.0,0.0,0.0,0.0,0.0,0.0,0.0,0.0,0.0,0.98,0.0,0.0,99.02,0.98,1710,17,1727,3,2,1,1.0,Bin_4,,1.0,1.0,1.0,1.0,Bin_1,Bin_1,3.0,3,Bin_1,Bin_1_Bin_2_Bin_3_Bin_4,Bin_1,Bin_1_Bin_2,Bin_1,Bin_1_Bin_2_Bin_3_Bin_4,Bin_1,Bin_1_Bin_2_Bin_3_Bin_4_Bin_5
15,102422,15102422,0,15,-1,4,176,1,1,14,43,477,10486,6,30,68,74,6,41,108,115,2884,30914,63168,71626,9821.0,71626,0,0,0,440,5803,54,933,25807,3606,1811,835,0,2082,10291,429,0,0,0,2926,0,0,0,0,266,0,2058,0,0,732,2372,905,209,0,3217,0,42,0,0,0,0,77,0,0,0,0,0,0,0,0,18,0,0,0,3955,375,0,1458,926,0,0,0,0.0,0.0,0.61,8.1,0.08,1.3,36.03,5.03,2.53,1.17,0.0,2.91,14.37,0.6,0.0,0.0,0.0,4.09,0.0,0.0,0.0,0.0,0.37,0.0,2.87,0.0,0.0,1.02,3.31,1.26,0.29,0.0,4.49,0.0,0.06,0.0,0.0,0.0,0.0,0.11,0.0,0.0,0.0,0.0,0.0,0.0,0.0,0.0,0.03,0.0,0.0,0.0,5.52,0.52,0.0,2.04,1.29,0.0,0.0,0.0,77.18,22.82,55283,16343,71626,2,1,1,1.0,Bin_7,,1.0,1.0,1.0,1.0,Bin_6,Bin_5_Bin_6_Bin_7_Bin_8,2.0,"1, 2",Bin_4,Bin_1_Bin_2_Bin_3_Bin_4,Bin_7,Bin_7,Bin_8,Bin_8,Bin_5,Bin_1_Bin_2_Bin_3_Bin_4_Bin_5
14,274089,14274089,0,14,-1,4,117,1,1,14,43,479,17065,6,34,75,89,11,66,142,168,4315,23704,51669,61631,9962.0,61631,0,50,0,169,4995,1409,2419,16451,7037,4478,2790,0,1078,3453,1469,0,817,270,134,0,3961,77,38,751,1486,93,728,0,2305,2870,37,21,0,0,0,6,0,0,0,0,0,0,858,346,0,0,85,0,0,0,0,0,0,177,708,67,0,0,0,0,0,0.08,0.0,0.27,8.1,2.29,3.92,26.69,11.42,7.27,4.53,0.0,1.75,5.6,2.38,0.0,1.33,0.44,0.22,0.0,6.43,0.12,0.06,1.22,2.41,0.15,1.18,0.0,3.74,4.66,0.06,0.03,0.0,0.0,0.0,0.01,0.0,0.0,0.0,0.0,0.0,0.0,1.39,0.56,0.0,0.0,0.14,0.0,0.0,0.0,0.0,0.0,0.0,0.29,1.15,0.11,0.0,0.0,0.0,0.0,0.0,86.53,13.47,53331,8299,61631,2,1,1,1.0,Bin_5,,1.0,1.0,1.0,1.0,Bin_8,Bin_5_Bin_6_Bin_7_Bin_8,2.0,"1, 2",Bin_4,Bin_1_Bin_2_Bin_3_Bin_4,Bin_8,Bin_8,Bin_8,Bin_8,Bin_6,Bin_6
16,26340,16026340,0,16,-1,3,176,1,1,10,20,418,1208,1,1,4,6,1,1,4,6,357,357,3756,4833,1077.0,4833,0,0,0,0,449,0,522,190,539,598,580,0,67,609,0,0,0,0,0,0,840,214,0,0,0,0,104,27,94,0,0,0,0,0,0,0,0,0,0,0,0,0,0,0,0,0,0,0,0,0,0,0,0,0,0,0,0,0,0,0,0,0.0,0.0,0.0,9.29,0.0,10.8,3.93,11.15,12.37,12.0,0.0,1.39,12.6,0.0,0.0,0.0,0.0,0.0,0.0,17.38,4.43,0.0,0.0,0.0,0.0,2.15,0.56,1.94,0.0,0.0,0.0,0.0,0.0,0.0,0.0,0.0,0.0,0.0,0.0,0.0,0.0,0.0,0.0,0.0,0.0,0.0,0.0,0.0,0.0,0.0,0.0,0.0,0.0,0.0,0.0,0.0,0.0,0.0,0.0,0.0,95.32,4.66,4607,225,4833,1,1,1,1.0,Bin_8,,1.0,1.0,1.0,1.0,Bin_2,Bin_2,1.0,"1, 2",Bin_1,Bin_1_Bin_2_Bin_3_Bin_4,Bin_1,Bin_1_Bin_2,Bin_1,Bin_1_Bin_2_Bin_3_Bin_4,Bin_1,Bin_1_Bin_2_Bin_3_Bin_4_Bin_5
25,54153,25054153,1,25,-1,2,74,1,1,11,40,448,14263,6,18,40,45,28,68,139,155,22871,42544,90369,103467,13099.0,103467,0,0,0,311,15629,253,21914,11550,7970,2487,64,0,3240,24108,93,0,0,0,0,0,543,644,139,0,13065,0,0,0,260,0,0,0,0,0,0,0,0,0,0,0,0,0,0,0,0,0,0,0,0,1028,0,0,0,171,0,0,0,0,0,0,0,0.0,0.0,0.3,15.11,0.24,21.18,11.16,7.7,2.4,0.06,0.0,3.13,23.3,0.09,0.0,0.0,0.0,0.0,0.0,0.52,0.62,0.13,0.0,12.63,0.0,0.0,0.0,0.25,0.0,0.0,0.0,0.0,0.0,0.0,0.0,0.0,0.0,0.0,0.0,0.0,0.0,0.0,0.0,0.0,0.0,0.0,0.0,0.0,0.99,0.0,0.0,0.0,0.17,0.0,0.0,0.0,0.0,0.0,0.0,0.0,98.59,1.41,102009,1459,103467,4,2,2,2.0,Bin_10,,2.0,2.0,1.0,1.0,Bin_7,Bin_5_Bin_6_Bin_7_Bin_8,4.0,4,Bin_4,Bin_1_Bin_2_Bin_3_Bin_4,Bin_5,Bin_4_Bin_5,Bin_5,Bin_5_Bin_6,Bin_4,Bin_1_Bin_2_Bin_3_Bin_4_Bin_5
14,314082,14314082,0,14,-1,2,82,1,1,14,43,480,10977,6,37,66,67,6,54,97,98,3424,39967,82209,84034,1825.0,84034,0,0,0,819,5447,53,6118,10974,39859,3890,7546,0,0,4680,1949,0,0,0,0,0,0,0,0,122,0,71,0,0,25,0,528,0,0,0,0,32,0,0,0,0,96,0,0,0,0,0,0,0,0,0,0,1825,0,0,0,0,0,0,0,0,0,0.0,0.0,0.97,6.48,0.06,7.28,13.06,47.43,4.63,8.98,0.0,0.0,5.57,2.32,0.0,0.0,0.0,0.0,0.0,0.0,0.0,0.0,0.15,0.0,0.08,0.0,0.0,0.03,0.0,0.63,0.0,0.0,0.0,0.0,0.04,0.0,0.0,0.0,0.0,0.11,0.0,0.0,0.0,0.0,0.0,0.0,0.0,0.0,0.0,0.0,2.17,0.0,0.0,0.0,0.0,0.0,0.0,0.0,0.0,0.0,96.93,3.07,81456,2577,84034,2,1,1,1.0,Bin_6,,1.0,1.0,1.0,1.0,Bin_6,Bin_5_Bin_6_Bin_7_Bin_8,2.0,"1, 2",Bin_4,Bin_1_Bin_2_Bin_3_Bin_4,Bin_8,Bin_8,Bin_8,Bin_8,Bin_5,Bin_1_Bin_2_Bin_3_Bin_4_Bin_5
14,279866,14279866,0,14,-1,2,82,1,1,14,43,476,5154,2,17,62,65,3,23,96,99,3707,15781,64408,70242,5834.0,70242,0,0,0,370,9705,36,1376,7340,17791,4149,73,0,3179,17115,207,0,0,3832,0,0,247,4211,19,0,0,0,0,0,0,0,223,0,0,0,0,0,0,0,0,0,0,0,0,0,0,0,76,0,0,191,0,0,102,0,0,0,0,0,0,0,0,0.0,0.0,0.53,13.82,0.05,1.96,10.45,25.33,5.91,0.1,0.0,4.53,24.37,0.29,0.0,0.0,5.46,0.0,0.0,0.35,5.99,0.03,0.0,0.0,0.0,0.0,0.0,0.0,0.0,0.32,0.0,0.0,0.0,0.0,0.0,0.0,0.0,0.0,0.0,0.0,0.0,0.0,0.0,0.0,0.0,0.11,0.0,0.0,0.27,0.0,0.0,0.15,0.0,0.0,0.0,0.0,0.0,0.0,0.0,0.0,99.16,0.84,69651,591,70242,2,1,1,1.0,Bin_5,,1.0,1.0,1.0,1.0,Bin_4,Bin_4,2.0,"1, 2",Bin_1,Bin_1_Bin_2_Bin_3_Bin_4,Bin_5,Bin_4_Bin_5,Bin_7,Bin_7,Bin_5,Bin_1_Bin_2_Bin_3_Bin_4_Bin_5
16,51771,16051771,0,16,-1,3,173,1,1,12,41,387,9096,7,15,33,42,27,41,65,81,9293,17138,40235,52456,12222.0,52456,0,0,0,0,2390,138,672,1461,4065,567,39,0,3508,25313,2951,0,0,0,0,0,491,38,6,9700,614,52,0,0,0,35,47,0,12,0,0,0,0,0,0,0,0,0,104,0,0,0,0,0,0,252,0,0,0,0,0,0,0,0,0,0,0,0.0,0.0,0.0,4.56,0.26,1.28,2.79,7.75,1.08,0.07,0.0,6.69,48.26,5.63,0.0,0.0,0.0,0.0,0.0,0.94,0.07,0.01,18.49,1.17,0.1,0.0,0.0,0.0,0.07,0.09,0.0,0.02,0.0,0.0,0.0,0.0,0.0,0.0,0.0,0.0,0.0,0.2,0.0,0.0,0.0,0.0,0.0,0.0,0.48,0.0,0.0,0.0,0.0,0.0,0.0,0.0,0.0,0.0,0.0,0.0,99.04,0.96,51954,502,52456,1,1,1,1.0,Bin_8,,1.0,1.0,1.0,1.0,Bin_6,Bin_5_Bin_6_Bin_7_Bin_8,1.0,"1, 2",Bin_5,Bin_5,Bin_4,Bin_4_Bin_5,Bin_4,Bin_1_Bin_2_Bin_3_Bin_4,Bin_3,Bin_1_Bin_2_Bin_3_Bin_4_Bin_5
11,702201,11702201,0,11,-1,3,16,1,1,11,40,448,3988,5,13,25,43,7,16,32,52,3283,7463,15142,25452,10310.0,25452,0,0,0,0,3320,0,0,16776,0,436,98,0,405,2954,160,0,0,77,0,0,949,114,45,11,0,52,0,0,0,0,0,0,0,0,0,0,0,0,0,0,0,0,0,0,0,0,0,0,0,57,0,0,0,0,0,0,0,0,0,0,0,0.0,0.0,0.0,13.04,0.0,0.0,65.91,0.0,1.71,0.39,0.0,1.59,11.61,0.63,0.0,0.0,0.3,0.0,0.0,3.73,0.45,0.18,0.04,0.0,0.2,0.0,0.0,0.0,0.0,0.0,0.0,0.0,0.0,0.0,0.0,0.0,0.0,0.0,0.0,0.0,0.0,0.0,0.0,0.0,0.0,0.0,0.0,0.0,0.22,0.0,0.0,0.0,0.0,0.0,0.0,0.0,0.0,0.0,0.0,0.0,99.58,0.43,25344,109,25452,1,1,1,1.0,Bin_4,,1.0,1.0,1.0,1.0,Bin_4,Bin_4,1.0,"1, 2",Bin_3,Bin_1_Bin_2_Bin_3_Bin_4,Bin_4,Bin_4_Bin_5,Bin_4,Bin_1_Bin_2_Bin_3_Bin_4,Bin_3,Bin_1_Bin_2_Bin_3_Bin_4_Bin_5
15,708578,15708578,0,15,-1,2,29,1,1,14,43,477,11113,18,56,70,70,19,63,80,80,14696,57200,70849,70849,,70849,0,0,0,2729,382,92,1086,26766,27925,3837,280,0,629,5154,193,0,0,0,0,0,0,56,0,0,0,113,0,0,0,0,0,0,0,252,0,0,0,0,0,0,0,90,119,0,0,0,0,62,0,0,0,0,0,0,1086,0,0,0,0,0,0,0.0,0.0,3.85,0.54,0.13,1.53,37.78,39.41,5.42,0.4,0.0,0.89,7.27,0.27,0.0,0.0,0.0,0.0,0.0,0.0,0.08,0.0,0.0,0.0,0.16,0.0,0.0,0.0,0.0,0.0,0.0,0.0,0.36,0.0,0.0,0.0,0.0,0.0,0.0,0.0,0.13,0.17,0.0,0.0,0.0,0.0,0.09,0.0,0.0,0.0,0.0,0.0,0.0,1.53,0.0,0.0,0.0,0.0,0.0,0.0,97.57,2.43,69127,1722,70849,2,1,1,1.0,Bin_7,,1.0,1.0,1.0,1.0,Bin_6,Bin_5_Bin_6_Bin_7_Bin_8,2.0,"1, 2",Bin_9,Bin_9,Bin_9,Bin_9,Bin_8,Bin_8,Bin_5,Bin_1_Bin_2_Bin_3_Bin_4_Bin_5
15,851916,15851916,0,15,-1,4,54,1,1,10,20,418,11033,16,39,48,48,40,101,123,123,8473,21666,30400,30400,,30400,0,0,0,326,6202,120,1483,2398,2613,2510,849,0,2222,5126,136,0,235,355,446,0,277,583,0,0,2632,57,46,0,871,383,358,0,0,0,0,0,0,0,0,0,0,0,41,0,0,0,55,22,0,54,0,0,0,0,0,0,0,0,0,0,0,0.0,0.0,1.07,20.4,0.39,4.88,7.89,8.6,8.26,2.79,0.0,7.31,16.86,0.45,0.0,0.77,1.17,1.47,0.0,0.91,1.92,0.0,0.0,8.66,0.19,0.15,0.0,2.87,1.26,1.18,0.0,0.0,0.0,0.0,0.0,0.0,0.0,0.0,0.0,0.0,0.0,0.13,0.0,0.0,0.0,0.18,0.07,0.0,0.18,0.0,0.0,0.0,0.0,0.0,0.0,0.0,0.0,0.0,0.0,0.0,93.79,6.21,28512,1888,30400,2,1,1,1.0,Bin_8,,1.0,1.0,1.0,1.0,Bin_6,Bin_5_Bin_6_Bin_7_Bin_8,2.0,"1, 2",Bin_9,Bin_9,Bin_8,Bin_8,Bin_6,Bin_5_Bin_6,Bin_4,Bin_1_Bin_2_Bin_3_Bin_4_Bin_5
14,749113,14749113,0,14,-1,3,12,1,1,14,43,479,252,2,3,3,3,4,5,5,5,528,693,693,693,,693,0,25,0,0,0,0,0,0,0,0,0,0,0,0,0,0,0,185,0,0,13,69,121,0,0,0,0,0,15,56,69,0,0,0,0,0,0,0,0,0,0,0,3,0,0,0,0,0,0,133,0,0,0,0,0,0,4,0,0,0,0,3.61,0.0,0.0,0.0,0.0,0.0,0.0,0.0,0.0,0.0,0.0,0.0,0.0,0.0,0.0,0.0,26.7,0.0,0.0,1.88,9.96,17.46,0.0,0.0,0.0,0.0,0.0,2.16,8.08,9.96,0.0,0.0,0.0,0.0,0.0,0.0,0.0,0.0,0.0,0.0,0.0,0.43,0.0,0.0,0.0,0.0,0.0,0.0,19.19,0.0,0.0,0.0,0.0,0.0,0.0,0.58,0.0,0.0,0.0,0.0,59.74,40.26,414,279,693,2,1,1,1.0,Bin_6,,1.0,1.0,1.0,1.0,Bin_2,Bin_2,2.0,"1, 2",Bin_1,Bin_1_Bin_2_Bin_3_Bin_4,Bin_1,Bin_1_Bin_2,Bin_1,Bin_1_Bin_2_Bin_3_Bin_4,Bin_1,Bin_1_Bin_2_Bin_3_Bin_4_Bin_5
14,850914,14850914,0,14,-1,4,62,0,1,12,41,387,6069,4,7,10,18,5,10,13,23,6541,9134,14052,28239,14188.0,28239,0,0,0,84,4003,0,5661,2596,0,389,372,0,4863,4190,5972,0,0,21,0,0,0,0,0,0,0,0,0,0,8,0,0,0,0,0,0,0,0,0,0,0,0,0,0,0,0,0,0,0,0,0,0,0,0,0,0,0,79,0,0,0,0,0.0,0.0,0.3,14.18,0.0,20.05,9.19,0.0,1.38,1.32,0.0,17.22,14.84,21.15,0.0,0.0,0.07,0.0,0.0,0.0,0.0,0.0,0.0,0.0,0.0,0.0,0.0,0.03,0.0,0.0,0.0,0.0,0.0,0.0,0.0,0.0,0.0,0.0,0.0,0.0,0.0,0.0,0.0,0.0,0.0,0.0,0.0,0.0,0.0,0.0,0.0,0.0,0.0,0.0,0.0,0.28,0.0,0.0,0.0,0.0,99.69,0.31,28152,87,28239,2,1,1,1.0,Bin_6,,1.0,1.0,1.0,1.0,Bin_5,Bin_5_Bin_6_Bin_7_Bin_8,2.0,"1, 2",Bin_3,Bin_1_Bin_2_Bin_3_Bin_4,Bin_2,Bin_1_Bin_2,Bin_2,Bin_1_Bin_2_Bin_3_Bin_4,Bin_2,Bin_1_Bin_2_Bin_3_Bin_4_Bin_5
20,707016,20707016,0,20,-1,10,11,1,7,70,83,840,347,2,5,5,5,2,5,5,5,630,1599,1599,1599,,1599,0,0,0,50,275,77,169,0,0,73,139,0,190,626,0,0,0,0,0,0,0,0,0,0,0,0,0,0,0,0,0,0,0,0,0,0,0,0,0,0,0,0,0,0,0,0,0,0,0,0,0,0,0,0,0,0,0,0,0,0,0,0.0,0.0,3.13,17.2,4.82,10.57,0.0,0.0,4.57,8.69,0.0,11.88,39.15,0.0,0.0,0.0,0.0,0.0,0.0,0.0,0.0,0.0,0.0,0.0,0.0,0.0,0.0,0.0,0.0,0.0,0.0,0.0,0.0,0.0,0.0,0.0,0.0,0.0,0.0,0.0,0.0,0.0,0.0,0.0,0.0,0.0,0.0,0.0,0.0,0.0,0.0,0.0,0.0,0.0,0.0,0.0,0.0,0.0,0.0,0.0,100.0,0.0,1599,0,1599,1,1,1,1.0,Bin_9,,1.0,1.0,1.0,1.0,Bin_2,Bin_2,1.0,"1, 2",Bin_1,Bin_1_Bin_2_Bin_3_Bin_4,Bin_1,Bin_1_Bin_2,Bin_1,Bin_1_Bin_2_Bin_3_Bin_4,Bin_1,Bin_1_Bin_2_Bin_3_Bin_4_Bin_5
14,707548,14707548,0,14,-1,2,35,0,1,13,42,467,369,1,3,5,14,1,3,6,19,235,680,1239,3510,2271.0,3510,0,0,0,5,41,0,0,0,3418,0,0,0,0,45,0,0,0,0,0,0,0,0,0,0,0,0,0,0,0,0,0,0,0,0,0,0,0,0,0,0,0,0,0,0,0,0,0,0,0,0,0,0,0,0,0,0,0,0,0,0,0,0.0,0.0,0.14,1.17,0.0,0.0,0.0,97.38,0.0,0.0,0.0,0.0,1.28,0.0,0.0,0.0,0.0,0.0,0.0,0.0,0.0,0.0,0.0,0.0,0.0,0.0,0.0,0.0,0.0,0.0,0.0,0.0,0.0,0.0,0.0,0.0,0.0,0.0,0.0,0.0,0.0,0.0,0.0,0.0,0.0,0.0,0.0,0.0,0.0,0.0,0.0,0.0,0.0,0.0,0.0,0.0,0.0,0.0,0.0,0.0,100.0,0.0,3510,0,3510,2,1,1,1.0,Bin_6,,1.0,1.0,1.0,1.0,Bin_2,Bin_2,2.0,"1, 2",Bin_1,Bin_1_Bin_2_Bin_3_Bin_4,Bin_1,Bin_1_Bin_2,Bin_1,Bin_1_Bin_2_Bin_3_Bin_4,Bin_2,Bin_1_Bin_2_Bin_3_Bin_4_Bin_5
10,775683,10775683,0,10,-1,9,10,1,1,12,41,387,344,1,1,3,4,2,2,4,5,843,843,1480,1765,285.0,0,1765,0,0,0,443,12,211,227,0,159,584,0,90,41,0,0,0,0,0,0,0,0,0,0,0,0,0,0,0,0,0,0,0,0,0,0,0,0,0,0,0,0,0,0,0,0,0,0,0,0,0,0,0,0,0,0,0,0,0,0,0,0.0,0.0,0.0,25.1,0.68,11.95,12.86,0.0,9.01,33.09,0.0,5.1,2.32,0.0,0.0,0.0,0.0,0.0,0.0,0.0,0.0,0.0,0.0,0.0,0.0,0.0,0.0,0.0,0.0,0.0,0.0,0.0,0.0,0.0,0.0,0.0,0.0,0.0,0.0,0.0,0.0,0.0,0.0,0.0,0.0,0.0,0.0,0.0,0.0,0.0,0.0,0.0,0.0,0.0,0.0,0.0,0.0,0.0,0.0,0.0,100.0,0.0,1765,0,1765,3,2,1,1.0,Bin_3,,1.0,1.0,1.0,1.0,Bin_2,Bin_2,3.0,3,Bin_1,Bin_1_Bin_2_Bin_3_Bin_4,Bin_1,Bin_1_Bin_2,Bin_1,Bin_1_Bin_2_Bin_3_Bin_4,Bin_1,Bin_1_Bin_2_Bin_3_Bin_4_Bin_5
15,852262,15852262,0,15,-1,3,51,1,3,31,61,160,-1474,8,31,94,104,8,36,120,132,365,2467,26420,28815,2395.0,28815,0,39,0,0,431,0,0,0,0,0,0,0,0,691,3057,6611,2841,563,1968,0,54,0,80,416,11175,96,0,0,0,0,0,0,0,758,0,0,0,0,0,0,0,0,0,0,0,0,0,0,0,33,0,0,0,0,0,0,0,0,0,0,0,0.14,0.0,0.0,1.5,0.0,0.0,0.0,0.0,0.0,0.0,0.0,0.0,2.4,10.61,22.94,9.86,1.95,6.83,0.0,0.19,0.0,0.28,1.44,38.78,0.33,0.0,0.0,0.0,0.0,0.0,0.0,0.0,2.63,0.0,0.0,0.0,0.0,0.0,0.0,0.0,0.0,0.0,0.0,0.0,0.0,0.0,0.0,0.0,0.11,0.0,0.0,0.0,0.0,0.0,0.0,0.0,0.0,0.0,0.0,0.0,96.92,3.08,27928,887,28815,2,1,1,1.0,Bin_8,,1.0,1.0,1.0,1.0,Bin_1,Bin_1,2.0,"1, 2",Bin_5,Bin_5,Bin_7,Bin_7,Bin_9,Bin_9,Bin_7,Bin_7
25,857826,25857826,0,25,-1,2,34,0,1,12,41,387,10808,1,10,21,41,1,11,23,48,-3288,8886,27567,81976,54409.0,81976,0,0,0,0,37329,0,6828,0,0,0,600,0,121,23709,11422,0,0,0,0,0,0,1969,0,0,0,0,0,0,0,0,0,0,0,0,0,0,0,0,0,0,0,0,0,0,0,0,0,0,0,0,0,0,0,0,0,0,0,0,0,0,0,0.0,0.0,0.0,45.54,0.0,8.33,0.0,0.0,0.0,0.73,0.0,0.15,28.92,13.93,0.0,0.0,0.0,0.0,0.0,0.0,2.4,0.0,0.0,0.0,0.0,0.0,0.0,0.0,0.0,0.0,0.0,0.0,0.0,0.0,0.0,0.0,0.0,0.0,0.0,0.0,0.0,0.0,0.0,0.0,0.0,0.0,0.0,0.0,0.0,0.0,0.0,0.0,0.0,0.0,0.0,0.0,0.0,0.0,0.0,0.0,100.0,0.0,81976,0,81976,4,2,1,1.0,Bin_10,,1.0,1.0,1.0,1.0,Bin_6,Bin_5_Bin_6_Bin_7_Bin_8,4.0,4,Bin_1,Bin_1_Bin_2_Bin_3_Bin_4,Bin_3,Bin_3,Bin_3,Bin_1_Bin_2_Bin_3_Bin_4,Bin_3,Bin_1_Bin_2_Bin_3_Bin_4_Bin_5
15,735609,15735609,0,15,-1,5,0,1,7,72,85,808,121,2,4,5,5,2,4,6,6,750,1217,1332,1332,,1332,0,0,0,0,7,0,0,0,0,0,52,0,0,0,1232,0,0,0,0,0,14,0,22,0,0,0,0,0,5,0,0,0,0,0,0,0,0,0,0,0,0,0,0,0,0,0,0,0,0,0,0,0,0,0,0,0,0,0,0,0,0,0.0,0.0,0.0,0.53,0.0,0.0,0.0,0.0,0.0,3.9,0.0,0.0,0.0,92.49,0.0,0.0,0.0,0.0,0.0,1.05,0.0,1.65,0.0,0.0,0.0,0.0,0.0,0.38,0.0,0.0,0.0,0.0,0.0,0.0,0.0,0.0,0.0,0.0,0.0,0.0,0.0,0.0,0.0,0.0,0.0,0.0,0.0,0.0,0.0,0.0,0.0,0.0,0.0,0.0,0.0,0.0,0.0,0.0,0.0,0.0,99.62,0.38,1327,5,1332,2,1,1,1.0,Bin_7,,1.0,1.0,1.0,1.0,Bin_1,Bin_1,2.0,"1, 2",Bin_1,Bin_1_Bin_2_Bin_3_Bin_4,Bin_1,Bin_1_Bin_2,Bin_1,Bin_1_Bin_2_Bin_3_Bin_4,Bin_1,Bin_1_Bin_2_Bin_3_Bin_4_Bin_5
10,759769,10759769,0,10,-1,5,16,1,3,30,60,100,3405,1,3,5,11,1,3,5,12,600,4124,7701,16669,8968.0,0,16669,0,0,0,0,0,0,0,0,0,0,0,0,0,0,0,0,0,0,0,4013,5757,4657,0,0,0,0,0,0,0,0,0,0,0,0,0,0,0,0,0,0,0,2242,0,0,0,0,0,0,0,0,0,0,0,0,0,0,0,0,0,0,0.0,0.0,0.0,0.0,0.0,0.0,0.0,0.0,0.0,0.0,0.0,0.0,0.0,0.0,0.0,0.0,0.0,0.0,0.0,24.07,34.54,27.94,0.0,0.0,0.0,0.0,0.0,0.0,0.0,0.0,0.0,0.0,0.0,0.0,0.0,0.0,0.0,0.0,0.0,0.0,0.0,13.45,0.0,0.0,0.0,0.0,0.0,0.0,0.0,0.0,0.0,0.0,0.0,0.0,0.0,0.0,0.0,0.0,0.0,0.0,86.55,13.45,14427,2242,16669,3,2,1,1.0,Bin_3,,1.0,1.0,1.0,1.0,Bin_4,Bin_4,3.0,3,Bin_1,Bin_1_Bin_2_Bin_3_Bin_4,Bin_1,Bin_1_Bin_2,Bin_1,Bin_1_Bin_2_Bin_3_Bin_4,Bin_1,Bin_1_Bin_2_Bin_3_Bin_4_Bin_5
14,853007,14853007,0,14,-1,3,49,0,3,30,60,253,116,2,6,13,21,2,7,15,25,1162,4103,8966,13989,5023.0,13989,0,50,0,0,865,0,0,0,0,0,0,0,140,485,1153,0,79,0,542,0,90,81,135,0,10369,0,0,0,0,0,0,0,0,0,0,0,0,0,0,0,0,0,0,0,0,0,0,0,0,0,0,0,0,0,0,0,0,0,0,0,0,0.36,0.0,0.0,6.18,0.0,0.0,0.0,0.0,0.0,0.0,0.0,1.0,3.47,8.24,0.0,0.56,0.0,3.87,0.0,0.64,0.58,0.97,0.0,74.12,0.0,0.0,0.0,0.0,0.0,0.0,0.0,0.0,0.0,0.0,0.0,0.0,0.0,0.0,0.0,0.0,0.0,0.0,0.0,0.0,0.0,0.0,0.0,0.0,0.0,0.0,0.0,0.0,0.0,0.0,0.0,0.0,0.0,0.0,0.0,0.0,100.0,0.0,13989,0,13989,2,1,1,1.0,Bin_6,,1.0,1.0,1.0,1.0,Bin_1,Bin_1,2.0,"1, 2",Bin_1,Bin_1_Bin_2_Bin_3_Bin_4,Bin_2,Bin_1_Bin_2,Bin_2,Bin_1_Bin_2_Bin_3_Bin_4,Bin_2,Bin_1_Bin_2_Bin_3_Bin_4_Bin_5
14,732932,14732932,0,14,-1,5,23,1,1,15,48,383,42655,15,63,125,132,59,308,605,621,15298,99082,196269,206922,11223.0,206922,0,-25,0,3632,18711,1439,14348,26395,53680,5171,11355,0,5734,35524,2184,0,30,735,0,0,3154,4959,718,6110,275,0,150,0,1553,3302,0,5085,0,0,0,17,0,0,0,0,0,0,263,0,0,0,617,86,0,1690,0,30,0,0,0,0,0,0,0,0,0,-0.01,0.0,1.76,9.04,0.7,6.93,12.76,25.94,2.5,5.49,0.0,2.77,17.17,1.06,0.0,0.01,0.36,0.0,0.0,1.52,2.4,0.35,2.95,0.13,0.0,0.07,0.0,0.75,1.6,0.0,2.46,0.0,0.0,0.0,0.01,0.0,0.0,0.0,0.0,0.0,0.0,0.13,0.0,0.0,0.0,0.3,0.04,0.0,0.82,0.0,0.01,0.0,0.0,0.0,0.0,0.0,0.0,0.0,0.0,0.0,93.82,6.18,194127,12794,206922,2,1,1,1.0,Bin_6,,1.0,1.0,1.0,1.0,Bin_9,Bin_9_Bin_10,2.0,"1, 2",Bin_8,Bin_8,Bin_10,Bin_10,Bin_10,Bin_10,Bin_8,Bin_8
10,762775,10762775,0,10,-1,2,15,1,1,17,74,371,2802,1,11,22,43,1,12,24,52,54,3440,7312,15224,8269.0,54,15169,0,0,230,4608,48,1484,983,2014,500,73,0,270,4552,257,0,0,0,0,0,37,0,0,8,0,0,0,0,0,0,0,0,0,0,0,0,0,0,0,0,0,0,0,0,0,0,0,0,0,160,0,0,0,0,0,0,0,0,0,0,0,0.0,0.0,1.51,30.27,0.32,9.75,6.46,13.23,3.28,0.48,0.0,1.77,29.9,1.69,0.0,0.0,0.0,0.0,0.0,0.24,0.0,0.0,0.05,0.0,0.0,0.0,0.0,0.0,0.0,0.0,0.0,0.0,0.0,0.0,0.0,0.0,0.0,0.0,0.0,0.0,0.0,0.0,0.0,0.0,0.0,0.0,0.0,0.0,1.05,0.0,0.0,0.0,0.0,0.0,0.0,0.0,0.0,0.0,0.0,0.0,98.94,1.05,15063,160,15224,3,2,1,1.0,Bin_3,,1.0,1.0,1.0,1.0,Bin_3,Bin_3,3.0,3,Bin_1,Bin_1_Bin_2_Bin_3_Bin_4,Bin_3,Bin_3,Bin_3,Bin_1_Bin_2_Bin_3_Bin_4,Bin_3,Bin_1_Bin_2_Bin_3_Bin_4_Bin_5
14,755914,14755914,0,14,-1,3,0,1,1,10,25,407,1775,11,15,15,15,14,20,20,20,5148,7921,7921,7921,,7921,0,0,0,122,1517,186,647,1663,644,0,180,0,373,1560,33,0,0,26,0,0,258,0,0,0,0,0,0,0,0,0,0,712,0,0,0,0,0,0,0,0,0,0,0,0,0,0,0,0,0,0,0,0,0,0,0,0,0,0,0,0,0,0.0,0.0,1.54,19.15,2.35,8.17,20.99,8.13,0.0,2.27,0.0,4.71,19.69,0.42,0.0,0.0,0.33,0.0,0.0,3.26,0.0,0.0,0.0,0.0,0.0,0.0,0.0,0.0,0.0,0.0,8.99,0.0,0.0,0.0,0.0,0.0,0.0,0.0,0.0,0.0,0.0,0.0,0.0,0.0,0.0,0.0,0.0,0.0,0.0,0.0,0.0,0.0,0.0,0.0,0.0,0.0,0.0,0.0,0.0,0.0,91.01,8.99,7209,712,7921,2,1,1,1.0,Bin_6,,1.0,1.0,1.0,1.0,Bin_3,Bin_3,2.0,"1, 2",Bin_7,Bin_7,Bin_4,Bin_4_Bin_5,Bin_2,Bin_1_Bin_2_Bin_3_Bin_4,Bin_2,Bin_1_Bin_2_Bin_3_Bin_4_Bin_5
10,746159,10746159,0,10,-1,9,22,1,1,12,41,387,1711,3,3,3,5,3,3,3,5,1010,1010,1010,5504,4493.0,0,5504,0,0,0,0,0,0,0,0,0,0,0,2535,0,1733,0,0,0,0,0,0,0,0,107,1129,0,0,0,0,0,0,0,0,0,0,0,0,0,0,0,0,0,0,0,0,0,0,0,0,0,0,0,0,0,0,0,0,0,0,0,0,0.0,0.0,0.0,0.0,0.0,0.0,0.0,0.0,0.0,0.0,0.0,46.06,0.0,31.49,0.0,0.0,0.0,0.0,0.0,0.0,0.0,0.0,1.94,20.51,0.0,0.0,0.0,0.0,0.0,0.0,0.0,0.0,0.0,0.0,0.0,0.0,0.0,0.0,0.0,0.0,0.0,0.0,0.0,0.0,0.0,0.0,0.0,0.0,0.0,0.0,0.0,0.0,0.0,0.0,0.0,0.0,0.0,0.0,0.0,0.0,100.0,0.0,5504,0,5504,3,2,1,1.0,Bin_3,,1.0,1.0,1.0,1.0,Bin_3,Bin_3,3.0,3,Bin_2,Bin_1_Bin_2_Bin_3_Bin_4,Bin_1,Bin_1_Bin_2,Bin_1,Bin_1_Bin_2_Bin_3_Bin_4,Bin_1,Bin_1_Bin_2_Bin_3_Bin_4_Bin_5
10,746412,10746412,0,10,-1,9,22,1,1,12,41,387,5686,2,2,2,2,2,2,2,2,11283,11283,11283,11283,,0,11283,0,0,0,0,0,0,0,0,0,0,0,7086,0,3369,0,0,0,0,0,0,0,0,21,807,0,0,0,0,0,0,0,0,0,0,0,0,0,0,0,0,0,0,0,0,0,0,0,0,0,0,0,0,0,0,0,0,0,0,0,0,0.0,0.0,0.0,0.0,0.0,0.0,0.0,0.0,0.0,0.0,0.0,62.8,0.0,29.86,0.0,0.0,0.0,0.0,0.0,0.0,0.0,0.0,0.19,7.15,0.0,0.0,0.0,0.0,0.0,0.0,0.0,0.0,0.0,0.0,0.0,0.0,0.0,0.0,0.0,0.0,0.0,0.0,0.0,0.0,0.0,0.0,0.0,0.0,0.0,0.0,0.0,0.0,0.0,0.0,0.0,0.0,0.0,0.0,0.0,0.0,100.0,0.0,11283,0,11283,3,2,1,1.0,Bin_3,,1.0,1.0,1.0,1.0,Bin_5,Bin_5_Bin_6_Bin_7_Bin_8,3.0,3,Bin_1,Bin_1_Bin_2_Bin_3_Bin_4,Bin_1,Bin_1_Bin_2,Bin_1,Bin_1_Bin_2_Bin_3_Bin_4,Bin_1,Bin_1_Bin_2_Bin_3_Bin_4_Bin_5
10,746518,10746518,0,10,-1,9,22,1,1,12,41,387,7823,1,14,21,24,8,36,45,50,-32,18838,24210,27576,3366.0,0,27576,0,0,1090,4040,0,22,9559,0,2297,4527,0,1573,1460,1228,0,0,0,0,0,0,0,0,300,1480,0,0,0,0,0,0,0,0,0,0,0,0,0,0,0,0,0,0,0,0,0,0,0,0,0,0,0,0,0,0,0,0,0,0,0,0,0.0,0.0,3.95,14.65,0.0,0.08,34.66,0.0,8.33,16.42,0.0,5.7,5.29,4.45,0.0,0.0,0.0,0.0,0.0,0.0,0.0,0.0,1.09,5.37,0.0,0.0,0.0,0.0,0.0,0.0,0.0,0.0,0.0,0.0,0.0,0.0,0.0,0.0,0.0,0.0,0.0,0.0,0.0,0.0,0.0,0.0,0.0,0.0,0.0,0.0,0.0,0.0,0.0,0.0,0.0,0.0,0.0,0.0,0.0,0.0,100.0,0.0,27576,0,27576,3,2,1,1.0,Bin_3,,1.0,1.0,1.0,1.0,Bin_5,Bin_5_Bin_6_Bin_7_Bin_8,3.0,3,Bin_1,Bin_1_Bin_2_Bin_3_Bin_4,Bin_4,Bin_4_Bin_5,Bin_3,Bin_1_Bin_2_Bin_3_Bin_4,Bin_2,Bin_1_Bin_2_Bin_3_Bin_4_Bin_5
12,735581,12735581,0,12,-1,9,22,1,1,12,41,387,5339,4,6,11,12,5,7,12,13,5910,6992,14161,16603,2442.0,16603,0,0,0,0,0,0,0,0,0,0,0,0,7722,127,4013,0,0,0,0,0,0,0,0,375,4366,0,0,0,0,0,0,0,0,0,0,0,0,0,0,0,0,0,0,0,0,0,0,0,0,0,0,0,0,0,0,0,0,0,0,0,0,0.0,0.0,0.0,0.0,0.0,0.0,0.0,0.0,0.0,0.0,0.0,46.51,0.76,24.17,0.0,0.0,0.0,0.0,0.0,0.0,0.0,0.0,2.26,26.3,0.0,0.0,0.0,0.0,0.0,0.0,0.0,0.0,0.0,0.0,0.0,0.0,0.0,0.0,0.0,0.0,0.0,0.0,0.0,0.0,0.0,0.0,0.0,0.0,0.0,0.0,0.0,0.0,0.0,0.0,0.0,0.0,0.0,0.0,0.0,0.0,100.0,0.0,16603,0,16603,3,2,1,1.0,Bin_4,,1.0,1.0,1.0,1.0,Bin_4,Bin_4,3.0,3,Bin_3,Bin_1_Bin_2_Bin_3_Bin_4,Bin_2,Bin_1_Bin_2,Bin_2,Bin_1_Bin_2_Bin_3_Bin_4,Bin_1,Bin_1_Bin_2_Bin_3_Bin_4_Bin_5
22,732016,22732016,0,22,-1,9,22,1,1,12,41,387,6137,2,5,7,9,2,5,7,12,7580,11745,13822,19036,5214.0,19036,0,0,0,1691,966,0,386,3464,0,1580,1229,0,3177,766,3631,0,0,0,0,0,0,0,0,203,1943,0,0,0,0,0,0,0,0,0,0,0,0,0,0,0,0,0,0,0,0,0,0,0,0,0,0,0,0,0,0,0,0,0,0,0,0,0.0,0.0,8.88,5.07,0.0,2.03,18.2,0.0,8.3,6.46,0.0,16.69,4.02,19.07,0.0,0.0,0.0,0.0,0.0,0.0,0.0,0.0,1.07,10.21,0.0,0.0,0.0,0.0,0.0,0.0,0.0,0.0,0.0,0.0,0.0,0.0,0.0,0.0,0.0,0.0,0.0,0.0,0.0,0.0,0.0,0.0,0.0,0.0,0.0,0.0,0.0,0.0,0.0,0.0,0.0,0.0,0.0,0.0,0.0,0.0,100.0,0.0,19036,0,19036,1,1,1,1.0,Bin_9,,1.0,1.0,1.0,1.0,Bin_5,Bin_5_Bin_6_Bin_7_Bin_8,1.0,"1, 2",Bin_1,Bin_1_Bin_2_Bin_3_Bin_4,Bin_1,Bin_1_Bin_2,Bin_1,Bin_1_Bin_2_Bin_3_Bin_4,Bin_1,Bin_1_Bin_2_Bin_3_Bin_4_Bin_5
14,853271,14853271,0,14,-1,3,47,0,1,15,48,382,55297,3,19,92,132,5,35,174,232,15493,51068,310990,412843,107210.0,412360,483,0,0,3049,93658,1310,54465,133824,26063,18388,9608,0,12646,35114,5698,0,384,45,0,0,1,0,0,0,0,229,34,0,103,326,470,1364,0,0,0,0,0,0,0,64,0,158,175,171,0,0,0,0,105,0,0,14958,0,0,363,0,0,71,0,0,0,0.0,0.0,0.74,22.69,0.32,13.19,32.42,6.31,4.45,2.33,0.0,3.06,8.51,1.38,0.0,0.09,0.01,0.0,0.0,0.0,0.0,0.0,0.0,0.0,0.06,0.01,0.0,0.02,0.08,0.11,0.33,0.0,0.0,0.0,0.0,0.0,0.0,0.0,0.02,0.0,0.04,0.04,0.04,0.0,0.0,0.0,0.0,0.03,0.0,0.0,3.62,0.0,0.0,0.09,0.0,0.0,0.02,0.0,0.0,0.0,95.5,4.5,394252,18591,412843,2,1,1,1.0,Bin_6,,1.0,1.0,1.0,1.0,Bin_10,Bin_9_Bin_10,2.0,"1, 2",Bin_2,Bin_1_Bin_2_Bin_3_Bin_4,Bin_5,Bin_4_Bin_5,Bin_9,Bin_9,Bin_8,Bin_8
14,852203,14852203,0,14,-1,5,55,0,1,16,49,391,11985,12,38,49,49,12,45,59,59,19874,93438,117803,117803,,117803,0,0,0,535,220,86,398,104203,6538,30,23,0,0,868,717,0,0,0,66,0,0,0,0,0,0,38,0,0,0,0,0,265,0,0,0,0,0,0,0,0,857,0,0,0,0,0,0,0,0,0,0,0,0,0,2005,0,955,0,0,0,0,0.0,0.0,0.45,0.19,0.07,0.34,88.46,5.55,0.03,0.02,0.0,0.0,0.74,0.61,0.0,0.0,0.0,0.06,0.0,0.0,0.0,0.0,0.0,0.0,0.03,0.0,0.0,0.0,0.0,0.0,0.22,0.0,0.0,0.0,0.0,0.0,0.0,0.0,0.0,0.73,0.0,0.0,0.0,0.0,0.0,0.0,0.0,0.0,0.0,0.0,0.0,0.0,0.0,1.7,0.0,0.81,0.0,0.0,0.0,0.0,96.5,3.5,113684,4119,117803,2,1,1,1.0,Bin_6,,1.0,1.0,1.0,1.0,Bin_7,Bin_5_Bin_6_Bin_7_Bin_8,2.0,"1, 2",Bin_8,Bin_8,Bin_8,Bin_8,Bin_6,Bin_5_Bin_6,Bin_4,Bin_1_Bin_2_Bin_3_Bin_4_Bin_5
14,853458,14853458,0,14,-1,5,46,0,1,14,43,479,18838,3,6,48,69,4,9,63,93,4619,9757,111198,151172,39974.0,151172,0,0,0,682,2863,225,15818,77203,34291,557,628,0,3022,15824,50,0,0,0,0,0,0,0,0,0,0,0,0,0,0,0,0,0,0,0,0,11,0,0,0,0,0,0,0,0,0,0,0,0,0,0,0,0,0,0,0,0,0,0,0,0,0,0.0,0.0,0.45,1.89,0.15,10.46,51.07,22.68,0.37,0.42,0.0,2.0,10.47,0.03,0.0,0.0,0.0,0.0,0.0,0.0,0.0,0.0,0.0,0.0,0.0,0.0,0.0,0.0,0.0,0.0,0.0,0.0,0.0,0.0,0.01,0.0,0.0,0.0,0.0,0.0,0.0,0.0,0.0,0.0,0.0,0.0,0.0,0.0,0.0,0.0,0.0,0.0,0.0,0.0,0.0,0.0,0.0,0.0,0.0,0.0,99.99,0.01,151162,11,151172,2,1,1,1.0,Bin_6,,1.0,1.0,1.0,1.0,Bin_8,Bin_5_Bin_6_Bin_7_Bin_8,2.0,"1, 2",Bin_2,Bin_1_Bin_2_Bin_3_Bin_4,Bin_2,Bin_1_Bin_2,Bin_6,Bin_5_Bin_6,Bin_5,Bin_1_Bin_2_Bin_3_Bin_4_Bin_5
10,53318,10053318,0,10,-1,2,54,0,1,10,20,418,38,1,2,6,6,1,2,6,6,406,664,1466,1466,,0,1466,0,0,0,180,0,0,698,0,0,0,0,0,589,0,0,0,0,0,0,0,0,0,0,0,0,0,0,0,0,0,0,0,0,0,0,0,0,0,0,0,0,0,0,0,0,0,0,0,0,0,0,0,0,0,0,0,0,0,0,0,0.0,0.0,0.0,12.28,0.0,0.0,47.61,0.0,0.0,0.0,0.0,0.0,40.18,0.0,0.0,0.0,0.0,0.0,0.0,0.0,0.0,0.0,0.0,0.0,0.0,0.0,0.0,0.0,0.0,0.0,0.0,0.0,0.0,0.0,0.0,0.0,0.0,0.0,0.0,0.0,0.0,0.0,0.0,0.0,0.0,0.0,0.0,0.0,0.0,0.0,0.0,0.0,0.0,0.0,0.0,0.0,0.0,0.0,0.0,0.0,100.0,0.0,1466,0,1466,3,2,1,1.0,Bin_1,1.0,1.0,1.0,1.0,1.0,Bin_1,Bin_1,3.0,3,Bin_1,Bin_1_Bin_2_Bin_3_Bin_4,Bin_1,Bin_1_Bin_2,Bin_1,Bin_1_Bin_2_Bin_3_Bin_4,Bin_1,Bin_1_Bin_2_Bin_3_Bin_4_Bin_5
15,109946,15109946,0,15,-1,2,113,1,1,14,43,476,1581,6,14,14,14,6,18,18,18,3398,9395,9395,9395,,9395,0,0,0,37,3413,102,0,55,645,1857,0,0,452,2764,0,0,0,23,0,0,0,0,0,0,0,0,0,0,0,0,47,0,0,0,0,0,0,0,0,0,0,0,0,0,0,0,0,0,0,0,0,0,0,0,0,0,0,0,0,0,0,0.0,0.0,0.39,36.33,1.09,0.0,0.59,6.87,19.77,0.0,0.0,4.81,29.42,0.0,0.0,0.0,0.24,0.0,0.0,0.0,0.0,0.0,0.0,0.0,0.0,0.0,0.0,0.0,0.0,0.5,0.0,0.0,0.0,0.0,0.0,0.0,0.0,0.0,0.0,0.0,0.0,0.0,0.0,0.0,0.0,0.0,0.0,0.0,0.0,0.0,0.0,0.0,0.0,0.0,0.0,0.0,0.0,0.0,0.0,0.0,99.51,0.5,9349,47,9395,2,1,1,1.0,Bin_7,,1.0,1.0,1.0,1.0,Bin_3,Bin_3,2.0,"1, 2",Bin_4,Bin_1_Bin_2_Bin_3_Bin_4,Bin_4,Bin_4_Bin_5,Bin_2,Bin_1_Bin_2_Bin_3_Bin_4,Bin_2,Bin_1_Bin_2_Bin_3_Bin_4_Bin_5
21,52328,21052328,0,21,-1,4,89,1,1,12,41,387,973,2,4,8,11,2,6,10,14,462,988,1876,2856,980.0,2856,0,0,0,0,0,0,0,0,0,0,0,0,0,67,0,0,293,0,0,0,971,425,624,4,0,0,0,0,0,0,0,0,0,0,0,0,0,0,0,0,0,0,161,0,0,65,0,2,105,141,0,0,0,0,0,0,0,0,0,0,0,0.0,0.0,0.0,0.0,0.0,0.0,0.0,0.0,0.0,0.0,0.0,0.0,2.35,0.0,0.0,10.26,0.0,0.0,0.0,34.0,14.88,21.85,0.14,0.0,0.0,0.0,0.0,0.0,0.0,0.0,0.0,0.0,0.0,0.0,0.0,0.0,0.0,0.0,0.0,0.0,0.0,5.64,0.0,0.0,2.28,0.0,0.07,3.68,4.94,0.0,0.0,0.0,0.0,0.0,0.0,0.0,0.0,0.0,0.0,0.0,83.44,16.56,2383,473,2856,1,1,1,1.0,Bin_9,,1.0,1.0,1.0,1.0,Bin_2,Bin_2,1.0,"1, 2",Bin_1,Bin_1_Bin_2_Bin_3_Bin_4,Bin_1,Bin_1_Bin_2,Bin_1,Bin_1_Bin_2_Bin_3_Bin_4,Bin_1,Bin_1_Bin_2_Bin_3_Bin_4_Bin_5
25,47476,25047476,0,25,-1,9,120,1,1,12,41,387,38,2,4,5,5,2,4,5,5,46,91,115,115,,115,0,0,0,0,0,0,0,0,0,0,0,0,0,0,0,0,0,0,0,0,0,0,0,0,115,0,0,0,0,0,0,0,0,0,0,0,0,0,0,0,0,0,0,0,0,0,0,0,0,0,0,0,0,0,0,0,0,0,0,0,0,0.0,0.0,0.0,0.0,0.0,0.0,0.0,0.0,0.0,0.0,0.0,0.0,0.0,0.0,0.0,0.0,0.0,0.0,0.0,0.0,0.0,0.0,0.0,100.0,0.0,0.0,0.0,0.0,0.0,0.0,0.0,0.0,0.0,0.0,0.0,0.0,0.0,0.0,0.0,0.0,0.0,0.0,0.0,0.0,0.0,0.0,0.0,0.0,0.0,0.0,0.0,0.0,0.0,0.0,0.0,0.0,0.0,0.0,0.0,0.0,100.0,0.0,115,0,115,4,2,1,1.0,Bin_10,,1.0,1.0,1.0,1.0,Bin_1,Bin_1,4.0,4,Bin_1,Bin_1_Bin_2_Bin_3_Bin_4,Bin_1,Bin_1_Bin_2,Bin_1,Bin_1_Bin_2_Bin_3_Bin_4,Bin_1,Bin_1_Bin_2_Bin_3_Bin_4_Bin_5
10,73318,10073318,0,10,-1,10,46,0,1,12,41,387,155516,1,15,34,86,25,78,137,299,60962,191723,354186,796104,441917.0,0,796104,50,0,502,239153,0,35086,36367,10536,1346,214248,0,7131,135742,5984,0,0,0,0,0,30404,52555,14105,6818,1987,0,0,0,73,1053,0,1346,0,0,0,0,0,0,0,0,0,0,1421,0,0,199,0,0,0,0,0,0,0,0,0,0,0,0,0,0,0,0.01,0.0,0.06,30.04,0.0,4.41,4.57,1.32,0.17,26.91,0.0,0.9,17.05,0.75,0.0,0.0,0.0,0.0,0.0,3.82,6.6,1.77,0.86,0.25,0.0,0.0,0.0,0.01,0.13,0.0,0.17,0.0,0.0,0.0,0.0,0.0,0.0,0.0,0.0,0.0,0.0,0.18,0.0,0.0,0.02,0.0,0.0,0.0,0.0,0.0,0.0,0.0,0.0,0.0,0.0,0.0,0.0,0.0,0.0,0.0,99.49,0.51,792013,4091,796104,3,2,1,1.0,Bin_1,1.0,1.0,1.0,1.0,1.0,Bin_10,Bin_9_Bin_10,3.0,3,Bin_1,Bin_1_Bin_2_Bin_3_Bin_4,Bin_4,Bin_4_Bin_5,Bin_5,Bin_5_Bin_6,Bin_6,Bin_6
10,73412,10073412,0,10,-1,3,46,0,1,10,24,447,19844,5,22,38,83,9,36,58,130,22921,55347,97332,188637,91305.0,0,188637,0,0,0,8790,20863,9711,1026,45520,1754,11,0,1746,97739,0,0,0,16,0,0,11,579,82,0,7,0,0,0,115,0,668,0,0,0,0,0,0,0,0,0,0,0,0,0,0,0,0,0,0,0,0,0,0,0,0,0,0,0,0,0,0,0.0,0.0,0.0,4.66,11.06,5.15,0.54,24.13,0.93,0.01,0.0,0.93,51.81,0.0,0.0,0.0,0.01,0.0,0.0,0.01,0.31,0.04,0.0,0.0,0.0,0.0,0.0,0.06,0.0,0.35,0.0,0.0,0.0,0.0,0.0,0.0,0.0,0.0,0.0,0.0,0.0,0.0,0.0,0.0,0.0,0.0,0.0,0.0,0.0,0.0,0.0,0.0,0.0,0.0,0.0,0.0,0.0,0.0,0.0,0.0,99.58,0.42,187854,783,188637,3,2,1,1.0,Bin_1,1.0,1.0,1.0,1.0,1.0,Bin_8,Bin_5_Bin_6_Bin_7_Bin_8,3.0,3,Bin_3,Bin_1_Bin_2_Bin_3_Bin_4,Bin_6,Bin_6,Bin_5,Bin_5_Bin_6,Bin_6,Bin_6
10,47127,10047127,0,10,-1,2,314,2,3,35,65,113,-363272,6,9,12,21,7,10,14,25,693348,950979,1010976,1295341,284364.0,1295341,0,0,0,0,0,0,0,0,0,0,0,0,0,0,0,0,1292533,0,0,0,0,0,0,2807,0,0,0,0,0,0,0,0,0,0,0,0,0,0,0,0,0,0,0,0,0,0,0,0,0,0,0,0,0,0,0,0,0,0,0,0,0,0.0,0.0,0.0,0.0,0.0,0.0,0.0,0.0,0.0,0.0,0.0,0.0,0.0,0.0,0.0,99.78,0.0,0.0,0.0,0.0,0.0,0.0,0.22,0.0,0.0,0.0,0.0,0.0,0.0,0.0,0.0,0.0,0.0,0.0,0.0,0.0,0.0,0.0,0.0,0.0,0.0,0.0,0.0,0.0,0.0,0.0,0.0,0.0,0.0,0.0,0.0,0.0,0.0,0.0,0.0,0.0,0.0,0.0,0.0,0.0,100.0,0.0,1295341,0,1295341,3,2,1,1.0,Bin_1,1.0,1.0,1.0,1.0,1.0,Bin_1,Bin_1,3.0,3,Bin_4,Bin_1_Bin_2_Bin_3_Bin_4,Bin_2,Bin_1_Bin_2,Bin_2,Bin_1_Bin_2_Bin_3_Bin_4,Bin_2,Bin_1_Bin_2_Bin_3_Bin_4_Bin_5
10,61903,10061903,0,10,-1,1,314,4,1,10,20,418,3839,4,15,37,75,5,25,64,123,2254,7842,14867,29050,14227.0,23650,5400,2,0,125,2209,111,720,7025,2052,621,487,0,863,3451,556,2142,73,365,929,0,257,1301,996,123,665,0,137,117,525,957,275,19,24,209,0,14,0,13,0,29,202,58,144,0,0,0,2,94,0,17,0,629,0,0,0,142,255,50,14,53,0,0.01,0.0,0.43,7.6,0.38,2.48,24.18,7.06,2.14,1.68,0.0,2.97,11.88,1.91,7.37,0.25,1.26,3.2,0.0,0.88,4.48,3.43,0.42,2.29,0.0,0.47,0.4,1.81,3.29,0.95,0.07,0.08,0.72,0.0,0.05,0.0,0.04,0.0,0.1,0.7,0.2,0.5,0.0,0.0,0.0,0.01,0.32,0.0,0.06,0.0,2.17,0.0,0.0,0.0,0.49,0.88,0.17,0.05,0.18,0.0,86.3,13.69,25071,3978,29050,3,2,1,1.0,Bin_1,1.0,1.0,1.0,1.0,1.0,Bin_4,Bin_4,3.0,3,Bin_3,Bin_1_Bin_2_Bin_3_Bin_4,Bin_4,Bin_4_Bin_5,Bin_5,Bin_5_Bin_6,Bin_6,Bin_6
10,48060,10048060,0,10,-1,3,313,4,3,31,61,170,-6745,10,29,59,101,13,49,93,169,7593,25326,48489,89261,40800.0,89261,0,0,0,92,790,36,53,92,858,295,43,0,456,1001,12289,95,7670,270,16740,0,55,471,921,7588,38001,121,138,0,0,0,0,0,0,8,0,78,0,0,0,0,0,108,132,0,0,0,297,0,0,202,0,0,0,0,0,128,179,17,24,11,0,0.0,0.0,0.1,0.89,0.04,0.06,0.1,0.96,0.33,0.05,0.0,0.51,1.12,13.77,0.11,8.59,0.3,18.75,0.0,0.06,0.53,1.03,8.5,42.57,0.14,0.15,0.0,0.0,0.0,0.0,0.0,0.0,0.01,0.0,0.09,0.0,0.0,0.0,0.0,0.0,0.12,0.15,0.0,0.0,0.0,0.33,0.0,0.0,0.23,0.0,0.0,0.0,0.0,0.0,0.14,0.2,0.02,0.03,0.01,0.0,98.38,1.62,87817,1444,89261,3,2,1,1.0,Bin_1,1.0,1.0,1.0,1.0,1.0,Bin_1,Bin_1,3.0,3,Bin_7,Bin_7,Bin_7,Bin_7,Bin_7,Bin_7,Bin_7,Bin_7
10,32984,10032984,0,10,-1,2,60,1,3,30,60,100,5294,23,52,109,212,50,96,199,369,25247,50298,96437,153233,57690.0,151925,1308,0,0,4430,30277,9438,4272,441,1144,1434,27494,0,7741,12144,19060,614,3287,1014,7906,0,728,707,960,2616,15164,121,102,0,0,58,0,0,5,607,0,47,0,0,0,0,0,91,94,0,0,0,0,67,0,762,0,0,0,0,0,154,27,34,131,61,0,0.0,0.0,2.89,19.76,6.16,2.79,0.29,0.75,0.94,17.94,0.0,5.05,7.93,12.44,0.4,2.15,0.66,5.16,0.0,0.48,0.46,0.63,1.71,9.9,0.08,0.07,0.0,0.0,0.04,0.0,0.0,0.0,0.4,0.0,0.03,0.0,0.0,0.0,0.0,0.0,0.06,0.06,0.0,0.0,0.0,0.0,0.04,0.0,0.5,0.0,0.0,0.0,0.0,0.0,0.1,0.02,0.02,0.09,0.04,0.0,98.46,1.54,150872,2361,153233,3,2,1,1.0,Bin_1,1.0,1.0,1.0,1.0,1.0,Bin_4,Bin_4,3.0,3,Bin_10,Bin_10,Bin_9,Bin_9,Bin_9,Bin_9,Bin_10,Bin_10
10,58496,10058496,0,10,-1,2,51,1,1,10,20,419,14613,27,64,114,246,45,105,187,522,15367,30462,50291,134038,84010.0,0,134038,150,0,244,18243,0,1723,52058,1093,0,3810,0,4148,51762,55,0,0,0,736,0,0,0,0,0,0,0,0,0,0,0,0,0,0,0,0,0,0,0,0,0,0,0,17,0,0,0,0,0,0,0,0,0,0,0,0,0,0,0,0,0,0,0.11,0.0,0.18,13.61,0.0,1.29,38.84,0.82,0.0,2.84,0.0,3.09,38.62,0.04,0.0,0.0,0.0,0.55,0.0,0.0,0.0,0.0,0.0,0.0,0.0,0.0,0.0,0.0,0.0,0.0,0.0,0.0,0.0,0.0,0.0,0.0,0.0,0.0,0.0,0.0,0.0,0.01,0.0,0.0,0.0,0.0,0.0,0.0,0.0,0.0,0.0,0.0,0.0,0.0,0.0,0.0,0.0,0.0,0.0,0.0,99.99,0.01,134022,17,134038,3,2,1,1.0,Bin_1,1.0,1.0,1.0,1.0,1.0,Bin_7,Bin_5_Bin_6_Bin_7_Bin_8,3.0,3,Bin_10,Bin_10,Bin_10,Bin_10,Bin_10,Bin_10,Bin_10,Bin_10
10,58498,10058498,0,10,-1,2,51,0,1,10,20,419,1764,9,18,33,64,9,21,39,79,2473,5467,10358,19659,9301.0,0,19659,0,0,73,2476,0,66,8931,6,0,290,0,526,7150,0,0,0,0,140,0,0,0,0,0,0,0,0,0,0,0,0,0,0,0,0,0,0,0,0,0,0,0,0,0,0,0,0,0,0,0,0,0,0,0,0,0,0,0,0,0,0,0.0,0.0,0.37,12.59,0.0,0.34,45.43,0.03,0.0,1.48,0.0,2.68,36.37,0.0,0.0,0.0,0.0,0.71,0.0,0.0,0.0,0.0,0.0,0.0,0.0,0.0,0.0,0.0,0.0,0.0,0.0,0.0,0.0,0.0,0.0,0.0,0.0,0.0,0.0,0.0,0.0,0.0,0.0,0.0,0.0,0.0,0.0,0.0,0.0,0.0,0.0,0.0,0.0,0.0,0.0,0.0,0.0,0.0,0.0,0.0,100.0,0.0,19659,0,19659,3,2,1,1.0,Bin_1,1.0,1.0,1.0,1.0,1.0,Bin_3,Bin_3,3.0,3,Bin_6,Bin_6,Bin_5,Bin_4_Bin_5,Bin_4,Bin_1_Bin_2_Bin_3_Bin_4,Bin_5,Bin_1_Bin_2_Bin_3_Bin_4_Bin_5
10,37527,10037527,0,10,-1,2,59,1,1,14,43,480,8921,13,37,70,134,29,73,125,235,7223,17751,22864,41768,19003.0,41768,0,0,0,0,165,7049,1072,4751,4998,0,525,0,285,2920,1105,0,2240,3622,19,0,2820,2887,553,0,179,0,417,62,1838,441,0,33,0,7,0,333,0,20,0,0,0,0,1190,1764,0,0,0,38,0,210,0,23,12,0,0,0,190,0,0,0,0,0.0,0.0,0.0,0.4,16.88,2.57,11.37,11.97,0.0,1.26,0.0,0.68,6.99,2.65,0.0,5.36,8.67,0.05,0.0,6.75,6.91,1.32,0.0,0.43,0.0,1.0,0.15,4.4,1.06,0.0,0.08,0.0,0.02,0.0,0.8,0.0,0.05,0.0,0.0,0.0,0.0,2.85,4.22,0.0,0.0,0.0,0.09,0.0,0.5,0.0,0.06,0.03,0.0,0.0,0.0,0.45,0.0,0.0,0.0,0.0,84.25,15.75,35189,6579,41768,3,2,1,1.0,Bin_1,1.0,1.0,1.0,1.0,1.0,Bin_6,Bin_5_Bin_6_Bin_7_Bin_8,3.0,3,Bin_8,Bin_8,Bin_8,Bin_8,Bin_8,Bin_8,Bin_8,Bin_8
10,37788,10037788,0,10,-1,2,58,0,1,14,43,480,19272,10,26,56,88,17,36,83,133,12641,27487,58420,101112,44445.0,0,101112,0,0,25,6429,0,39073,32961,6767,220,318,0,76,3021,0,0,228,7157,0,0,0,0,0,0,120,0,0,0,163,3515,1041,0,0,0,0,0,0,0,0,0,0,0,0,0,0,0,0,0,0,0,0,0,0,0,0,0,0,0,0,0,0,0.0,0.0,0.02,6.36,0.0,38.64,32.6,6.69,0.22,0.31,0.0,0.08,2.99,0.0,0.0,0.23,7.08,0.0,0.0,0.0,0.0,0.0,0.0,0.12,0.0,0.0,0.0,0.16,3.48,1.03,0.0,0.0,0.0,0.0,0.0,0.0,0.0,0.0,0.0,0.0,0.0,0.0,0.0,0.0,0.0,0.0,0.0,0.0,0.0,0.0,0.0,0.0,0.0,0.0,0.0,0.0,0.0,0.0,0.0,0.0,95.33,4.67,96393,4719,101112,3,2,1,1.0,Bin_1,1.0,1.0,1.0,1.0,1.0,Bin_8,Bin_5_Bin_6_Bin_7_Bin_8,3.0,3,Bin_7,Bin_7,Bin_6,Bin_6,Bin_7,Bin_7,Bin_6,Bin_6
10,28239,10028239,0,10,-1,3,134,4,1,10,22,404,4975,2,14,34,73,2,14,34,77,615,2320,6040,12257,6217.0,12257,0,0,0,0,173,0,4565,0,0,0,5,0,38,1785,0,0,0,20,0,0,651,303,244,87,9,40,88,9,1605,17,0,712,0,0,0,0,0,0,0,0,72,25,29,77,0,0,720,52,0,845,0,21,0,0,0,0,66,0,0,0,0,0.0,0.0,0.0,1.41,0.0,37.24,0.0,0.0,0.0,0.04,0.0,0.31,14.56,0.0,0.0,0.0,0.16,0.0,0.0,5.31,2.47,1.99,0.71,0.07,0.33,0.72,0.07,13.09,0.14,0.0,5.81,0.0,0.0,0.0,0.0,0.0,0.0,0.0,0.0,0.59,0.2,0.24,0.63,0.0,0.0,5.87,0.42,0.0,6.89,0.0,0.17,0.0,0.0,0.0,0.0,0.54,0.0,0.0,0.0,0.0,64.3,35.7,7881,4376,12257,3,2,1,1.0,Bin_1,1.0,1.0,1.0,1.0,1.0,Bin_4,Bin_4,3.0,3,Bin_1,Bin_1_Bin_2_Bin_3_Bin_4,Bin_4,Bin_4_Bin_5,Bin_5,Bin_5_Bin_6,Bin_5,Bin_1_Bin_2_Bin_3_Bin_4_Bin_5
10,46614,10046614,0,10,-1,2,56,1,1,10,20,419,29692,22,75,140,306,24,88,154,330,8105,28471,51497,120055,68783.0,0,120055,100,0,1158,17212,71,10176,20076,12736,1675,327,0,8483,27496,4320,0,2357,350,0,0,6535,3214,885,17,13,0,0,0,273,455,846,0,0,0,0,0,0,0,0,0,0,0,276,788,0,0,0,0,0,216,0,0,0,0,0,0,0,0,0,0,0,0.08,0.0,0.96,14.34,0.06,8.48,16.72,10.61,1.4,0.27,0.0,7.07,22.9,3.6,0.0,1.96,0.29,0.0,0.0,5.44,2.68,0.74,0.01,0.01,0.0,0.0,0.0,0.23,0.38,0.7,0.0,0.0,0.0,0.0,0.0,0.0,0.0,0.0,0.0,0.0,0.0,0.23,0.66,0.0,0.0,0.0,0.0,0.0,0.18,0.0,0.0,0.0,0.0,0.0,0.0,0.0,0.0,0.0,0.0,0.0,97.62,2.38,117201,2854,120055,3,2,1,1.0,Bin_1,1.0,1.0,1.0,1.0,1.0,Bin_9,Bin_9_Bin_10,3.0,3,Bin_10,Bin_10,Bin_10,Bin_10,Bin_10,Bin_10,Bin_10,Bin_10
10,47245,10047245,0,10,-1,2,56,1,1,10,20,419,4386,8,27,52,111,8,30,56,122,2147,8508,16911,33658,16747.0,0,33658,25,0,0,14202,0,0,0,0,0,0,0,2609,12841,0,0,0,0,0,0,735,2903,228,0,0,0,0,0,56,0,0,0,0,0,0,0,0,0,0,0,0,0,17,0,0,0,0,0,0,42,0,0,0,0,0,0,0,0,0,0,0,0.07,0.0,0.0,42.2,0.0,0.0,0.0,0.0,0.0,0.0,0.0,7.75,38.15,0.0,0.0,0.0,0.0,0.0,0.0,2.18,8.62,0.68,0.0,0.0,0.0,0.0,0.0,0.17,0.0,0.0,0.0,0.0,0.0,0.0,0.0,0.0,0.0,0.0,0.0,0.0,0.0,0.05,0.0,0.0,0.0,0.0,0.0,0.0,0.12,0.0,0.0,0.0,0.0,0.0,0.0,0.0,0.0,0.0,0.0,0.0,99.66,0.34,33543,115,33658,3,2,1,1.0,Bin_1,1.0,1.0,1.0,1.0,1.0,Bin_4,Bin_4,3.0,3,Bin_5,Bin_5,Bin_7,Bin_7,Bin_6,Bin_5_Bin_6,Bin_7,Bin_7
10,48791,10048791,0,10,-1,3,56,0,1,10,25,407,1111,9,15,18,18,15,24,27,27,3909,6703,7894,7894,,0,7894,20,0,190,1312,0,311,4158,760,414,0,0,98,555,9,0,0,0,0,0,43,6,17,0,0,0,0,0,0,0,0,0,0,0,0,0,0,0,0,0,0,0,0,0,0,0,0,0,0,0,0,0,0,0,0,0,0,0,0,0,0,0.25,0.0,2.41,16.62,0.0,3.94,52.67,9.63,5.24,0.0,0.0,1.24,7.03,0.11,0.0,0.0,0.0,0.0,0.0,0.54,0.08,0.22,0.0,0.0,0.0,0.0,0.0,0.0,0.0,0.0,0.0,0.0,0.0,0.0,0.0,0.0,0.0,0.0,0.0,0.0,0.0,0.0,0.0,0.0,0.0,0.0,0.0,0.0,0.0,0.0,0.0,0.0,0.0,0.0,0.0,0.0,0.0,0.0,0.0,0.0,100.0,0.0,7894,0,7894,3,2,1,1.0,Bin_1,1.0,1.0,1.0,1.0,1.0,Bin_2,Bin_2,3.0,3,Bin_6,Bin_6,Bin_4,Bin_4_Bin_5,Bin_3,Bin_1_Bin_2_Bin_3_Bin_4,Bin_2,Bin_1_Bin_2_Bin_3_Bin_4_Bin_5
10,70449,10070449,0,10,-1,2,47,1,1,14,43,481,13148,3,13,36,65,4,19,48,90,1214,10201,37397,57561,20165.0,0,57561,0,0,20,18251,0,8619,287,0,149,4674,0,3587,11520,2023,0,0,66,0,0,2559,969,39,0,4294,0,0,0,0,0,223,0,0,0,0,0,0,0,0,0,0,0,0,148,0,0,0,0,0,135,0,0,0,0,0,0,0,0,0,0,0,0.0,0.0,0.03,31.71,0.0,14.97,0.5,0.0,0.26,8.12,0.0,6.23,20.01,3.51,0.0,0.0,0.11,0.0,0.0,4.45,1.68,0.07,0.0,7.46,0.0,0.0,0.0,0.0,0.0,0.39,0.0,0.0,0.0,0.0,0.0,0.0,0.0,0.0,0.0,0.0,0.0,0.0,0.26,0.0,0.0,0.0,0.0,0.0,0.23,0.0,0.0,0.0,0.0,0.0,0.0,0.0,0.0,0.0,0.0,0.0,99.12,0.88,57056,505,57561,3,2,1,1.0,Bin_1,1.0,1.0,1.0,1.0,1.0,Bin_7,Bin_5_Bin_6_Bin_7_Bin_8,3.0,3,Bin_2,Bin_1_Bin_2_Bin_3_Bin_4,Bin_4,Bin_4_Bin_5,Bin_5,Bin_5_Bin_6,Bin_5,Bin_1_Bin_2_Bin_3_Bin_4_Bin_5
11,28587,11028587,0,11,-1,1,306,2,3,37,70,251,-2118,13,41,85,174,17,57,120,243,7598,21689,46309,84854,38934.0,84854,0,310,0,488,10418,1275,1229,1907,150,3878,2484,0,1109,4861,6387,0,1237,650,10829,0,1210,38,839,1488,32659,0,4,0,91,9,601,300,0,0,0,3,0,0,0,0,0,0,0,0,0,0,0,58,0,169,0,0,0,0,0,0,92,0,83,0,0,0.37,0.0,0.58,12.28,1.5,1.45,2.25,0.18,4.57,2.93,0.0,1.31,5.73,7.53,0.0,1.46,0.77,12.76,0.0,1.43,0.04,0.99,1.75,38.49,0.0,0.0,0.0,0.11,0.01,0.71,0.35,0.0,0.0,0.0,0.0,0.0,0.0,0.0,0.0,0.0,0.0,0.0,0.0,0.0,0.0,0.0,0.07,0.0,0.2,0.0,0.0,0.0,0.0,0.0,0.0,0.11,0.0,0.1,0.0,0.0,98.34,1.66,83445,1409,84854,1,1,1,1.0,Bin_3,,1.0,1.0,1.0,1.0,Bin_1,Bin_1,1.0,"1, 2",Bin_8,Bin_8,Bin_9,Bin_9,Bin_9,Bin_9,Bin_9,Bin_9
11,82897,11082897,0,11,-1,2,305,3,1,17,74,372,973,8,19,34,74,10,24,40,81,1056,3378,6705,13906,7424.0,13906,0,0,12,16,7026,0,11,0,0,2349,1026,0,80,1264,506,0,38,0,55,0,187,253,307,6,522,0,32,0,0,0,0,0,0,0,0,0,0,0,0,0,0,0,22,0,0,0,0,14,0,175,0,4,0,0,0,0,0,0,0,0,0,0.0,0.09,0.12,50.52,0.0,0.08,0.0,0.0,16.89,7.38,0.0,0.58,9.09,3.64,0.0,0.27,0.0,0.4,0.0,1.34,1.82,2.21,0.04,3.75,0.0,0.23,0.0,0.0,0.0,0.0,0.0,0.0,0.0,0.0,0.0,0.0,0.0,0.0,0.0,0.0,0.0,0.16,0.0,0.0,0.0,0.0,0.1,0.0,1.26,0.0,0.03,0.0,0.0,0.0,0.0,0.0,0.0,0.0,0.0,0.0,98.14,1.86,13647,259,13906,1,1,1,1.0,Bin_3,,1.0,1.0,1.0,1.0,Bin_2,Bin_2,1.0,"1, 2",Bin_5,Bin_5,Bin_5,Bin_4_Bin_5,Bin_5,Bin_5_Bin_6,Bin_5,Bin_1_Bin_2_Bin_3_Bin_4_Bin_5
11,64563,11064563,0,11,-1,2,305,3,3,30,60,253,388,2,4,6,13,2,5,8,20,635,1325,2399,5574,3175.0,3199,2375,0,0,215,806,161,0,152,0,204,12,0,224,1016,196,0,0,13,876,0,126,9,69,199,43,0,0,0,0,0,0,0,0,0,0,0,0,0,167,0,0,199,42,18,0,0,0,31,0,538,0,0,0,0,0,108,40,0,47,62,0,0.0,0.0,3.86,14.46,2.89,0.0,2.73,0.0,3.66,0.22,0.0,4.02,18.23,3.52,0.0,0.0,0.23,15.72,0.0,2.26,0.16,1.24,3.57,0.77,0.0,0.0,0.0,0.0,0.0,0.0,0.0,0.0,0.0,0.0,0.0,0.0,0.0,3.0,0.0,0.0,3.57,0.75,0.32,0.0,0.0,0.0,0.56,0.0,9.65,0.0,0.0,0.0,0.0,0.0,1.94,0.72,0.0,0.84,1.11,0.0,77.56,22.44,4323,1251,5574,1,1,1,1.0,Bin_3,,1.0,1.0,1.0,1.0,Bin_2,Bin_2,1.0,"1, 2",Bin_1,Bin_1_Bin_2_Bin_3_Bin_4,Bin_1,Bin_1_Bin_2,Bin_1,Bin_1_Bin_2_Bin_3_Bin_4,Bin_1,Bin_1_Bin_2_Bin_3_Bin_4_Bin_5
12,57589,12057589,0,12,-1,2,314,2,3,35,65,111,-30599,20,54,104,192,37,105,203,359,59329,161835,308588,557383,255434.0,507067,50316,0,0,2883,77142,17,5946,9758,929,58167,23,0,26259,22739,37360,435,446,58,201780,0,7,2836,87,24635,84806,67,0,0,8,5,0,152,0,207,0,198,0,0,0,33,0,0,0,0,0,0,64,11,0,283,0,0,0,0,0,0,0,25,0,22,0,0.0,0.0,0.52,13.84,0.0,1.07,1.75,0.17,10.44,0.0,0.0,4.71,4.08,6.7,0.08,0.08,0.01,36.2,0.0,0.0,0.51,0.02,4.42,15.22,0.01,0.0,0.0,0.0,0.0,0.0,0.03,0.0,0.04,0.0,0.04,0.0,0.0,0.0,0.01,0.0,0.0,0.0,0.0,0.0,0.0,0.01,0.0,0.0,0.05,0.0,0.0,0.0,0.0,0.0,0.0,0.0,0.0,0.0,0.0,0.0,99.81,0.19,556310,1073,557383,3,2,1,1.0,Bin_4,,1.0,1.0,1.0,1.0,Bin_1,Bin_1,3.0,3,Bin_10,Bin_10,Bin_9,Bin_9,Bin_9,Bin_9,Bin_9,Bin_9
13,54511,13054511,0,13,-1,10,113,4,3,30,60,93,87,6,15,28,57,21,42,74,143,10742,16279,24768,43236,18468.0,43236,0,0,0,2469,8530,424,129,118,0,926,11,0,3372,7016,2944,0,1337,81,1676,0,1,734,1705,7173,1120,677,1234,120,0,365,0,0,0,0,0,0,0,0,0,200,0,58,176,0,0,0,23,91,0,50,0,179,0,0,0,0,250,30,8,11,0,0.0,0.0,5.71,19.73,0.98,0.3,0.27,0.0,2.14,0.03,0.0,7.8,16.23,6.81,0.0,3.09,0.19,3.88,0.0,0.0,1.7,3.94,16.59,2.59,1.57,2.85,0.28,0.0,0.84,0.0,0.0,0.0,0.0,0.0,0.0,0.0,0.0,0.0,0.46,0.0,0.13,0.41,0.0,0.0,0.0,0.05,0.21,0.0,0.12,0.0,0.41,0.0,0.0,0.0,0.0,0.58,0.07,0.02,0.03,0.0,91.97,8.03,39764,3472,43236,3,2,1,1.0,Bin_4,,1.0,1.0,1.0,1.0,Bin_1,Bin_1,3.0,3,Bin_4,Bin_1_Bin_2_Bin_3_Bin_4,Bin_4,Bin_4_Bin_5,Bin_4,Bin_1_Bin_2_Bin_3_Bin_4,Bin_4,Bin_1_Bin_2_Bin_3_Bin_4_Bin_5
13,30167,13030167,0,13,-1,1,205,1,3,30,69,95,-530,7,18,39,66,15,31,56,102,12502,30925,54938,100364,46128.0,100364,0,1130,0,80,3881,294,201,368,996,320,140,0,1966,8510,11513,328,15174,1585,17009,0,127,914,70,5659,27617,0,205,0,80,0,744,0,0,0,0,94,11,0,0,0,498,50,83,0,0,0,141,53,0,116,0,18,0,0,0,8,0,55,239,64,25,1.13,0.0,0.08,3.87,0.29,0.2,0.37,0.99,0.32,0.14,0.0,1.96,8.48,11.47,0.33,15.12,1.58,16.95,0.0,0.13,0.91,0.07,5.64,27.52,0.0,0.2,0.0,0.08,0.0,0.74,0.0,0.0,0.0,0.0,0.09,0.01,0.0,0.0,0.0,0.5,0.05,0.08,0.0,0.0,0.0,0.14,0.05,0.0,0.12,0.0,0.02,0.0,0.0,0.0,0.01,0.0,0.05,0.24,0.06,0.02,97.53,2.47,97880,2484,100364,3,2,1,1.0,Bin_4,,1.0,1.0,1.0,1.0,Bin_1,Bin_1,3.0,3,Bin_5,Bin_5,Bin_5,Bin_4_Bin_5,Bin_5,Bin_5_Bin_6,Bin_5,Bin_1_Bin_2_Bin_3_Bin_4_Bin_5
13,37519,13037519,0,13,-1,2,180,4,3,30,60,92,-11046,20,64,121,169,49,131,237,299,48649,67995,100839,135645,34805.0,113164,22480,161,100,4602,7760,4,66,19266,2737,9,778,0,0,32109,3017,0,406,0,16588,0,461,123,68,956,43227,135,13,0,149,54,714,27,0,1533,0,111,0,51,0,0,0,0,0,0,0,23,0,71,0,254,9,0,0,0,0,40,0,0,0,21,0,0.12,0.07,3.39,5.72,0.0,0.05,14.2,2.02,0.01,0.57,0.0,0.0,23.67,2.22,0.0,0.3,0.0,12.23,0.0,0.34,0.09,0.05,0.7,31.87,0.1,0.01,0.0,0.11,0.04,0.53,0.02,0.0,1.13,0.0,0.08,0.0,0.04,0.0,0.0,0.0,0.0,0.0,0.0,0.0,0.02,0.0,0.05,0.0,0.19,0.01,0.0,0.0,0.0,0.0,0.03,0.0,0.0,0.0,0.02,0.0,97.56,2.44,132339,3306,135645,3,2,1,1.0,Bin_4,,1.0,1.0,1.0,1.0,Bin_1,Bin_1,3.0,3,Bin_10,Bin_10,Bin_10,Bin_10,Bin_10,Bin_10,Bin_9,Bin_9
13,58180,13058180,0,13,-1,3,104,2,1,10,20,418,4117,16,43,99,167,23,61,127,214,2257,6574,16022,27828,11806.0,10077,17752,1,0,466,6454,22,716,4466,1655,563,467,0,659,2330,116,0,4160,587,62,0,458,1175,320,529,244,502,35,0,214,220,632,0,0,0,0,7,0,0,0,0,133,0,303,4,0,0,0,38,0,252,0,6,0,0,0,0,32,0,0,0,0,0.0,0.0,1.67,23.19,0.08,2.57,16.05,5.95,2.02,1.68,0.0,2.37,8.37,0.42,0.0,14.95,2.11,0.22,0.0,1.65,4.22,1.15,1.9,0.88,1.8,0.13,0.0,0.77,0.79,2.27,0.0,0.0,0.0,0.0,0.03,0.0,0.0,0.0,0.0,0.48,0.0,1.09,0.01,0.0,0.0,0.0,0.14,0.0,0.91,0.0,0.02,0.0,0.0,0.0,0.0,0.11,0.0,0.0,0.0,0.0,91.45,8.55,25449,2379,27828,3,2,1,1.0,Bin_4,,1.0,1.0,1.0,1.0,Bin_4,Bin_4,3.0,3,Bin_9,Bin_9,Bin_9,Bin_9,Bin_9,Bin_9,Bin_9,Bin_9
13,64034,13064034,0,13,-1,5,113,1,1,14,43,476,23474,5,13,36,63,13,26,94,164,13154,22066,68973,109999,41026.0,0,109999,0,0,1325,35558,956,5819,14496,870,5996,4127,0,5459,20424,5405,0,0,290,0,0,2180,2914,1665,0,40,0,8,20,676,986,274,28,0,0,0,0,0,0,0,159,0,0,0,0,0,0,0,0,0,0,0,0,0,0,326,0,0,0,0,0,0,0.0,0.0,1.2,32.33,0.87,5.29,13.18,0.79,5.45,3.75,0.0,4.96,18.57,4.91,0.0,0.0,0.26,0.0,0.0,1.98,2.65,1.51,0.0,0.04,0.0,0.01,0.02,0.61,0.9,0.25,0.03,0.0,0.0,0.0,0.0,0.0,0.0,0.0,0.14,0.0,0.0,0.0,0.0,0.0,0.0,0.0,0.0,0.0,0.0,0.0,0.0,0.0,0.0,0.3,0.0,0.0,0.0,0.0,0.0,0.0,97.75,2.25,107523,2476,109999,3,2,1,1.0,Bin_4,,1.0,1.0,1.0,1.0,Bin_8,Bin_5_Bin_6_Bin_7_Bin_8,3.0,3,Bin_3,Bin_1_Bin_2_Bin_3_Bin_4,Bin_4,Bin_4_Bin_5,Bin_5,Bin_5_Bin_6,Bin_5,Bin_1_Bin_2_Bin_3_Bin_4_Bin_5
13,47012,13047012,0,13,-1,4,137,1,1,14,43,480,19334,13,38,71,136,21,61,116,221,23157,53062,86578,156552,70785.0,0,156552,0,0,1272,66347,303,11476,27484,4169,5041,1134,0,5723,19228,898,0,555,178,0,0,162,4110,179,6607,22,302,30,0,274,292,0,0,0,0,0,0,0,0,0,0,0,0,217,265,0,0,0,0,0,285,0,0,0,0,0,0,0,0,0,0,0,0.0,0.0,0.81,42.38,0.19,7.33,17.56,2.66,3.22,0.72,0.0,3.66,12.28,0.57,0.0,0.35,0.11,0.0,0.0,0.1,2.63,0.11,4.22,0.01,0.19,0.02,0.0,0.18,0.19,0.0,0.0,0.0,0.0,0.0,0.0,0.0,0.0,0.0,0.0,0.0,0.0,0.14,0.17,0.0,0.0,0.0,0.0,0.0,0.18,0.0,0.0,0.0,0.0,0.0,0.0,0.0,0.0,0.0,0.0,0.0,98.94,1.06,154886,1666,156552,3,2,1,1.0,Bin_4,,1.0,1.0,1.0,1.0,Bin_8,Bin_5_Bin_6_Bin_7_Bin_8,3.0,3,Bin_8,Bin_8,Bin_8,Bin_8,Bin_8,Bin_8,Bin_8,Bin_8
13,79900,13079900,0,13,-1,3,70,5,1,10,20,418,11933,15,43,81,203,32,78,134,354,15006,31915,54440,118324,63884.0,115109,3216,0,108,1179,35467,361,3780,34835,3520,3633,314,0,3692,12213,1661,0,627,2442,115,0,1189,1592,448,642,6364,381,59,37,445,1711,0,0,0,0,0,40,0,0,0,0,0,0,162,0,0,0,0,75,0,718,0,168,0,32,0,54,84,33,104,37,0,0.0,0.09,1.0,29.97,0.31,3.19,29.44,2.97,3.07,0.27,0.0,3.12,10.32,1.4,0.0,0.53,2.06,0.1,0.0,1.0,1.35,0.38,0.54,5.38,0.32,0.05,0.03,0.38,1.45,0.0,0.0,0.0,0.0,0.0,0.03,0.0,0.0,0.0,0.0,0.0,0.0,0.14,0.0,0.0,0.0,0.0,0.06,0.0,0.61,0.0,0.14,0.0,0.03,0.0,0.05,0.07,0.03,0.09,0.03,0.0,96.41,3.59,114075,4249,118324,3,2,1,1.0,Bin_4,,1.0,1.0,1.0,1.0,Bin_7,Bin_5_Bin_6_Bin_7_Bin_8,3.0,3,Bin_8,Bin_8,Bin_9,Bin_9,Bin_9,Bin_9,Bin_9,Bin_9
13,49751,13049751,0,13,-1,10,314,2,3,30,60,93,-8337,5,13,21,50,8,23,32,78,7573,25558,44180,108582,64402.0,107305,1277,1337,0,2192,67,4,0,13,260,62,11,0,4407,5824,31878,0,769,32,59050,0,26,146,110,118,1934,0,72,24,35,13,0,0,0,0,0,0,0,0,0,0,0,0,0,0,0,0,0,14,0,0,0,0,0,0,0,37,0,36,109,0,0,1.23,0.0,2.02,0.06,0.0,0.0,0.01,0.24,0.06,0.01,0.0,4.06,5.36,29.36,0.0,0.71,0.03,54.38,0.0,0.02,0.13,0.1,0.11,1.78,0.0,0.07,0.02,0.03,0.01,0.0,0.0,0.0,0.0,0.0,0.0,0.0,0.0,0.0,0.0,0.0,0.0,0.0,0.0,0.0,0.0,0.0,0.01,0.0,0.0,0.0,0.0,0.0,0.0,0.0,0.03,0.0,0.03,0.1,0.0,0.0,99.69,0.31,108242,340,108582,3,2,1,1.0,Bin_4,,1.0,1.0,1.0,1.0,Bin_1,Bin_1,3.0,3,Bin_3,Bin_1_Bin_2_Bin_3_Bin_4,Bin_4,Bin_4_Bin_5,Bin_3,Bin_1_Bin_2_Bin_3_Bin_4,Bin_4,Bin_1_Bin_2_Bin_3_Bin_4_Bin_5
13,55200,13055200,0,13,-1,3,112,1,1,10,20,418,13684,9,26,47,96,11,28,50,111,14627,39714,69438,135770,66332.0,0,135770,0,0,0,6063,0,9205,97317,3746,0,71,0,4162,10005,1569,0,173,24,101,0,23,993,0,496,464,0,0,0,90,0,661,0,0,0,0,0,0,0,0,0,193,0,0,0,309,0,0,31,0,74,0,0,0,0,0,0,0,0,0,0,0,0.0,0.0,0.0,4.47,0.0,6.78,71.68,2.76,0.0,0.05,0.0,3.07,7.37,1.16,0.0,0.13,0.02,0.07,0.0,0.02,0.73,0.0,0.37,0.34,0.0,0.0,0.0,0.07,0.0,0.49,0.0,0.0,0.0,0.0,0.0,0.0,0.0,0.0,0.0,0.14,0.0,0.0,0.0,0.23,0.0,0.0,0.02,0.0,0.05,0.0,0.0,0.0,0.0,0.0,0.0,0.0,0.0,0.0,0.0,0.0,99.0,1.0,134413,1357,135770,3,2,1,1.0,Bin_4,,1.0,1.0,1.0,1.0,Bin_7,Bin_5_Bin_6_Bin_7_Bin_8,3.0,3,Bin_6,Bin_6,Bin_6,Bin_6,Bin_6,Bin_5_Bin_6,Bin_7,Bin_7
13,37138,13037138,0,13,-1,2,170,0,3,31,61,170,-7528,6,14,44,116,7,19,62,160,19870,45113,98510,214592,116573.0,210709,3883,0,0,0,12946,0,0,6,0,0,15,0,0,715,85221,0,10661,1550,58470,0,0,101,60,4113,40670,0,0,0,0,0,0,0,0,0,0,0,0,0,0,33,0,0,0,0,0,0,0,0,0,6,0,0,0,0,0,0,23,0,0,0,0,0.0,0.0,0.0,6.03,0.0,0.0,0.0,0.0,0.0,0.01,0.0,0.0,0.33,39.71,0.0,4.97,0.72,27.25,0.0,0.0,0.05,0.03,1.92,18.95,0.0,0.0,0.0,0.0,0.0,0.0,0.0,0.0,0.0,0.0,0.0,0.0,0.0,0.0,0.02,0.0,0.0,0.0,0.0,0.0,0.0,0.0,0.0,0.0,0.0,0.0,0.0,0.0,0.0,0.0,0.0,0.01,0.0,0.0,0.0,0.0,99.97,0.03,214529,63,214592,3,2,1,1.0,Bin_4,,1.0,1.0,1.0,1.0,Bin_1,Bin_1,3.0,3,Bin_4,Bin_1_Bin_2_Bin_3_Bin_4,Bin_4,Bin_4_Bin_5,Bin_6,Bin_5_Bin_6,Bin_7,Bin_7
13,58657,13058657,0,13,-1,10,102,1,1,12,41,387,12463,6,13,21,37,12,23,38,67,33699,38926,43021,52203,9182.0,0,52203,0,0,118,6035,0,1680,1160,2212,932,616,0,1471,4225,512,0,0,0,0,0,765,770,813,80,814,0,0,0,0,0,30000,0,0,0,0,0,0,0,0,0,0,0,0,0,0,0,0,0,0,0,0,0,0,0,0,0,0,0,0,0,0,0.0,0.0,0.23,11.56,0.0,3.22,2.22,4.24,1.79,1.18,0.0,2.82,8.09,0.98,0.0,0.0,0.0,0.0,0.0,1.47,1.48,1.56,0.15,1.56,0.0,0.0,0.0,0.0,0.0,57.47,0.0,0.0,0.0,0.0,0.0,0.0,0.0,0.0,0.0,0.0,0.0,0.0,0.0,0.0,0.0,0.0,0.0,0.0,0.0,0.0,0.0,0.0,0.0,0.0,0.0,0.0,0.0,0.0,0.0,0.0,42.53,57.47,22203,30000,52203,3,2,1,1.0,Bin_4,,1.0,1.0,1.0,1.0,Bin_7,Bin_5_Bin_6_Bin_7_Bin_8,3.0,3,Bin_4,Bin_1_Bin_2_Bin_3_Bin_4,Bin_4,Bin_4_Bin_5,Bin_3,Bin_1_Bin_2_Bin_3_Bin_4,Bin_3,Bin_1_Bin_2_Bin_3_Bin_4_Bin_5
13,42336,13042336,0,13,-1,3,152,1,1,14,43,476,8387,9,22,39,92,11,26,51,136,3688,9680,17475,38252,21189.0,1770,36481,0,0,359,6506,27,2841,652,755,4579,54,0,1258,7261,11315,0,321,464,26,0,54,498,200,149,358,65,30,0,0,85,0,0,0,0,160,10,0,0,0,0,0,0,68,20,0,0,0,0,0,71,0,0,0,0,0,67,0,0,0,0,0,0.0,0.0,0.94,17.01,0.07,7.43,1.7,1.97,11.97,0.14,0.0,3.29,18.98,29.58,0.0,0.84,1.21,0.07,0.0,0.14,1.3,0.52,0.39,0.94,0.17,0.08,0.0,0.0,0.22,0.0,0.0,0.0,0.0,0.42,0.03,0.0,0.0,0.0,0.0,0.0,0.0,0.18,0.05,0.0,0.0,0.0,0.0,0.0,0.19,0.0,0.0,0.0,0.0,0.0,0.18,0.0,0.0,0.0,0.0,0.0,98.5,1.5,37677,575,38252,3,2,1,1.0,Bin_4,,1.0,1.0,1.0,1.0,Bin_5,Bin_5_Bin_6_Bin_7_Bin_8,3.0,3,Bin_6,Bin_6,Bin_6,Bin_6,Bin_5,Bin_5_Bin_6,Bin_6,Bin_6
13,45289,13045289,0,13,-1,9,144,1,1,14,43,481,496,2,3,6,12,2,4,9,15,233,322,702,1201,499.0,0,1201,0,0,0,0,0,0,0,0,0,0,0,0,0,0,0,0,0,0,0,0,0,0,0,1201,0,0,0,0,0,0,0,0,0,0,0,0,0,0,0,0,0,0,0,0,0,0,0,0,0,0,0,0,0,0,0,0,0,0,0,0,0.0,0.0,0.0,0.0,0.0,0.0,0.0,0.0,0.0,0.0,0.0,0.0,0.0,0.0,0.0,0.0,0.0,0.0,0.0,0.0,0.0,0.0,0.0,100.0,0.0,0.0,0.0,0.0,0.0,0.0,0.0,0.0,0.0,0.0,0.0,0.0,0.0,0.0,0.0,0.0,0.0,0.0,0.0,0.0,0.0,0.0,0.0,0.0,0.0,0.0,0.0,0.0,0.0,0.0,0.0,0.0,0.0,0.0,0.0,0.0,100.0,0.0,1201,0,1201,3,2,1,1.0,Bin_4,,1.0,1.0,1.0,1.0,Bin_2,Bin_2,3.0,3,Bin_1,Bin_1_Bin_2_Bin_3_Bin_4,Bin_1,Bin_1_Bin_2,Bin_1,Bin_1_Bin_2_Bin_3_Bin_4,Bin_1,Bin_1_Bin_2_Bin_3_Bin_4_Bin_5
13,42430,13042430,0,13,-1,2,152,1,3,30,60,91,1327,1,5,12,22,2,6,14,24,982,3921,9334,17718,8383.0,0,17718,0,0,120,2225,35,341,0,515,0,0,0,158,11875,1091,0,277,134,152,0,0,382,0,95,319,0,0,0,0,0,0,0,0,0,0,0,0,0,0,0,0,0,0,0,0,0,0,0,0,0,0,0,0,0,0,0,0,0,0,0,0,0.0,0.0,0.68,12.56,0.2,1.92,0.0,2.91,0.0,0.0,0.0,0.89,67.02,6.16,0.0,1.56,0.76,0.86,0.0,0.0,2.16,0.0,0.54,1.8,0.0,0.0,0.0,0.0,0.0,0.0,0.0,0.0,0.0,0.0,0.0,0.0,0.0,0.0,0.0,0.0,0.0,0.0,0.0,0.0,0.0,0.0,0.0,0.0,0.0,0.0,0.0,0.0,0.0,0.0,0.0,0.0,0.0,0.0,0.0,0.0,100.0,0.0,17718,0,17718,3,2,1,1.0,Bin_4,,1.0,1.0,1.0,1.0,Bin_2,Bin_2,3.0,3,Bin_1,Bin_1_Bin_2_Bin_3_Bin_4,Bin_1,Bin_1_Bin_2,Bin_2,Bin_1_Bin_2_Bin_3_Bin_4,Bin_2,Bin_1_Bin_2_Bin_3_Bin_4_Bin_5
13,38006,13038006,0,13,-1,2,169,1,1,14,43,476,3801,5,5,9,27,6,6,10,40,5368,5368,6832,15782,8950.0,0,15782,0,0,272,6515,167,256,766,573,699,47,0,769,4809,721,0,0,0,0,0,21,0,0,0,0,0,0,0,167,0,0,0,0,0,0,0,0,0,0,0,0,0,0,0,0,0,0,0,0,0,0,0,0,0,0,0,0,0,0,0,0,0.0,0.0,1.72,41.28,1.06,1.62,4.85,3.63,4.43,0.3,0.0,4.87,30.47,4.57,0.0,0.0,0.0,0.0,0.0,0.13,0.0,0.0,0.0,0.0,0.0,0.0,0.0,1.06,0.0,0.0,0.0,0.0,0.0,0.0,0.0,0.0,0.0,0.0,0.0,0.0,0.0,0.0,0.0,0.0,0.0,0.0,0.0,0.0,0.0,0.0,0.0,0.0,0.0,0.0,0.0,0.0,0.0,0.0,0.0,0.0,98.94,1.06,15615,167,15782,3,2,1,1.0,Bin_4,,1.0,1.0,1.0,1.0,Bin_4,Bin_4,3.0,3,Bin_3,Bin_1_Bin_2_Bin_3_Bin_4,Bin_1,Bin_1_Bin_2,Bin_2,Bin_1_Bin_2_Bin_3_Bin_4,Bin_2,Bin_1_Bin_2_Bin_3_Bin_4_Bin_5
13,55703,13055703,0,13,-1,3,110,0,1,14,43,476,14365,17,45,89,180,19,52,103,211,15467,36878,66104,113533,47430.0,109930,3603,0,365,2616,41355,353,5163,23284,1723,7383,1296,0,3168,12843,3254,0,2514,760,273,0,1081,214,795,490,1498,46,117,0,70,812,0,22,0,0,0,0,0,0,0,0,1780,0,0,0,0,0,0,96,0,19,0,4,0,0,0,25,29,30,12,44,0,0.0,0.32,2.3,36.43,0.31,4.55,20.51,1.52,6.5,1.14,0.0,2.79,11.31,2.87,0.0,2.21,0.67,0.24,0.0,0.95,0.19,0.7,0.43,1.32,0.04,0.1,0.0,0.06,0.72,0.0,0.02,0.0,0.0,0.0,0.0,0.0,0.0,0.0,0.0,1.57,0.0,0.0,0.0,0.0,0.0,0.0,0.08,0.0,0.02,0.0,0.0,0.0,0.0,0.0,0.02,0.03,0.03,0.01,0.04,0.0,96.94,3.06,110063,3470,113533,3,2,1,1.0,Bin_4,,1.0,1.0,1.0,1.0,Bin_7,Bin_5_Bin_6_Bin_7_Bin_8,3.0,3,Bin_9,Bin_9,Bin_9,Bin_9,Bin_9,Bin_9,Bin_9,Bin_9
13,38062,13038062,0,13,-1,3,169,1,1,10,20,418,29579,9,26,52,108,18,63,133,266,9047,27044,60341,118480,58139.0,0,118480,0,0,3527,26877,8,1340,9579,7353,2800,4991,0,18020,36287,1383,0,0,1361,0,0,0,0,176,90,1199,0,136,0,1671,0,732,0,0,0,0,0,0,0,0,0,0,0,36,71,0,0,0,0,0,0,0,0,0,0,0,0,845,0,0,0,0,0.0,0.0,2.98,22.68,0.01,1.13,8.08,6.21,2.36,4.21,0.0,15.21,30.63,1.17,0.0,0.0,1.15,0.0,0.0,0.0,0.0,0.15,0.08,1.01,0.0,0.11,0.0,1.41,0.0,0.62,0.0,0.0,0.0,0.0,0.0,0.0,0.0,0.0,0.0,0.0,0.0,0.03,0.06,0.0,0.0,0.0,0.0,0.0,0.0,0.0,0.0,0.0,0.0,0.0,0.0,0.71,0.0,0.0,0.0,0.0,97.05,2.95,114990,3490,118480,3,2,1,1.0,Bin_4,,1.0,1.0,1.0,1.0,Bin_9,Bin_9_Bin_10,3.0,3,Bin_6,Bin_6,Bin_6,Bin_6,Bin_6,Bin_5_Bin_6,Bin_7,Bin_7
13,42528,13042528,0,13,-1,2,152,1,3,30,60,91,2888,1,5,14,39,1,6,17,54,-3,3063,11031,35438,24406.0,0,35438,0,0,123,6874,1535,397,143,4467,177,294,0,5898,11414,644,0,519,34,268,0,0,156,0,0,0,0,1839,0,0,656,0,0,0,0,0,0,0,0,0,0,0,0,0,0,0,0,0,0,0,0,0,0,0,0,0,0,0,0,0,0,0,0.0,0.0,0.35,19.4,4.33,1.12,0.4,12.61,0.5,0.83,0.0,16.64,32.21,1.82,0.0,1.46,0.1,0.76,0.0,0.0,0.44,0.0,0.0,0.0,0.0,5.19,0.0,0.0,1.85,0.0,0.0,0.0,0.0,0.0,0.0,0.0,0.0,0.0,0.0,0.0,0.0,0.0,0.0,0.0,0.0,0.0,0.0,0.0,0.0,0.0,0.0,0.0,0.0,0.0,0.0,0.0,0.0,0.0,0.0,0.0,92.96,7.04,32942,2495,35438,3,2,1,1.0,Bin_4,,1.0,1.0,1.0,1.0,Bin_3,Bin_3,3.0,3,Bin_1,Bin_1_Bin_2_Bin_3_Bin_4,Bin_1,Bin_1_Bin_2,Bin_2,Bin_1_Bin_2_Bin_3_Bin_4,Bin_3,Bin_1_Bin_2_Bin_3_Bin_4_Bin_5
13,45722,13045722,0,13,-1,2,142,1,1,10,20,416,5232,4,12,30,64,4,15,36,75,1493,4580,13289,27266,13977.0,0,27266,0,0,0,2144,0,21139,1054,773,483,0,0,0,295,0,0,0,225,0,0,23,461,0,0,0,0,0,0,0,0,668,0,0,0,0,0,0,0,0,0,0,0,0,0,0,0,0,0,0,0,0,0,0,0,0,0,0,0,0,0,0,0.0,0.0,0.0,7.86,0.0,77.53,3.87,2.84,1.77,0.0,0.0,0.0,1.08,0.0,0.0,0.0,0.83,0.0,0.0,0.08,1.69,0.0,0.0,0.0,0.0,0.0,0.0,0.0,0.0,2.45,0.0,0.0,0.0,0.0,0.0,0.0,0.0,0.0,0.0,0.0,0.0,0.0,0.0,0.0,0.0,0.0,0.0,0.0,0.0,0.0,0.0,0.0,0.0,0.0,0.0,0.0,0.0,0.0,0.0,0.0,97.55,2.45,26598,668,27266,3,2,1,1.0,Bin_4,,1.0,1.0,1.0,1.0,Bin_4,Bin_4,3.0,3,Bin_3,Bin_1_Bin_2_Bin_3_Bin_4,Bin_3,Bin_3,Bin_4,Bin_1_Bin_2_Bin_3_Bin_4,Bin_5,Bin_1_Bin_2_Bin_3_Bin_4_Bin_5
13,53446,13053446,0,13,-1,3,117,1,1,14,43,476,24058,17,51,100,189,56,138,298,508,22496,55976,114701,207018,92317.0,0,207018,0,0,1180,51361,24,4454,21221,1464,3468,193,0,4894,31192,10230,3804,4663,247,7035,0,6672,3593,558,2075,41585,0,208,0,916,1703,0,21,0,0,993,4,0,0,0,31,0,0,680,25,0,0,65,144,0,259,0,0,0,0,275,0,1781,0,0,0,0,0.0,0.0,0.57,24.81,0.01,2.15,10.25,0.71,1.68,0.09,0.0,2.36,15.07,4.94,1.84,2.25,0.12,3.4,0.0,3.22,1.74,0.27,1.0,20.09,0.0,0.1,0.0,0.44,0.82,0.0,0.01,0.0,0.0,0.48,0.0,0.0,0.0,0.0,0.01,0.0,0.0,0.33,0.01,0.0,0.0,0.03,0.07,0.0,0.13,0.0,0.0,0.0,0.0,0.13,0.0,0.86,0.0,0.0,0.0,0.0,96.57,3.43,199914,7104,207018,3,2,1,1.0,Bin_4,,1.0,1.0,1.0,1.0,Bin_8,Bin_5_Bin_6_Bin_7_Bin_8,3.0,3,Bin_9,Bin_9,Bin_9,Bin_9,Bin_9,Bin_9,Bin_9,Bin_9
13,42932,13042932,0,13,-1,5,150,1,7,72,720,72,1793,10,29,50,106,17,49,81,171,1724,4655,7979,14436,6458.0,14436,0,0,0,51,975,0,23,119,106,374,190,0,65,81,884,378,2049,1389,0,0,224,1464,456,269,3629,83,102,0,57,200,0,0,0,0,0,0,0,0,0,0,54,0,468,0,0,0,0,58,332,10,0,162,0,0,0,0,153,25,6,0,0,0.0,0.0,0.35,6.75,0.0,0.16,0.82,0.73,2.59,1.32,0.0,0.45,0.56,6.12,2.62,14.19,9.62,0.0,0.0,1.55,10.14,3.16,1.86,25.14,0.57,0.71,0.0,0.39,1.39,0.0,0.0,0.0,0.0,0.0,0.0,0.0,0.0,0.0,0.0,0.37,0.0,3.24,0.0,0.0,0.0,0.0,0.4,2.3,0.07,0.0,1.12,0.0,0.0,0.0,0.0,1.06,0.17,0.04,0.0,0.0,88.15,11.85,12726,1711,14436,3,2,1,1.0,Bin_4,,1.0,1.0,1.0,1.0,Bin_3,Bin_3,3.0,3,Bin_7,Bin_7,Bin_7,Bin_7,Bin_6,Bin_5_Bin_6,Bin_7,Bin_7
13,40682,13040682,0,13,-1,2,158,1,1,14,43,479,81631,16,34,59,143,44,77,123,283,72786,133712,215287,454997,239710.0,0,454997,0,0,4343,122565,1690,20791,97957,25034,32343,4121,0,27052,53629,5746,0,18414,4538,266,0,4850,211,103,38,4167,742,177,0,2257,528,1844,331,0,0,0,51,0,0,320,309,96,0,0,87,0,0,158,240,0,36,0,8558,0,0,0,0,11407,0,0,0,0,0.0,0.0,0.95,26.94,0.37,4.57,21.53,5.5,7.11,0.91,0.0,5.95,11.79,1.26,0.0,4.05,1.0,0.06,0.0,1.07,0.05,0.02,0.01,0.92,0.16,0.04,0.0,0.5,0.12,0.41,0.07,0.0,0.0,0.0,0.01,0.0,0.0,0.07,0.07,0.02,0.0,0.0,0.02,0.0,0.0,0.03,0.05,0.0,0.01,0.0,1.88,0.0,0.0,0.0,0.0,2.51,0.0,0.0,0.0,0.0,94.04,5.96,427857,27140,454997,3,2,1,1.0,Bin_4,,1.0,1.0,1.0,1.0,Bin_10,Bin_9_Bin_10,3.0,3,Bin_9,Bin_9,Bin_8,Bin_8,Bin_7,Bin_7,Bin_8,Bin_8
13,43000,13043000,0,13,-1,10,150,3,7,36,66,541,48443,12,38,65,117,13,40,71,125,28503,88287,150022,269381,121450.0,0,269381,0,0,0,64025,0,99,0,0,0,15329,0,84,7363,138480,0,0,0,0,0,323,435,3366,2261,37539,0,0,0,56,19,0,0,0,0,0,0,0,0,0,0,0,0,0,0,0,0,0,0,0,0,0,0,0,0,0,0,0,0,0,0,0,0.0,0.0,0.0,23.77,0.0,0.04,0.0,0.0,0.0,5.69,0.0,0.03,2.73,51.41,0.0,0.0,0.0,0.0,0.0,0.12,0.16,1.25,0.84,13.94,0.0,0.0,0.0,0.02,0.01,0.0,0.0,0.0,0.0,0.0,0.0,0.0,0.0,0.0,0.0,0.0,0.0,0.0,0.0,0.0,0.0,0.0,0.0,0.0,0.0,0.0,0.0,0.0,0.0,0.0,0.0,0.0,0.0,0.0,0.0,0.0,99.97,0.03,269305,75,269381,3,2,1,1.0,Bin_4,,1.0,1.0,1.0,1.0,Bin_10,Bin_9_Bin_10,3.0,3,Bin_8,Bin_8,Bin_8,Bin_8,Bin_8,Bin_8,Bin_7,Bin_7
13,45919,13045919,0,13,-1,3,141,1,1,13,42,467,11381,6,17,32,68,6,17,33,72,6368,16629,31944,61823,29879.0,0,61823,0,0,146,0,0,0,0,345,0,0,0,0,61304,28,0,0,0,0,0,0,0,0,0,0,0,0,0,0,0,0,0,0,0,0,0,0,0,0,0,0,0,0,0,0,0,0,0,0,0,0,0,0,0,0,0,0,0,0,0,0,0.0,0.0,0.24,0.0,0.0,0.0,0.0,0.56,0.0,0.0,0.0,0.0,99.16,0.05,0.0,0.0,0.0,0.0,0.0,0.0,0.0,0.0,0.0,0.0,0.0,0.0,0.0,0.0,0.0,0.0,0.0,0.0,0.0,0.0,0.0,0.0,0.0,0.0,0.0,0.0,0.0,0.0,0.0,0.0,0.0,0.0,0.0,0.0,0.0,0.0,0.0,0.0,0.0,0.0,0.0,0.0,0.0,0.0,0.0,0.0,100.0,0.0,61823,0,61823,3,2,1,1.0,Bin_4,,1.0,1.0,1.0,1.0,Bin_6,Bin_5_Bin_6_Bin_7_Bin_8,3.0,3,Bin_4,Bin_1_Bin_2_Bin_3_Bin_4,Bin_5,Bin_4_Bin_5,Bin_4,Bin_1_Bin_2_Bin_3_Bin_4,Bin_5,Bin_1_Bin_2_Bin_3_Bin_4_Bin_5
13,43047,13043047,0,13,-1,2,150,2,1,10,20,418,42174,22,71,135,289,25,85,168,357,23918,75732,119125,248330,130378.0,246640,1690,0,258,4638,28288,2662,8789,81174,38466,1702,16886,0,10890,25548,1074,0,5771,7490,143,0,2727,771,1371,431,482,1127,29,0,545,706,4167,12,0,175,0,62,0,23,0,0,121,0,190,233,0,0,100,17,0,699,0,13,0,0,0,0,398,0,96,56,0,0.0,0.1,1.87,11.39,1.07,3.54,32.69,15.49,0.69,6.8,0.0,4.39,10.29,0.43,0.0,2.32,3.02,0.06,0.0,1.1,0.31,0.55,0.17,0.19,0.45,0.01,0.0,0.22,0.28,1.68,0.0,0.0,0.07,0.0,0.02,0.0,0.01,0.0,0.0,0.05,0.0,0.08,0.09,0.0,0.0,0.04,0.01,0.0,0.28,0.0,0.01,0.0,0.0,0.0,0.0,0.16,0.0,0.04,0.02,0.0,96.37,3.63,239304,9026,248330,3,2,1,1.0,Bin_4,,1.0,1.0,1.0,1.0,Bin_9,Bin_9_Bin_10,3.0,3,Bin_10,Bin_10,Bin_10,Bin_10,Bin_10,Bin_10,Bin_10,Bin_10
13,41109,13041109,0,13,-1,2,157,1,1,14,43,476,5136,4,13,28,52,4,15,33,66,4244,9370,17224,28322,11098.0,0,28322,0,0,166,15985,1251,259,554,4466,348,139,0,166,2081,0,0,0,0,0,0,83,75,40,877,0,0,0,0,176,812,438,0,0,0,0,0,0,0,0,0,0,0,0,9,0,0,30,0,0,367,0,0,0,0,0,0,0,0,0,0,0,0.0,0.0,0.59,56.44,4.42,0.91,1.96,15.77,1.23,0.49,0.0,0.59,7.35,0.0,0.0,0.0,0.0,0.0,0.0,0.29,0.26,0.14,3.1,0.0,0.0,0.0,0.0,0.62,2.87,1.55,0.0,0.0,0.0,0.0,0.0,0.0,0.0,0.0,0.0,0.0,0.0,0.0,0.03,0.0,0.0,0.11,0.0,0.0,1.3,0.0,0.0,0.0,0.0,0.0,0.0,0.0,0.0,0.0,0.0,0.0,93.53,6.47,26490,1832,28322,3,2,1,1.0,Bin_4,,1.0,1.0,1.0,1.0,Bin_4,Bin_4,3.0,3,Bin_3,Bin_1_Bin_2_Bin_3_Bin_4,Bin_4,Bin_4_Bin_5,Bin_4,Bin_1_Bin_2_Bin_3_Bin_4,Bin_4,Bin_1_Bin_2_Bin_3_Bin_4_Bin_5
13,51654,13051654,0,13,-1,4,123,2,1,12,41,387,4847,2,10,23,47,3,14,31,63,599,5784,12433,27388,14955.0,0,27388,0,0,0,2932,0,111,9840,1061,0,0,0,1483,1758,4292,0,0,0,0,0,1036,1790,2698,160,38,0,10,0,36,98,0,0,0,0,0,0,0,0,0,0,0,0,36,0,0,0,0,0,0,0,0,9,0,0,0,0,0,0,0,0,0,0.0,0.0,0.0,10.71,0.0,0.41,35.93,3.87,0.0,0.0,0.0,5.41,6.42,15.67,0.0,0.0,0.0,0.0,0.0,3.78,6.54,9.85,0.58,0.14,0.0,0.04,0.0,0.13,0.36,0.0,0.0,0.0,0.0,0.0,0.0,0.0,0.0,0.0,0.0,0.0,0.0,0.13,0.0,0.0,0.0,0.0,0.0,0.0,0.0,0.0,0.03,0.0,0.0,0.0,0.0,0.0,0.0,0.0,0.0,0.0,99.31,0.69,27200,189,27388,3,2,1,1.0,Bin_4,,1.0,1.0,1.0,1.0,Bin_4,Bin_4,3.0,3,Bin_1,Bin_1_Bin_2_Bin_3_Bin_4,Bin_3,Bin_3,Bin_3,Bin_1_Bin_2_Bin_3_Bin_4,Bin_4,Bin_1_Bin_2_Bin_3_Bin_4_Bin_5
13,57217,13057217,0,13,-1,10,106,2,1,12,41,387,8593,4,12,26,57,10,25,50,108,6500,16597,29185,54121,24936.0,0,54121,0,0,875,8186,49,104,23185,742,0,6329,0,2306,2033,1976,0,0,0,0,0,2696,585,15,159,4785,0,0,0,0,0,0,0,0,0,0,0,0,0,0,0,0,0,26,0,0,0,0,0,0,71,0,0,0,0,0,0,0,0,0,0,0,0.0,0.0,1.62,15.13,0.09,0.19,42.84,1.37,0.0,11.69,0.0,4.26,3.76,3.65,0.0,0.0,0.0,0.0,0.0,4.98,1.08,0.03,0.29,8.84,0.0,0.0,0.0,0.0,0.0,0.0,0.0,0.0,0.0,0.0,0.0,0.0,0.0,0.0,0.0,0.0,0.0,0.05,0.0,0.0,0.0,0.0,0.0,0.0,0.13,0.0,0.0,0.0,0.0,0.0,0.0,0.0,0.0,0.0,0.0,0.0,99.82,0.18,54024,97,54121,3,2,1,1.0,Bin_4,,1.0,1.0,1.0,1.0,Bin_5,Bin_5_Bin_6_Bin_7_Bin_8,3.0,3,Bin_3,Bin_1_Bin_2_Bin_3_Bin_4,Bin_3,Bin_3,Bin_4,Bin_1_Bin_2_Bin_3_Bin_4,Bin_4,Bin_1_Bin_2_Bin_3_Bin_4_Bin_5
14,45618,14045618,0,14,-1,2,306,5,1,12,41,387,796,4,10,17,41,4,10,18,46,1545,2340,3052,7731,4679.0,7731,0,0,0,2,106,0,7,62,7,182,98,0,51,191,1920,0,1468,269,136,0,315,620,471,1168,568,0,13,0,10,0,0,11,0,0,0,0,0,0,0,0,0,0,55,0,0,0,0,0,0,0,0,2,0,0,0,0,0,0,0,0,0,0.0,0.0,0.03,1.37,0.0,0.09,0.8,0.09,2.35,1.27,0.0,0.66,2.47,24.84,0.0,18.99,3.48,1.76,0.0,4.07,8.02,6.09,15.11,7.35,0.0,0.17,0.0,0.13,0.0,0.0,0.14,0.0,0.0,0.0,0.0,0.0,0.0,0.0,0.0,0.0,0.0,0.71,0.0,0.0,0.0,0.0,0.0,0.0,0.0,0.0,0.03,0.0,0.0,0.0,0.0,0.0,0.0,0.0,0.0,0.0,98.82,1.18,7640,91,7731,2,1,1,1.0,Bin_5,,1.0,1.0,1.0,1.0,Bin_2,Bin_2,2.0,"1, 2",Bin_3,Bin_1_Bin_2_Bin_3_Bin_4,Bin_3,Bin_3,Bin_3,Bin_1_Bin_2_Bin_3_Bin_4,Bin_3,Bin_1_Bin_2_Bin_3_Bin_4_Bin_5
14,33002,14033002,0,14,-1,1,305,1,3,30,60,253,2445,6,15,20,37,8,19,26,49,7676,15260,20588,35879,15291.0,35879,0,35,0,1009,6245,402,539,1576,4591,388,2029,0,1976,6454,1141,0,1278,1834,405,0,472,250,569,1267,2371,0,92,0,0,19,118,0,0,0,0,33,0,0,0,0,483,0,0,0,0,0,4,174,0,71,0,0,0,0,0,0,8,0,37,8,0,0.1,0.0,2.81,17.41,1.12,1.5,4.39,12.8,1.08,5.66,0.0,5.51,17.99,3.18,0.0,3.56,5.11,1.13,0.0,1.32,0.7,1.59,3.53,6.61,0.0,0.26,0.0,0.0,0.05,0.33,0.0,0.0,0.0,0.0,0.09,0.0,0.0,0.0,0.0,1.35,0.0,0.0,0.0,0.0,0.0,0.01,0.48,0.0,0.2,0.0,0.0,0.0,0.0,0.0,0.0,0.02,0.0,0.1,0.02,0.0,97.08,2.92,34831,1048,35879,2,1,1,1.0,Bin_5,,1.0,1.0,1.0,1.0,Bin_3,Bin_3,2.0,"1, 2",Bin_4,Bin_1_Bin_2_Bin_3_Bin_4,Bin_4,Bin_4_Bin_5,Bin_3,Bin_1_Bin_2_Bin_3_Bin_4,Bin_3,Bin_1_Bin_2_Bin_3_Bin_4_Bin_5
15,42806,15042806,0,15,-1,2,80,1,1,10,20,418,7110,9,27,51,64,16,41,74,91,6079,14316,25735,29982,4247.0,29982,0,0,0,811,4157,435,2615,3017,1370,5186,2187,0,1604,2886,666,0,178,766,0,0,750,0,9,1133,297,35,49,0,684,0,0,4,0,0,0,0,0,0,0,0,0,0,0,0,0,0,0,0,0,4,0,1088,0,0,0,0,53,0,0,0,0,0.0,0.0,2.7,13.86,1.45,8.72,10.06,4.57,17.3,7.29,0.0,5.35,9.63,2.22,0.0,0.59,2.55,0.0,0.0,2.5,0.0,0.03,3.78,0.99,0.12,0.16,0.0,2.28,0.0,0.0,0.01,0.0,0.0,0.0,0.0,0.0,0.0,0.0,0.0,0.0,0.0,0.0,0.0,0.0,0.0,0.0,0.0,0.0,0.01,0.0,3.63,0.0,0.0,0.0,0.0,0.18,0.0,0.0,0.0,0.0,93.61,6.39,28065,1917,29982,2,1,1,1.0,Bin_7,,1.0,1.0,1.0,1.0,Bin_5,Bin_5_Bin_6_Bin_7_Bin_8,2.0,"1, 2",Bin_6,Bin_6,Bin_7,Bin_7,Bin_6,Bin_5_Bin_6,Bin_5,Bin_1_Bin_2_Bin_3_Bin_4_Bin_5
15,43372,15043372,0,15,-1,3,79,3,1,10,20,418,2347,9,16,62,106,10,19,91,157,1369,2518,16155,27765,11610.0,27765,0,0,0,35,8792,2,275,184,9,1252,3861,0,295,4465,909,242,0,15,454,0,37,416,1178,56,3643,223,32,0,0,0,483,0,0,0,0,0,0,0,28,0,541,0,8,0,0,0,0,76,0,32,0,2,0,0,0,75,127,0,10,0,7,0.0,0.0,0.13,31.67,0.01,0.99,0.66,0.03,4.51,13.91,0.0,1.06,16.08,3.27,0.87,0.0,0.05,1.64,0.0,0.13,1.5,4.24,0.2,13.12,0.8,0.12,0.0,0.0,0.0,1.74,0.0,0.0,0.0,0.0,0.0,0.0,0.0,0.1,0.0,1.95,0.0,0.03,0.0,0.0,0.0,0.0,0.27,0.0,0.12,0.0,0.01,0.0,0.0,0.0,0.27,0.46,0.0,0.04,0.0,0.03,94.08,5.92,26121,1644,27765,2,1,1,1.0,Bin_7,,1.0,1.0,1.0,1.0,Bin_3,Bin_3,2.0,"1, 2",Bin_6,Bin_6,Bin_4,Bin_4_Bin_5,Bin_7,Bin_7,Bin_7,Bin_7
15,43716,15043716,0,15,-1,3,78,1,1,10,20,418,6545,18,52,113,238,23,61,140,302,7793,21608,48469,78271,30246.0,78271,0,0,0,474,31363,0,281,218,13135,0,6764,0,1913,19935,1821,0,0,0,0,0,47,121,0,0,0,130,72,0,1084,0,668,0,0,0,0,0,0,0,0,0,0,0,124,0,0,0,124,0,0,0,0,0,0,0,0,0,0,0,0,0,0,0.0,0.0,0.61,40.07,0.0,0.36,0.28,16.78,0.0,8.64,0.0,2.44,25.47,2.33,0.0,0.0,0.0,0.0,0.0,0.06,0.15,0.0,0.0,0.0,0.17,0.09,0.0,1.38,0.0,0.85,0.0,0.0,0.0,0.0,0.0,0.0,0.0,0.0,0.0,0.0,0.0,0.16,0.0,0.0,0.0,0.16,0.0,0.0,0.0,0.0,0.0,0.0,0.0,0.0,0.0,0.0,0.0,0.0,0.0,0.0,97.19,2.81,76071,2201,78271,2,1,1,1.0,Bin_7,,1.0,1.0,1.0,1.0,Bin_5,Bin_5_Bin_6_Bin_7_Bin_8,2.0,"1, 2",Bin_9,Bin_9,Bin_9,Bin_9,Bin_10,Bin_10,Bin_10,Bin_10
15,40609,15040609,0,15,-1,3,87,1,1,14,43,479,6319,8,33,58,73,14,69,130,159,3116,19660,33987,38592,5355.0,38592,0,25,0,21,3929,51,5455,10136,9212,683,433,0,1797,2845,634,0,0,29,0,0,39,0,0,48,0,333,207,0,310,0,2405,0,0,0,0,0,0,0,0,0,0,0,0,0,0,0,0,0,0,0,0,0,0,0,0,0,0,0,0,0,0,0.06,0.0,0.05,10.18,0.13,14.14,26.26,23.87,1.77,1.12,0.0,4.66,7.37,1.64,0.0,0.0,0.08,0.0,0.0,0.1,0.0,0.0,0.12,0.0,0.86,0.54,0.0,0.8,0.0,6.23,0.0,0.0,0.0,0.0,0.0,0.0,0.0,0.0,0.0,0.0,0.0,0.0,0.0,0.0,0.0,0.0,0.0,0.0,0.0,0.0,0.0,0.0,0.0,0.0,0.0,0.0,0.0,0.0,0.0,0.0,91.57,8.43,35337,3255,38592,2,1,1,1.0,Bin_7,,1.0,1.0,1.0,1.0,Bin_5,Bin_5_Bin_6_Bin_7_Bin_8,2.0,"1, 2",Bin_5,Bin_5,Bin_8,Bin_8,Bin_7,Bin_7,Bin_5,Bin_1_Bin_2_Bin_3_Bin_4_Bin_5
15,38558,15038558,0,15,-1,2,95,1,1,13,42,469,3945,8,20,36,67,9,26,44,84,3938,7997,14267,21563,7296.0,21563,0,0,0,0,4284,0,1113,5177,36,4038,1472,0,0,4905,0,0,0,0,0,0,0,528,0,0,0,0,11,0,0,0,0,0,0,0,0,0,0,0,0,0,0,0,0,0,0,0,0,0,0,0,0,0,0,0,0,0,0,0,0,0,0,0.0,0.0,0.0,19.87,0.0,5.16,24.01,0.17,18.73,6.83,0.0,0.0,22.75,0.0,0.0,0.0,0.0,0.0,0.0,0.0,2.45,0.0,0.0,0.0,0.0,0.05,0.0,0.0,0.0,0.0,0.0,0.0,0.0,0.0,0.0,0.0,0.0,0.0,0.0,0.0,0.0,0.0,0.0,0.0,0.0,0.0,0.0,0.0,0.0,0.0,0.0,0.0,0.0,0.0,0.0,0.0,0.0,0.0,0.0,0.0,99.95,0.05,21552,11,21563,2,1,1,1.0,Bin_7,,1.0,1.0,1.0,1.0,Bin_4,Bin_4,2.0,"1, 2",Bin_5,Bin_5,Bin_5,Bin_4_Bin_5,Bin_5,Bin_5_Bin_6,Bin_5,Bin_1_Bin_2_Bin_3_Bin_4_Bin_5
15,38556,15038556,0,15,-1,3,95,1,1,10,20,418,13984,12,36,77,158,13,41,97,191,5147,14795,31167,60912,29979.0,60912,0,0,0,95,19305,476,1801,1855,9020,1629,3156,0,6780,14873,1028,0,75,571,0,0,0,0,0,0,130,0,0,0,83,0,0,0,0,0,0,0,0,0,0,0,0,0,0,0,0,0,0,0,0,34,0,0,0,0,0,0,0,0,0,0,0,0.0,0.0,0.16,31.69,0.78,2.96,3.05,14.81,2.67,5.18,0.0,11.13,24.42,1.69,0.0,0.12,0.94,0.0,0.0,0.0,0.0,0.0,0.0,0.21,0.0,0.0,0.0,0.14,0.0,0.0,0.0,0.0,0.0,0.0,0.0,0.0,0.0,0.0,0.0,0.0,0.0,0.0,0.0,0.0,0.0,0.0,0.0,0.0,0.06,0.0,0.0,0.0,0.0,0.0,0.0,0.0,0.0,0.0,0.0,0.0,99.81,0.19,60795,118,60912,2,1,1,1.0,Bin_7,,1.0,1.0,1.0,1.0,Bin_7,Bin_5_Bin_6_Bin_7_Bin_8,2.0,"1, 2",Bin_8,Bin_8,Bin_8,Bin_8,Bin_8,Bin_8,Bin_9,Bin_9
15,44888,15044888,0,15,-1,3,78,1,3,37,70,263,-2916,9,22,37,50,12,31,56,75,27816,68867,110963,141921,30958.0,141921,0,1323,0,2444,12467,2121,2607,9237,2225,7498,7466,0,9586,23760,9861,0,1340,235,10218,0,1057,2174,1442,11440,22689,0,46,0,0,0,0,19,0,0,0,0,0,0,0,33,0,398,0,0,0,12,0,7,0,96,0,58,0,0,0,0,63,0,0,0,0,0.93,0.0,1.72,8.78,1.49,1.84,6.51,1.57,5.28,5.26,0.0,6.75,16.74,6.95,0.0,0.94,0.17,7.2,0.0,0.74,1.53,1.02,8.06,15.99,0.0,0.03,0.0,0.0,0.0,0.0,0.01,0.0,0.0,0.0,0.0,0.0,0.0,0.0,0.02,0.0,0.28,0.0,0.0,0.0,0.01,0.0,0.0,0.0,0.07,0.0,0.04,0.0,0.0,0.0,0.0,0.04,0.0,0.0,0.0,0.0,99.48,0.52,141188,733,141921,2,1,1,1.0,Bin_7,,1.0,1.0,1.0,1.0,Bin_1,Bin_1,2.0,"1, 2",Bin_6,Bin_6,Bin_6,Bin_6,Bin_5,Bin_5_Bin_6,Bin_4,Bin_1_Bin_2_Bin_3_Bin_4_Bin_5
15,36251,15036251,0,15,-1,3,102,1,1,10,20,418,12752,21,62,137,265,29,83,180,346,16487,45035,98670,156872,58605.0,156872,0,0,0,1086,71071,55,244,947,23605,67,11088,0,3562,36794,2765,0,124,0,1476,0,127,0,0,130,45,86,63,0,492,0,1482,171,0,0,0,0,0,0,0,0,0,0,44,0,0,0,1349,0,0,0,0,0,0,0,0,0,0,0,0,0,0,0.0,0.0,0.69,45.31,0.04,0.16,0.6,15.05,0.04,7.07,0.0,2.27,23.45,1.76,0.0,0.08,0.0,0.94,0.0,0.08,0.0,0.0,0.08,0.03,0.05,0.04,0.0,0.31,0.0,0.94,0.11,0.0,0.0,0.0,0.0,0.0,0.0,0.0,0.0,0.0,0.0,0.03,0.0,0.0,0.0,0.86,0.0,0.0,0.0,0.0,0.0,0.0,0.0,0.0,0.0,0.0,0.0,0.0,0.0,0.0,97.65,2.35,153185,3687,156872,2,1,1,1.0,Bin_7,,1.0,1.0,1.0,1.0,Bin_7,Bin_5_Bin_6_Bin_7_Bin_8,2.0,"1, 2",Bin_10,Bin_10,Bin_10,Bin_10,Bin_10,Bin_10,Bin_10,Bin_10
15,38843,15038843,0,15,-1,2,93,1,1,11,40,453,9295,5,12,26,54,6,13,28,63,9441,24106,48019,92251,44233.0,91275,977,0,0,770,26290,78,673,37141,0,2512,937,0,610,3287,9508,0,0,0,212,0,343,121,13,4833,4210,0,0,0,0,0,0,0,0,0,0,0,0,0,0,0,0,0,110,0,0,0,0,26,0,15,0,561,0,0,0,0,0,0,0,0,0,0.0,0.0,0.83,28.5,0.08,0.73,40.26,0.0,2.72,1.02,0.0,0.66,3.56,10.31,0.0,0.0,0.0,0.23,0.0,0.37,0.13,0.01,5.24,4.56,0.0,0.0,0.0,0.0,0.0,0.0,0.0,0.0,0.0,0.0,0.0,0.0,0.0,0.0,0.0,0.0,0.0,0.12,0.0,0.0,0.0,0.0,0.03,0.0,0.02,0.0,0.61,0.0,0.0,0.0,0.0,0.0,0.0,0.0,0.0,0.0,99.23,0.77,91538,713,92251,2,1,1,,,,,,,,Bin_6,Bin_5_Bin_6_Bin_7_Bin_8,,,,,,,,,,
